timestamp, expertId, caseId, taskKey, bdi, annotation, img_score1, img_score2, pred_score1, pred_score2, gt_score1, gt_score2,img_gc,pred_gc,gt_gc
2025. 12. 1 오전 12:23:36,6,201046050,Task2,1,"Calot’s triangle이 노출되고 cystic artery가 클립 결찰되고 있는 모습이다. 담낭 하부의 1/3이 박리되지 않아 CVS는 확보되지 않았으며, 위험성을 낮추기 위해 담낭의 박리를 시행하는 것이 좋다. BDI risk는 매우 낮다.",2,2,4,3,4,4,,,
2025. 11. 12 오후 3:18:16,1,168021925,Task2,1,현재 grasper를 이용하여 gallbladder의 neck을 잡고 환자의 right lateral side로 traction하여 hepatocystic triangle을 hooked bovie를 이용하여 정리 중인 상황이다. Cystic artery로 추정되는 관상 구조물의 경우 Right hepatic artery의 가능성도 아직은 배제할 수 없어 Gallbladder side로 좀 더 박리하여 critical view of safety 를 확보해야 한다. 현재 inflammation이나 adhesion이 심하지 않고 cystic duct가 명확히 확인되고 있어 bile duct injury의 가능성이 낮을 것으로 생각되나 완벽한 CVS를 확보할 때까지는 배제할 수 없다. ,4,3,3,3,4,4,,,
2025. 11. 12 오후 3:39:32,1,168021925,Task3,,"Gallbladder를 medial 및 lateral side로 적절히 traction 해가면서 앞 뒤로 fibrofatty tissue들을 추가적인 박리가 필요하다. 현재 cystic artery로 추정되는 관상 구조물의 경우 right hepatic artery의 가능성을 배제할 수 없어skeletonization 하여 주행을 완벽히 확인해야 하며 common gallbladder의 하부도 liver bed로 부터 박리하여 critical view of safety를 확보한 뒤 안전하게 cystic duct와 cystic artery를 clipping 등을 이용하여 ligation 한다. 이 과정에서 bile duct의 thermal injury를 최소화하기 위해  low-power, tip-visible cautery 를 사용하여 박리할 수 있도록 한다. 현재 inflammation 이나 adhesion이 심해 보이지 않으며 gallbladder가 liver bed에 packing 되어 있는 형태도 아닌 것으로 보여 비교적 수월하게 복강경적으로 술기가 완료될 것으로 보이나 수술 과정에서 여전히 해부학적 구조가 불명확하면 bailout procedure를 사용하여 안전하게 cholecystectomy를 완료할 수 있도록 해야한다. ",5,4,4,4,4,4,4,4,5
2025. 11. 17 오후 2:12:57,4,16208075,Task1,,담낭은 inflammation change되어 있는 상태로 담낭벽이 두꺼워져 있음. 담낭의 경부 또는 총담관으로 추정되는 부분이 일부 박리되고 있고 calot triangle은 기구에 가려져 명확하게 보이지 않음. 담즙 유출소견은 관찰되지 않으며 담낭 체부는 간침상에 부착되어있는 상태,3,4,4,4,2,2,,,
2025. 11. 30 오후 9:07:17,8,201046050,Task3,,"간담낭삼각을 완전히 분리하기 위해 적절한 견인과 박리를 통해 담낭 하부를 간표면으로 부터 충분히 분리하도록 한다. 이후에 확인된 두 개의 관상구조물이 담낭과 연결된 유일한 관임을 확인하여 CVS를 확보한다. 이 단계를 거친 후에 담낭동맥과 담낭관을 클립, 절단한다면 BDI risk가 낮은 복강경 담낭 절제술을 시행할 수 있다.",3,3,4,4,3,3,3,3,4
2025. 11. 28 오후 9:03:08,7,201046050,Task3,,"담낭 하부가 liver bed에서 박리되어 있는 것을 확인하여 CVS를 완성한 후 cystic artery와 duct를 순서대로 클립 및 절단한다. 담낭에 가까이 박리를 진행하며 절저한 지혈을 시행한다.  이 때 담낭벽 자체에 염증이 경미하게 있어 담낭천공이나 출혈, 담즙 누출에 주의한다. BDI risk는 매우 낮을 것으로 판단되고, 안전한 복강경 담낭절제술이 시행될 것으로 기대된다. ",3,3,3,4,5,4,3,4,5
2025. 12. 1 오전 12:27:41,6,201046050,Task3,,liver bed에서 담낭 하부를 박리하여 CVS를 달성하면 합병증 위험성이 매우 낮아질 것이다. 현재 상황에서도 cystic duct와 cystic artery가 명확하고 calot's triangle이 명확하게 확인되어 BDI risk는 매우 낮다. 각 구조물을 순서대로 클립 및 절단 후 담낭을 분리하면 안전하게 복강경 담낭절제술을 완료할 수 있다.,3,2,3,3,3,3,2,3,4
2025. 11. 30 오후 11:41:11,10,201034800,Task1,,두개의 관상구조물은 확인되나 후방박리가 불완전하다. 담낭에 염증이 보이며 출혈소견도 함께 보이고 있다. 염증으로 인한 담낭과 간 사이 유착도 있어보인다.,2,3,3,3,3,3,,,
2025. 11. 30 오후 11:40:03,10,201034800,Task2,3,Cystic duct 주위 조직의 박리가 불완전하다. Cystic artery는 구분된다. 담낭하부 1/3까지의 박리가 진행된다면 BDI risk가 낮을 수 있다. ,3,3,3,4,5,4,,,
2025. 11. 28 오후 5:43:04,3,16208075,Task1,,담낭과 Calot's region 전반에 경미한 충혈과 미세한 삼출 소견이 보이고 있어 염증성 변화를 시사하고 있다.  담낭경부가 견인되어 있는상태로 간담낭삼각은 부분적으로만 박리되어 있으며 담낭담관으로 추정되는 구조물이 박리되고 있으나 골격화가 되지 않아 명확히 구분되지 않는다. 하부 담낭은 간침상에 부착된 상태이며  담즙 유출이나 육안적 이상소견은 보이지 않는다. ,4,4,4,3,2,3,,,
2025. 11. 28 오후 5:45:10,3,16208075,Task2,4,이 장면은 Calot 삼각부 박리의 초기-중기 단계를 나타낸다. 담낭의 infundibulum이 외측으로 견인된 상태에서 전방 복막을 박리하고 있으며 아직 CVS는 확보되지 않은 상태이다. 현재 Calot's triangle내 구조물이 명확히 구분되지 않은 상태로 BDI risk는 높은 상태이다. 안전한 수술 진행을 위해 담낭 주변에서 후방 복막을 포함하여 추가적인 박리를 통해 담낭 동맥과 담낭담관 구조물의 골격화가 추가로 진행되어야 한다. ,4,3,5,4,5,5,,,
2025. 11. 28 오후 5:46:37,3,16208075,Task3,,담낭 측에서 전/후방 복막을 주의 깊게 박리하여 담낭담관과 담낭동맥을 골격화 한다. 클립 적용 전 담낭 하부 1/3을 간에서 박리하여 CVS를 확보한 뒤 클립/절단을 시행한다. 박리과정에서 담낭 견인을 유지하여 담도의 열손상/내측 손상을 최소화 할 수 있게 주의한다. 수술은 합병증 위험이 낮고 최소한의 출혈로 합병증 없이 복강경적 수술로 완료될 것으로 예상된다. ,4,4,4,5,4,3,4,4,4
2025. 11. 30 오후 4:58:33,2,201034800,Task3,,GB 후방에서 cystic plate 를 좀더 박리하여 tubular structure 의 characteristics를 확실히 하여 cystic duct 와 artery 를 정확히 구분한 후 골격화를 진행한다 artery 를 ligation 할때 RHA 가 아닌지 다시한번 확인할 필요가 있으며 ligation 후 cystic duct 를 결찰하는데 결찰 시 bile duct 와의 위치를 반드시 확인하여 수술을 진행한다,3,3,3,3,3,3,3,3,3
2025. 11. 30 오후 4:48:48,2,200014125,Task2,3,calot triangle 중간단계 박리과정이나 inflammation 이 다소 있는 상태로 tubular structure 의 구분이 완전히 되지 않아 CVS 확보되지 않은 상태 GB bed 에 붙여 좀더 박리를 진행하여 cystic plate 의 구분을 확실히 해야한다,3,3,3,3,3,3,,,
2025. 11. 26 오전 11:36:30,4,200014125,Task3,,"calot triangle의 전면 후면을 추가 박리하고, 출혈을 최소화 한다
담낭 하부를 견인하여 더 박리한 다음 담낭 동맥과 담낭관을 확보한다.
염증 및 유착이 심하여 구조물이 보이지 않으면 bile out 전략",3,2,4,4,4,4,2,3,5
2025. 11. 30 오후 4:50:26,2,200014125,Task3,,GB 후방을 박리하여 tubular structure 가 각각 무엇인지를 확인하는게 우선 dissection 을 좀더 진행하여 두개의 structure 의 골격화를 각각 더 진행해야 CVS 가 확보될 것으로 보인다 그 후 각각을 ligation 해야 수술을 안전하게 진행할수 있다,3,2,3,3,4,4,3,3,3
2025. 11. 27 오후 8:05:50,6,163049175,Task1,,"GB의 infundibulum 과 body의 조직은 hyperemic, edematous하여 mild-to-moderate inflammatory change 를 보인다. cystic duct가 거의 완전히 박리되어 명확히 확인되며, 담즙 누출을 없다. 간 표면은 정상으로 보인다. ",4,2,3,3,4,4,,,
2025. 11. 27 오후 9:43:22,6,163049175,Task2,3,"본 증례는 Calot's triangle 박리 단계이며, cystic duct를 거의 다 박리한 상태이다. CVS 가 충족되지 않았으며, 그를 위해서는 지방조직을 더 정리하여 cystic artery를 확인하고, 일부 GB bed 의 박리도 필요하다. 현 시점에서는 BDI가 중등도이며, ligation 을 결정하기에는 구조물 확인이 완벽하다고 할 수 없다. ",5,3,3,3,4,4,,,
2025. 11. 28 오후 9:31:24,3,16907925,Task1,,Calot's triangle이 부분적으로 박리되어 있는 상태이다. 담낭 및 주변 조직의 충혈과 염증 소견이 동반되고 있으며 담낭담관으로 추적되는 구조물이 노출되었으나 정확한 구조를 확인하기 어려우며 삼출성 출혈이 동반되어 있고 담즙누출을 보이지 않는다. ,4,4,3,3,4,4,,,
2025. 11. 23 오후 8:12:23,4,165023650,Task2,1,"calot triangle dissection 과정중, 비교적 깨끗한 뷰가 보인다.
cystic duct가 ligation 할 수 있도록 encircling 되어있고 명확하지 않지만 cystic artery의 위치도 유추할 수 있다.
BDI risk는 매우 낮다",2,2,2,2,4,3,,,
2025. 11. 30 오후 8:53:13,8,199028500,Task1,,"간담낭삼각이 부분적으로 잘 분리되었고, 염증조직이나 출혈이 심하지 않은 상태로 담즙누출 또한 없다. 담낭관으로 보이는 관상구조물이 골격화 되어있고, 현재 담낭동맥으로 추정되는 관상구조물에 클립 적용이 시도되고 있다. 간표면에 특이 이상소견은 없어보이며 담낭 하부는 간표면에서 완전히 분리되지 않은 상태이다.",2,3,4,3,4,4,,,
2025. 11. 28 오후 8:49:40,7,199028500,Task1,,"calot's triangle의 정리가 잘 이루어져 있고, cystic duct와 artery의 skeletonization이 명확히 이루어졌다. 담낭은 염증 소견이 없으며 담즙 누출이나 유착 및 출혈은 관찰되지 않는다. cystic artery를 clipping하는 과정이며 담낭 하부가 부분적으로 박리 되었다. ",1,2,4,4,4,5,,,
2025. 11. 24 오전 8:26:49,4,165024400,Task2,1,수술은 Calot의 박리 단계로 일부 노출되어 구조물들이 비교적 명확히 보인다. 부분적으로 CVS가 보이며 cystic duct를 clipping 하려 하고 있다. cystic duct 를 자른 후 담낭을 더 견인하면 cystic artery를 확보할 수 있을 것으로 보이며 안전하게 진행될 것으로 보인다.,3,3,2,3,3,4,,,
2025. 11. 24 오전 8:30:12,4,165024400,Task3,,"cystic duct 가 비교적 명확히 보이는 상태로 clipping 시행 후 cystic artery 가 더 잘 보일것
만약 지금 cystic duct를 clipping 하지않는다면 calot triangle을 더박리한 다음 CVS를 확보해도되지만, 지금도 충분해보임",4,4,2,3,2,2,4,3,3
2025. 11. 24 오후 12:31:11,4,167017950,Task2,2,"calot triangle이 박리중으로 보이나 아직 CVS 가 확보되지 않았다. BDI를 최소화 하기 위해선, 추가적인 지혈과 박리가 필요하다. 담낭 경부쪽으로 추가적인 박리 후 clipping을 시도한다.",4,3,4,4,4,3,,,
2025. 11. 24 오후 12:31:12,4,167017950,Task1,,"담낭의 중등도의 염증성 변화가 있으며 calot triangle의 부분적 박리가 보인다.
cystic duct와 cystic artery는 명확하게 보이지 않으나 담즙누출소견은 보이지 않는다. 담낭 목 부분의 추가적인 박리가 더 필요하다",4,4,3,3,3,2,,,
2025. 11. 24 오후 12:36:13,4,167017950,Task3,,"담낭 경부를 더 견인하여 calot triangle의 anterior, posterior view를 만든다.
CVS 가 확보된 이후 artery와 duct를 ligation tlgodgksek.
담도 손상을 예방하기 위해선 지혈을 유지하면서 view를 확보하고, 담낭쪽으로 박리 및 견인한다.",3,3,3,2,4,4,3,3,3
2025. 11. 25 오후 6:04:47,4,168027925,Task1,,"calot triangle이 잘 노출되어있고 cystic artery, duct가 잘 보임
수술자는. cystic artery 에 clipping 중임
비교적 담낭에 염증은 거의 없고 유착도 없다.
담낭에는 기구로 담낭을 잡았던 흔적이 남아있고 아직 담낭 기저부가 간표면에 붙어있다.",1,2,1,1,5,5,,,
2025. 11. 25 오후 6:08:58,4,168027925,Task2,1,"cystic artery 클립 전단계
담낭관과 담낭 동맥이 명확하게 보임
담낭 동맥 ligation 시행 후 담낭 하부 1/3 을 더 박리하여 담낭관을 Ligation 하여 BDI risk 감소",2,2,2,2,5,5,,,
2025. 11. 25 오후 6:11:12,4,168027925,Task3,,"calot triangle의 전방 및 후방이 명확히 확보되어있어 더이상의 과도한 박리는 필요치 않아보인다.
클립과 헤모락으로 절단 후 완료",3,2,2,2,5,5,2,1,5
2025. 11. 25 오후 6:19:50,4,169011675,Task1,,"calot triangle은 부분적으로 노출되어있고, 경미한 염증 및 출혈이 보인다.
수술자는 담낭 동맥으로 보이는 구조물에 클리핑을 시도하고 있다.
담낭관은 부분적으로 노출되어있지만 명확하지 않은상태이다.",2,2,2,2,4,4,,,
2025. 11. 30 오후 8:56:34,8,199028500,Task2,2,"이 프레임은 간담낭삼각이 어느 정도 분리되어있고, 염증이나 출혈이 경미한 상태로 비교적 clear하다. 담낭관은 골격화되어 분리되어있고, 담낭동맥으로 보이는 관상구조물에 클립 적용이 시도되고 있다. CVS가 완전히 도달되지는 않았으므로, 담낭 하부를 충분히 간 표면으로부터 박리하고 두 개의 관상구조물을 확실하게 골격화한다.",2,3,3,3,4,4,,,
2025. 11. 25 오후 6:30:11,4,169011675,Task3,,"클립결찰을 중단
담낭관을 더 박리하여 담낭관을 명확히 한 다음 먼저 자른다.
담낭을 더 견인하여 담낭 동맥으로 추정되는 구조물이 담낭으로 이어지는지, 간으로 들어가는지 확인할 필요가 있다.
담낭으로 이어지는 담낭 동맥이 확인되면 결찰 ",2,2,4,4,2,2,2,3,3
2025. 11. 25 오후 8:41:58,4,170054800,Task1,,"담낭 경부에는 염증소견이 관찰되고 calot triangle 전면부가 일부 박리되어있다.
박리되는 과정에서 생긴 출혈을 바이폴라로 지혈중
cystic duct 및 artery는 명확히 보이지 않는다.",4,4,3,2,4,3,,,
2025. 11. 28 오후 8:51:27,7,199028500,Task2,1,"상당부분 정리된 calot's triangle에서 cystic artery를 clipping나는 단계를 보여주며, cystic duct와 artery는 명확하게 확인된다. 담낭 하부 일부도 분리되어 CVS를 충족시키고 CVS가 달성된 상태로 판단되며, BDI risk는 매우 낮다. ",2,2,3,3,4,4,,,
2025. 11. 25 오후 8:49:45,4,170054800,Task3,,"bipolar로 핀포인트 지혈을 하여 필드를 깨끗하게
담낭을 견인하여 최대한 담낭쪽으로 붙여 박리하여calot triangle을 확보한다.
cystic artery가 명확히 보이지 않을 시에는 cystic duct를 먼저 ligation 시행하여 담낭을 movable 하게 만든다.
담관 내측으로 박리 시 현재 구조물이 확인되지 않기때문에 bile duct injury 가능성이 커진다.",3,3,3,2,3,3,3,2,4
2025. 11. 25 오후 8:56:38,4,170057800,Task1,,"염증성 당남이 담낭 경부쪽으로 섬유지방성 유착이 보인다.
그라스퍼로 담낭 경부쪽을 위로 견인하고 있으나 유착으로 인해 들리지 않아보인다.
담낭관과 담낭동맥은 보이지 않는 상태로, 수술자는 담낭 경부 하방에서 박리 중이다.",4,3,4,4,2,3,,,
2025. 11. 25 오후 9:01:55,4,170057800,Task2,4,"calot triangle 박리 도중 후방 view를 보기위해 박리중
유착으로 인해 견인이 쉽지 않은 상태로 cystic duct와 artery의 구조물이 명확히 보이지 않는다.
당낭쪽으로 더 박리하여 추가적인 구조물 확인 후 ligation 하여야한다.
염증 및 유착 소견으로 BDI risk는 높은편이다.",3,3,4,3,2,3,,,
2025. 11. 28 오후 8:54:31,7,199028500,Task3,,"cystic artery와 duct의 완전한 skeletonization이 된 것으로 보이며, 담낭 하부도 일부 박리되어 있어 CVS를 만족한다. cystic artery와 duct를 각각 결찰 및 절단한 뒤 역행성 담낭절제술을 완료한다. 해부학적 구조가 명확하고 염증이 경미하므로 시술은 복강경으로 완료될 것이며 BDI rksk는 매우 낮고 출혈 가능성도 적다. ",3,3,4,5,4,5,2,4,4
2025. 11. 26 오전 12:28:00,5,16208075,Task1,,"담낭의 cystic duct 쪽 구조물이 traction 되고 있으며 이 사이를 박리하고 있다. 담낭은 군데군데 충혈된 소견이 있지만 염증이 심해보이지는 않으며, 안쪽으로 bile duct 구조물이 보여 이를 염두에 두고 수술 진행을 하고 있다. cystic duct 를 dissection 하여 곧 ligation 할 예정이며, 나머지 담낭벽은 간에 아직 붙어 있는 상태이다. ",3,3,2,3,3,3,,,
2025. 11. 26 오전 12:31:26,5,16208075,Task2,2,"GB 의 infundiblum 을 traction 하면서 cystic duct 를 박리하는 과정이며, 현재 보비의 tip 이 보이지 않지만 이를 견인하며 ligation 한다면 크게 위험은 없을 것으로 판단된다. cystic duct 를 박리하는 과정에서 안쪽에 common bile duct 가 확인되는 것으로 보여, 이 부분에 유의하고, clip 을 이용하여 ligation 할 때 CBD에 너무 가깝게 붙이지 않는다면 BDI 위험은 줄어들 것으로 보인다.",3,4,4,4,4,4,,,
2025. 11. 26 오전 12:33:39,5,16208075,Task3,,"담낭의 cystic duct 부분을 clip 으로 잡아 ligation 하고 자르게 되면 안쪽의 시야가 확보되어 안전하게 수술 진행이 가능할 것이다. 따라서 먼저 앞에 보이는 구조물을 정리한 후 앞으로 나아간다면 합병증을 줄일 수 있으며 위험도를 낮출 수 있을 것이다. 구조물들을 cystic duct, cystic artery 차례로 정리한 뒤 담낭 벽과 간 사이를 박리하면 최종적으로 안전하게 수술을 마무리 할 수 있을것으로 예상된다.",3,3,4,3,2,2,3,3,3
2025. 11. 26 오전 11:27:57,4,200014125,Task1,,"담낭의 섬유화와 중등도의 염증이 있어 보임
간담낭 삼각을 박리 시에 출혈 소견이 있으며 edematous 한 조직으로 인해 구조물들이 명확히 보이지 않는다.
cystic duct 로 추정되는 구조물이 보이나 추가적인 박리가 필요함
담즙 누출을 보이지 않음",3,4,3,3,4,4,,,
2025. 11. 26 오전 11:30:14,4,200014125,Task2,4,"calot triangle의 박리단계에 있으며 염증성 변화와 섬유화 정도 가 심해 구조물이 명확히 보이지 않는다.
조직은 출혈 및 삼출이 있으며 하부 담낭이 명확히 보이지 않고 cystic duct, artery가 명확히 보이지 않기 때문에
클립이나 절단 전 추가적인 박리가 더 필요하다
염증 소견으로 인해 정상적인 구조물 파악이 어려워, bdi risk가 높은편
",4,4,4,2,4,4,,,
2025. 11. 30 오후 11:26:08,6,199028500,Task3,,cystic artery를 확인하고 담낭 하부의 분리가 이뤄지면 CVS 를 충족하여 합병증 발생 위험성이 현저히 낮아질 것이다. 그 후 주요 구조물의 클립 및 절단이 이뤄지면 안전한 복강경 담낭절제술을 시행할 수 있다. ,3,3,4,4,4,4,3,4,3
2025. 11. 27 오전 12:19:00,7,16401950,Task1,,"Calot's triangle의 cystic duct와 cystic artery는 잘 박리가 되어있으며, common bile duct는 관찰되지 않지만 injury는 발생하지 않은 것으로 판단된다. 주변을 감싸고 있는 soft tissue에 경미한 염증이 있는 것으로 보인다. 이로 인한 oozing이 관찰되나 명확한 bleeding은 없는 것으로 보인다. calot's triangle 박리 후 gallbladder의 infundibulum 일부가 노출되어 있으며 담즙의 누출 또는 주변 구조물의 손상은 관찰되지 않는다.",4,3,4,3,5,4,,,
2025. 11. 27 오전 12:21:33,5,163049175,Task1,,"GB 의 body 의 염증은 명확히 구분되지 않는다. grasper 로 infundibulum 을 잡고 있으며, cystic duct 의 구조물은 거의 박리되어 보인다. 간 쪽으로 cystic artery 로 추정되는 관상 구조물이 있으며, GB bed 는 아직 간 표면에 부착되어 있고, 간의 모양은 정상으로 보인다.",2,3,2,2,3,4,,,
2025. 11. 27 오전 12:27:44,5,163049175,Task2,2,"Calot's triangle 이 대부분 박리 되었으며 cystic duct 와 cystic artery 의 구조물이 보이고 있다. GB bed 가 아직 간 표면에 붙어 있어, cystic duct와 artery 의 구조물이 보임에도 불구하고 CVS 는 아직 달성되지 않았다. 훅 보비로 duct 주변 조직을 조금 더 clearing 하여 duct 를 ligation 하게 되면 BDI 의 가능성은 낮을 것으로 보인다. ",2,2,4,4,2,2,,,
2025. 11. 27 오전 12:28:22,7,16401950,Task2,2,이는 calot's triangle을 박리하는 과정으로 박리된 soft tissue에 mild한 inflammation 소견이 의심되나 cystic duct와 cystic artery는 완전히 노출되어 있다. common bile duct는 명확히 확인할 수 없으나 Critical viw of safety가 거의 완료된 상태로 common bile duct injury 가능성은 높지 않다. 지혈이 필요할 만한 출혈은 확인되지 않는다. ,2,2,3,2,4,3,,,
2025. 11. 27 오전 12:30:37,5,163049175,Task3,,"cystic duct 와 cystic artery 가 대부분 노출된 상태이기 때문에 cystic duct  주변의 조직을 좀 더 정리한 뒤 cystic duct 를 먼저 clip 으로 ligation 하게 되면 그 뒤에 있는 구조물들이 노출되어 구분하기 쉬울 것이다. 그 뒤쪽에 있는 cystic artery (anterior, posterior 둘 다 있는 경우도 있음) 를 마찬가지로 ligation 한 후 GB 를 간 표면에서 떼내게 되면 복강경적 담낭절제술이 안전하게 마무리될 수 있을 것이다.",2,1,3,4,2,3,3,4,3
2025. 11. 27 오전 12:32:56,5,163055175,Task1,,"현재 담낭과 간이 연결되어 있는 복막은 일부 정리된 상태이며, cystic duct 구조물이 노출되어 있다. cystic artery 는 아직 보이지 않으나, 그림과 같이 cystic duct를 clip 으로 정리하고 나면 두이ㅔ 보일 것이다. 간 표면은 정상이고, GB의 염증 정도는 명확하지 않으나 distension 이 심하지 않고 wall thickening 이 없는 것으로 보아 염증은 심하지 않을 것으로 보인다.",1,1,2,2,2,3,,,
2025. 11. 27 오전 12:35:00,5,163055175,Task2,4,"현재 cystic duct 를 clipping 하는 과정으로, duct 가 GB 로 들어가는 것이 확인 되기 때문에 CBD 의 BDI  위험성은 낮을 것으로 보인다. 다만 clipping 하는 뒤쪽의 구조물이 잘 보이지 않는 상태이기 때문에 확인 후 ligation 하는 것이 중요하다. 좀 더 주변 조직을 정리한 후 추가로 cystic artery 를 정리하는 것이 좋다.",1,1,1,1,3,4,,,
2025. 11. 28 오후 8:36:36,7,199027000,Task1,,"hepatocystic triangle은 hook으로 경미한 염증을 보이는 soft tissue를 박리하여 부분적으로 정리되어 있다. 유착, 담즙누출, 출혈은 보이지 않는다. cystic duct가 가장 아래쪽에 위치하고 있으며 그 위로는 cystic artery가 있다. hook의 tip 주변으로 artery variation의 가능성이 있는 구조물이 확인된다.",2,3,3,3,4,4,,,
2025. 11. 28 오후 8:37:32,7,199027000,Task2,1,"hook을 이용한 calot's triangle 박리 과정으로, 복막구조물은 상당부분 정리가 되었으며, cystic duct는 부분적으로 노출되었다. hook의 tip주변으로 artery variation으로 의심되는 구조물이 관찰되어 담낭하부 박리 시 주의할 필요가 있다. 완전한 CVS 달성 및 cystic artery의 더 나은 skeletonization을 위해 주변의 soft tissue 정리가 추가적으로 더 필요하다. 염증이 경미하여 CVS 확보에 어려움은 없을 것으로 판단된다. ",3,2,4,4,4,3,,,
2025. 11. 27 오전 12:40:00,5,16402700,Task1,,"cystic duct와 cystic artery 로 추정되는 관상구조물이 노출되어 있다. GB는 neck 쪽이 traction 되고 있으며 그 공간을 통하여 관상구조물을 clearing 한 상태이다. GB bed 가 일부 박리된 상태이며, cyst duct와 artery 가 기시하는 부위가 확인되고 있다. 일부 출혈이 있었던 것으로 보이나 현재 active bleeding 은 없어 보인다. GB의 벽이 붓거나 두꺼워지지 않은 것으로 보아 염증은 심하지 않은 것으로 보인다.",4,4,4,4,4,4,,,
2025. 11. 27 오후 3:16:56,4,198037950,Task1,,"담낭에는 경미한 염증 소견이 관찰됌
cystic duct는 박리가 잘되어 명확히 보임
간담낭 삼각이 부분적으로 노출되어 있고 일부 출혈소견이 보이나 잘 지혈된 것으로 비임
담낭 동맥은 명확히 보이지 않음",2,2,4,4,3,3,,,
2025. 11. 30 오후 4:00:48,3,198037950,Task1,,담낭은 경미한 염증 소견을 동반하고 있으며 담낭경부와 담낭담관이 골격화 되어 있다. 클립 장치가 박리된 calot's triangle에 위치하고 있으나 target하는 구조물은 시야에 가려 보이지 않는다. 담낭하부는 부분적으로 liver bed에서 분리되어 있으며 담즙 누출 없는 약간의 삼출성 출혈 소견이 보인다. ,3,3,4,4,3,4,,,
2025. 11. 30 오후 10:01:58,5,198037950,Task3,,"현재 cystic duct 가 명확하게 보이고 있으나, CVS 달성하여 좀 더 안전하게 수술하기 위해서는 fundus 를 부분적으로 박리하는 것이 필요하다. CVS 를 달성하고 나서는 cystic duct 와 cystic artery 를 차례대로 clipping 하고 절제한 후 GB bed 박리를 하면 안전한 복강경 담낭절제술이 완성된다. ",3,3,4,4,5,5,4,4,4
2025. 11. 27 오전 1:05:42,7,16402700,Task2,1,"Calot's triangle의 박리가 CVS에 근접한 상태이다. cystic duct와 cystic artery가 충분히 노출되어 있으며 담낭의 하부는 간 기저부에서 일부 박리되어 있다.  지혈이 꼭 필요할 정도의 출혈은 보이지 않는다. cystic plate를 조금 더 박리한 후에 cystic duct와 artery를 결찰하는 것이 더 확실할 수 있으나, 현재 상태에서 결찰해도 문제 없는 상태로 판단된다. ",4,4,5,5,3,3,,,
2025. 11. 30 오후 8:41:47,8,198034950,Task1,,"Calot 삼각은 부분적으로 박리 되었고 약간의 oozing이 있으나 담즙 누출은 없다. 담낭관이 부분적으로 박리되었고 어느정도 골격화 되어 식별이 가능한 상태다. 담낭동맥은 명확히 확인되지 않는 상태이며, 담낭 하부는 간 표면으로부터 충분히 박리되지 않았다.",2,3,4,3,4,4,,,
2025. 11. 30 오후 11:55:05,6,198034950,Task1,,Calot’s triangle은 부분적으로 박리되어 확인되며 cystic duct는 골격화되어 명확히 보인다. 담낭 하부와 간의 일부 분리가 되어 있으며 cystic artery는 명확하지 않다. 그 외 부종이나 염증 소견은 없다. ,2,3,4,3,4,4,,,
2025. 11. 30 오후 8:44:09,8,198034950,Task2,3,"이 프레임은 간담낭삼각이 박리되는 과정에 있으며, 담낭관이 어느 정도 분리되어 골격화되어있다. 아직 충분하지 않은 박리와 소량의 oozing으로 인해 담낭동맥은 식별이 어려운 상태이다. CVS 도달을 위해 담낭 하부를 간표면으로부터 충분히 박리하여 분리해야 하며 그 전까지는 어떠한 구조물도 클립이나 절단을 시행해서는 안된다. 현재 BDI risk는 중등도이며, 이를 낮추기 위해 세심한 박리가 지속되어야 한다. ",2,3,4,4,4,4,,,
2025. 11. 30 오후 11:57:11,6,198034950,Task2,1,Calot dissection 단계로 cystic duct가 명확히 확인되는 모습이다. 그 외 cystic artery는 명확하게 보이지 않아 담낭 측에서의 추가 박리를 통해 확인이 필요하다. 담낭 하부에서의 일부 박리가 진행되어 있어 CVS는 충족되지 않았으나 BDI risk는 매우 낮다.,2,2,4,4,3,3,,,
2025. 11. 30 오후 11:59:29,6,198034950,Task3,,"내측 및 외측 복막 박리를 통해 cystic artery를 확인 및 박리하고, 담낭 하부의 박리를 진행하여 CVS를 확보해야한다. CVS 가 달성되면 복강경 담낭절제술은 큰 위험없이 완료될 것으로 예상된다. ",3,2,3,4,3,3,2,4,3
2025. 11. 30 오후 9:36:11,5,197062475,Task1,,"간 표면을 따라 omentum 의 유착 소견이 보이고 있다. GB infundibulum 이 당겨지고 있으며 근처 GB neck 으로 들어가는 cystic duct 로 추정되는 관상 구조물이 보인다. 좀 더 liver 쪽으로 가깝게는 cystic artery 로 생각되는 구조물이 clipping 되기 직전 상태이다. 유착 박리로 인한 출혈이 있었던 것으로 생각되며, GB의 염증 소견은 명확하게 구분되지 않고, 진행되는 출혈이나 담즙 누출의 소견은 현재로서는 보이지 않는다.",2,2,4,3,4,4,,,
2025. 11. 30 오후 11:48:50,6,197062475,Task2,4, Calot의 삼각 박리 과정을 보여주며 cystic duct와 artery의 구조가 확인되기는 하나 골격화되지 않아 명확하지 않은 상태이다. cystic artery를 클립 결찰하는 상태이며 담낭 하부가 간에서 분리되지 않아 CVS가 완성되지 않았다. 전반적인 염증과 구조물의 구분이 어려운 상태로 BDI risk는 높다.,2,2,3,3,4,5,,,
2025. 11. 27 오후 12:59:59,7,168024925,Task1,,"담낭경부와 calot's triangle에 염증이나 유착 소견은 보이지 않는다. 앞쪽으로 cystic duct, 뒤쪽으로는 cystic artery가 뚜렷하게 확인되며, 수술 시야는 깨끗하고 담즙누출 및 출혈소견은 없다. ",5,3,5,5,5,4,,,
2025. 11. 27 오후 1:02:54,7,168024925,Task2,1,"Calot's triangle의 dissection은 완전하게 이루어져 CVS가 달성되었다. 하부담낭 일부가 liver에서 분리되었으며, 다른 구조물의 손상 가능성은 매우 낮기 때문에 cystic artery, cystic duct의 clipping & division은 시행해도 될 것으로 판단된다 .",4,3,4,4,4,4,,,
2025. 11. 27 오후 1:06:39,7,168024925,Task3,,"완전한 skeletonization, posterior window 확보, 담낭 하부 분리가 이루어져있어 CVS 확보 과정은 더 진행하지 않아도 될 것으로 보이며, cystic artery, cystic duct를 clipping, division하여 gallbladder의 retrograde dissection을 완료한다. 합병증 없는 복강경담낭절제술이 될 가능성이 매우 높다. ",4,4,4,4,4,4,5,5,5
2025. 11. 27 오후 1:13:06,7,171011550,Task1,,"훅을 이용하여 간담낭삼각 뒷면의 soft tissue를 박리하는 과정이며, 염증이나 출혈의 소견은 보이지 않는다. hook instrument의 바로 뒤쪽으로 cystic duct로 의심되는 구조물이 관찰되나 추가적인 박리를 통해 완전한 CVS 달성이 필요하다.  담낭 하부 또한 완전한 분리가 되지 않은 상태이다.",3,4,3,4,4,4,,,
2025. 11. 28 오후 7:11:07,7,197062475,Task3,,"CVS는 대부분 확보된 것으로 보여, cystic artery, duct를 클립 및 절단 가능하다. 이후 traction을 효율적으로 유지한 상태에서 담낭을 liver bed에서 분리한다. 이 때 담낭벽이 매우 비후되어있으며 chronic inflammation 상태일 가능성이 있으므로 적절한 힘으로 traction하여 liver capsule의 손상이 없도록 진행하여야 하며, 또한 유착으로 인한 liver와의 경계가 불분명해져 담낭에 너무 가깝게 박리를 하다보면 담낭천공이 생길 수 있으므로 이를 주의한다. CVS는 확보되었으므로 BDI risk는 낮을 것으로 판단된다. ",3,2,3,4,3,4,3,3,4
2025. 11. 30 오후 11:51:00,6,197062475,Task3,,gallbladder-side adhesiolysis를 시행하여 cystic duct와 artery를 명확하게 확인하고 담낭 하부를 박리하여 CVS를 달성하는 것이 합병증 위험성을 낮출 수 있다. 시야가 좋지 않거나 해부학적 구조가 불확실하다면 안전을 위해 다른 옵션을 고려해야한다. ,3,2,4,3,3,3,3,2,4
2025. 11. 27 오후 3:19:50,4,198037950,Task2,1,"cystic duct가 명확히 보이기 때문에 지금 ligation 및 절단해도 무리가 없다
BDI risk는 낮을것으로 예상됨
담낭 동맥이 아직 확인되지 않아 추가적인 박리 후 담낭 동맥 clipping 하는 것이 바람직",2,2,3,2,2,2,,,
2025. 11. 27 오후 3:27:19,4,198037950,Task3,,"담낭 동맥이 명확히 보이지않을 시 클립 보류
calot triangle의 전면 및 후면 뷰를 확보하고, 담낭 관과 담낭동맥이 명확히 확보되면 클립, 절단한다.
담낭 동맥이 확인되지 않는경우, 담낭관을 먼저 절제한 다음 담낭경부를 더 견인하여 구조물을 박리한다.",3,3,3,2,4,4,2,3,2
2025. 11. 27 오후 3:48:26,4,190046425,Task1,,"담낭은 염증성 변화 및 육안상 일부 섬유화도  관찰됌
담낭 경부를 견인하여 calot triangle을 박리중이나
담낭관 및 담낭 동맥은 현재 보이지 않는다.",4,4,2,2,1,2,,,
2025. 11. 27 오후 3:51:40,4,190046425,Task2,4,"calot traiangle이 부분적으로 노출된 상태
식별가능한 담낭관 담낭동맥은 없다.
클립 적용전에 담낭 더 외측으로 견인하여 구조물을 명확히 하여야 한다.
당남이 일부 유착되어있는 소견으로 BDI risk는 높다",4,3,3,3,2,4,,,
2025. 11. 27 오후 3:55:08,4,190046425,Task3,,"담낭을 외측으로 견인하고, 지금처럼 담낭에 붙여 박리를 진행
담낭관으로 보이는 구조물이 보이면 골격화 한다음 클립/절단시행
담낭동맥을 찾기 위해 추가 박리
해부학적 구조가 불분명할 시 bile out",3,3,2,2,3,3,4,2,2
2025. 11. 27 오후 5:24:36,7,171011550,Task3,,"견인을 최적화하고 간담낭삼각을 담낭에 근접하여 blund dissection, 최소한의 energy dissection을 통해 cystic duct와 cystic artery를 skeletonization하며 CVS를 확보한다. 이후 cystic duct와 cystic artery를 clipping, division 한 후 retrograde cholecystectomy를 시행한다. 염증이 거의 없는 상태로 앞선 과정에서 문제가 없었다면 복강경으로 안전하게 수술은 종료될 것으로 예상된다. ",4,4,5,5,4,5,5,5,5
2025. 11. 27 오후 5:28:44,7,172037900,Task1,,"Calot's triangle은 염증으로 인해 soft tissue들이 edematous change를 보이고 있으며 mild oozing이 있다. instrument 앞쪽으로는 cystic duct, 뒤쪽으로는 cystic artery로 보이는 구조물이 있으나 CVS를 위해 dissection이 더 필요한 상태이다. gallbladder serosa는 염증으로 인해 비후되어 있는 것으로 보인다. ",2,3,3,4,2,3,,,
2025. 11. 30 오후 9:56:20,5,197062475,Task3,,"GB fundus 를 GB bed 에서 분리를 하여 CVS 를 확보한다. 이미 cystic duct 와 cystic artery 가 GB 쪽으로 들어가는 것은 명확하다. cystic duct 는 주변에 조직 정리를 더 하고, Cystic duct, artery 를 차례로 clipping 한다. 현재는 cystic duct 와 artery 가 명확하기 때문에 BDI risk 는 적다. 이후 GB 를 liver 에서 박리하고 나면 안전한 담낭절제술이 가능하다.",3,3,4,4,4,4,4,4,4
2025. 11. 27 오후 5:41:37,7,172037900,Task3,,"지혈과 적절한 견인에 의한 GB측 subserosal 박리를 우선하여 cystic artery와 cystic duct를 skeletonization 하여 CVS를 확보한다. 그 전까지는 출혈을 최소화 하고 최소한의 cautery만을 사용하며, blund dissection을 최대한 활용한다. cystic duct와 cystic artery로 보이는 구조물이 확인되고 있어 CVS를 확보하는데에는 큰 어려움이 없을 것으로 보안다. ",4,3,4,4,4,4,3,4,4
2025. 11. 30 오후 10:46:31,10,197058725,Task1,,염증 및 유착이 동반된 담낭을 내측으로 traction하며 담낭을 liver bed로부터 박리하고 있다. 삼출성 출혈이 관찰되나 담즙누출 및 기타 이상소견은 없다. 이 프레임에서 hepatocystic triangle은 확인되지 않아 담낭관/담낭동맥의 박리정도는 알 수 없다.,2,2,4,3,5,4,,,
2025. 11. 27 오후 5:49:40,7,173024350,Task2,1,"cystic duct에 clipping을 시행하는 상태이며, 측방견인이 좋고 간담낭삼각은 잘 노출되어 있다. cystic artery는 현재 프레임에서는 관찰되지 않으나 충분한 dissection이 이루어진 것으로 보아 이미 division이 되었거나 cystic duct와 instrument에 가려져 안 보일 가능성이 높다 .절단 후에는 분리된 담낭하부로부터 gallbladder 분리를 다시 이어나간다. ",2,2,2,3,4,4,,,
2025. 11. 28 오후 6:42:44,7,196036525,Task1,,담낭벽은 비후되어 있으나 주변 조직의 염증 소견은 경미하다. cystic duct와 artery는 명확히 분리되어 skeletonization 되어 있으며 cystic plate에서 경미한 oozing이 관찰된다. 현재 프레임에서 cystic duct와 artery가 명확히 구분되지 않지만 clipping을 시행하는 관상구조물이 cystic artery일 가능성이 높다. calot's triangle은 대부분 정리되어 있고 하부담낭도 간과 분리되어 있다. ,2,3,4,4,4,3,,,
2025. 11. 27 오후 6:25:48,7,176012425,Task1,,"담낭은 경미한 염증만 있는 상태로 보이며, 담낭 하부를 간에서 분리하는 과정에서 담낭벽에 injury가 발생하였으며, 이로 인해 담즙 누출이 발생하였다. 간담낭삼각부위는 잘 정리되어 cystic artery와 cystic duct의 skeletonization이 잘 되어 CVS는 확보된 것으로 보인다. ",1,2,1,2,3,3,,,
2025. 11. 27 오후 6:30:17,7,176012425,Task2,1,이 프레임은 cystic duct와 cystic artery의 skeletonization은 완료한 후 CVS확보를 하기 위한 마무리 단계로 담낭 하부를 간으로부터 떼어내는 과정이다. 염증이 심하지 않고 주변 조직들이 잘 박리되어 명확히 구조물이 확인되는 상태로 clipping을 시행해도 될 것으로 보인다. 담낭벽에 천공이 생겨 담즙이 흘러나왔으며 추가적인 누출이 가능한 상황이나 수술 진행에는 큰 어려움이 없을 것으로 판단된다. ,1,2,2,3,2,3,,,
2025. 11. 28 오후 6:49:22,7,196036525,Task2,1,cystic artery의 clipping 단계를 보여주며 intrument 뒤로 cystic duct로 보이는 구조물이 관찰된다. Calot's triangle은 대부분 박리가 되어 있어 CVS가 완전하게 확보된 것으로 보인다. 시야는 양호하고 염증이 경미하여 출혈이나 oozing도 심하지 않다. 표준적 점검이 이루어진다면 BDI risk는 매우 낮을 것으로 판단된다. ,3,3,4,4,4,3,,,
2025. 11. 27 오후 6:40:45,7,17806325,Task1,,"gallbladder의 infundibulum을 외측으로 견인하며 hepatocystic triangle을 dissection 하는 과정이다. cystic duct와 artery를 둘러싸고 있는 soft tissue의 바깥쪽만 박리되어 있는 상태이며 담낭관으로 의심되는 구조물의 일부만이 노출되어 있다. 출혈, 담즙 누출의 소견은 보이지 않는다.",3,4,3,3,4,4,,,
2025. 11. 27 오후 6:46:48,7,17806325,Task2,3,"Calot's triangle을 박리하는 초기 단계로, Hartmann's pouch를 견인한 상태에서 주변 조직을 훅으로 박리하는 장면이다. 출혈 및 담즙누출은 보이지 않으며 담낭관의 일부가 부분적으로 노출되어 있다. 현재로서는 담낭측을 세심하게 박리하면서 cystic duct와 artery를 명확히 확인하고 하부 담낭을 간 기저에서 분리하여 CVS 충분히 확보하는 것이 필요하다.",3,4,3,3,4,4,,,
2025. 11. 27 오후 8:26:23,7,17806325,Task3,,"grasper로 GB infundibulum을 잡아 calot's triangle 부위를 확실하게 traction 하고 훅을 이용하여 hepatocystic triangle의 soft tissue를 신중하게 정리한다. 이 때 cystic duct와 cystic artery가 확실히 skeletonization 되기 전까지는 blunt dissection을 최대한 활용하며, 전기적소작은 최소화 하여 주변 구조물의 손상 가능성을 최소화한다. 확실하게 posterior window까지 확보하여 담낭 하부를 간으로부터 분리하여 CVS를 이루고, 이후에 cystic duct와 artery의 clipping 및 division을 시행한다. 모든 과정에 있어서 과도한 출혈 및 담즙 누출이 발생하지 않도록 해야한다. 염증이 심하지 않은 상태로 수술은 주요 합병증 없이 복강경으로 안전하게 마무리될 것으로 기대된다. ",4,5,4,4,4,5,4,4,4
2025. 11. 30 오후 11:38:39,6,196036525,Task2,2,"이 프레임은 cystic duct에 클립이 적용되고 있는 상황이다. hepatocystic triangle이 확인되고 있고, posterior window를 통해 cystic artery와 duct가 확인되며, 담낭 하부의 일부 박리가 진행되어 CVS는 거의 확립되었다.  BDI risk는 낮다. ",2,2,3,3,3,4,,,
2025. 11. 27 오후 8:33:01,7,17807075,Task2,1,"Calot's triangle 박리의 중후반 단계이며, 적절한 견인을 통해 담낭관이 노출되어있으며 cystic artery도 거의 상당부분 노출되어 있다. 하지만 동맥 주변의 soft tissue의 dissection이 지속적으로 필요하며, 이후 담낭하부의 분리까지 이어져야 한다. 지금 클립/절단을 시행하는 것은 바람직하지 않으며 CVS의 확실한 확보를 위한 과정이 지속되어야 한다. ",4,3,4,4,3,3,,,
2025. 11. 27 오후 8:36:46,7,17807075,Task3,,"측방 견인과 주의 깊은 담낭 측 박리를 지속하여 cystic artery 후방의 soft tissue를 추가적으로 정리하여 posterior window를 명확히 확보한다. 이후 담낭 하부를 박리하여 CVS 확보 후 Cystic duct, artery의 클립 및 절단을 시행한다. CBD 근처에서의 에너지 기구 사용을 피하고 출혈을 조절하여 현재와 같은 쾌적한 시야를 유지하는 것이 수술 안정성을 위해 도움이 된다. 수술은 담도 손상이나 유의한 출혈 없이 복강경으로 마무리 될 것으로 판단된다. ",3,4,3,3,4,4,3,3,4
2025. 11. 27 오후 8:43:37,7,181011450,Task1,,"왼손 grasper가 담낭경부를 견인하고, 오른손 dissector가 간담낭삼각을 blunt dissection 하고 있다. 담낭은 경미한 염증 소견이 있다. 출혈, 유착, 담즙누출 등의 소견은 없다. cystic artery와 cystic duct로 보이는 구조물이 있으나 CVS는 달성되지 않았으며, 확실한 구분을 위해서는 dissection이 추가적으로 더 진행되어야 한다. ",4,5,4,3,2,4,,,
2025. 11. 27 오후 8:47:00,7,181011450,Task2,1,infundibulum의 측면 견인과 복막의 둔성 박리를 보여주고 있는 calot's triangle 박리 과정이다. duct와 artery로 의심되는 구조물은 보이나 명확히 확인되지는 않았다. 현재 CVS에 도달하지 않았으므로 추가 박리 및 dystic plate로부터의 부분적 분리가 이루어질 때까지 클립적용은 피해야 한다. ,5,5,3,4,3,3,,,
2025. 11. 30 오후 9:31:44,5,196036525,Task2,2,현재 Calot's triangle 이 확인되고 있다. fundus 는 아직 떨어지지 않은 것으로 보아 CVS 는 달성되지 않았다. cystic duct 뒤쪽으로 posterior duct 가 들어가는 것으로 이를 주의하며 clipping 하면 BDI risk 를 낮출 수 있을 것이다. 현재 cystic artery 는 명확하게 구분이 되지 않고 있기 때문에 추가적인 조직 정리가 필요해보인다.,3,3,4,4,4,4,,,
2025. 11. 27 오후 9:30:13,7,18205400,Task1,,"왼손 grasper가 hartmanns pouch를 위로 당기고, 오른손 hook이 cystic plate 위에서 gallbladder neck과 cystic duct에 걸친 soft tissue를 박리한다. 담낭과 주변구조물들 사이의 유착이 있었던 것으로 보이며 현재는 유착이 일부 박리된 상태이다. cystic duct로 의심되는 구조물이 있으나 hepatocystic triangle을 확실하게 박리하여 CBD와의 혼동을 피해야 한다. CVS는 달성되지 않은 상태이며 cystic artery도 관찰되지 않는다. ",2,3,1,3,4,5,,,
2025. 11. 27 오후 9:45:03,5,165023650,Task1,,"담낭에는 염증 소견이 명확하지 않으며, 유착은 관찰되지 않는다. 현재 출혈 소견이나 담즙 누출 소견은 보이지 않으며, cystic duct 구조물이 박리되어 명확한 관상 구조물 형태를 보이고 있다. 간 표면은 정상으로 보인다.",4,3,4,3,3,3,,,
2025. 11. 27 오후 9:47:48,5,165023650,Task2,1,"증례는 cystic duct 는 이미 명확하게 확인되는 상태로, clipping 직전 과정으로 보인다. infundibulum 부분을 traction 하며 cystic duct 를 확실히 확인하고 clipping 하게 되면 BDI 의 위험을 낮출 수 있을 것이나, CVS 의 확보를 위해서는 GB 를 bed 에서 좀 더 박리를 해야 한다. ",4,3,4,3,4,4,,,
2025. 11. 27 오후 9:50:22,5,165023650,Task3,,"GB bed 의 anterior 와  posterior 를 좀 더 박리하여 CVS 를 확보한 후, 현재 확인되는 cystic duct 를 먼저 clipping 하여 절단하고 이후 cystic artery 를 만나게 되면 이 또한 clipping 하여 처리한다. 이렇게 되면 GB를 liver 에서 dissection 하는 과정만 남게 되어 복강경 담낭절제술이 가능하게 된다.",3,4,3,3,3,3,4,3,3
2025. 11. 28 오후 6:55:23,7,196036525,Task3,,"완전한 CVS를 확인한 후 cystic artery와 duct를 다시 한 번 확인한다. 이후 두 구조물을 클립 및 절단하고, 이 때 클립은 hepatobiliary junction에 너무 가깝지 않게 시행한다. cystic plate에서 담낭 박리를 완료하고 세척한 뒤 지혈을 시행한다. BDI 없이 안전하게 복강경적으로 수술이 종료될 가능성이 매우 높다",2,2,4,3,4,5,3,4,3
2025. 11. 27 오후 9:58:05,6,163049175,Task3,,"Proceed by optimizing traction, clearing anterior and posterior peritoneum close to the gallbladder, developing a posterior window. 그 뒤 간으로 부터 GB bed의 3분의 1을 분리하고, cystic duct와 cystic artery 를 골격화하여 CVS 를 확인한다. 그 뒤 cystic duct와 cystic artery를 클립으로 결찰 후 절단 가능하며, 마지막으로 간에서 남은 GB bed를 분리하면 성공적인 cholecystectomy 이다. 현재 보이는 케이스는 중대한 합병증이 없을 가능성이 높지만, CVS 확립이 어려울 경우 추가적인 주변 조직과 박리가 필요하다. ",3,2,4,2,4,3,2,3,4
2025. 11. 27 오후 9:58:40,5,165024400,Task2,2,이 증례에서 현재 Calot triangle 이 보이고 있으나 CVS 는 담낭 뒷면이 보이지 않아 완전하게 확인하기 어렵다. cystic duct 와 artery 의 구조물은 부분적으로 보이고 있어 이에 대해 안전하게 clipping 하게 된다면 BDI의 위험성을 낮출 수 있을 것이다.,4,3,4,4,3,3,,,
2025. 11. 27 오후 10:04:28,5,165024400,Task3,,GB 의 fundus 쪽을 일부 박리하여 CVS 를 달성한 다음에 눈에 보이는 구조물인 cystic duct 와 cystic artery 를 처리한다. 이후 적절한 힘으로 담낭을 traction 하면서 GB bed 로부터 분리하게 되면 합병증 없는 복강경 담낭절제술이 가능하게 된다.,4,4,4,4,4,3,4,4,3
2025. 11. 27 오후 10:04:50,6,163055175,Task1,,"hepatocystic triangle 은 확인되지 않았으며, cystic duct와 cystic artery 가 명확하게 구별되지 않는다. GB fundus와 body가 위로 들어올려진 상태로 GB neck 과 infundibulum, cystic duct로 추정되는 구조물이 보이지만 지방과 결합조직이 정리되지 않아 명확하지 않다.",2,2,3,3,2,3,,,
2025. 11. 27 오후 10:12:09,6,163055175,Task2,4,"이 케이스는 GB의 fundus와 body를 위로 들어올린 뒤  GB neck 혹은 cystic duct로 추정되는 구조물을 clip applier로 잡으려 하는 모습이다. 이 뷰는 hepatocystic triangle이 명확이지 확인되지 않으며, cvs 확립 또한 명확하지 않다.  이 뷰만 본다면 BDI 위험성은 매우 높지만, 카메라 각도와 GB의 견인 각도가 cystic duct나 cystic artery 등 주요 구조물을 확인하기 어려운 상태이므로, 명확하게 판단할 수 없다. ",2,3,4,2,3,3,,,
2025. 11. 27 오후 10:21:50,5,167017950,Task1,,"GB의 neck 쪽으로 박리가 이루어지고 있으며 cystic duct 와 cystic artery 로 추정되는 관상구조물이 확인되고 있으며  박리하는 곳 주위에 약간의 출혈 관찰되나 위험 수준은 아닌 것으로 보인다. GB에 염증 소견은 경미하며, 부종 등의 소견은 보이지 않는다. GB는 bed 에 거의 다 붙어 있다.",4,4,3,3,3,3,,,
2025. 11. 30 오후 11:42:21,6,196036525,Task3,,CVS 를 확인한 뒤 cystic duct와 cystic artery를 클립 및 절단하면 합병증 위험이 줄어든다. 그 뒤 담낭판에서 담낭의 박리를 시행하면 복강경 담낭절제술을 안전하게 완료할 수 있다. ,3,2,4,3,4,4,2,4,4
2025. 11. 27 오후 10:26:20,5,167017950,Task3,,"GB 의 fundus 부위를 좀 더 박리하여 명확하게 CVS 를 만들고 이후 cystic duct 와 cyst artery 를 분리하여 clipping 을 시도해야 한다. 이러기 위해서는 GB neck 부위의 anterior, posterior 벽을 더 떼어서 구조물을 정리할 공간을 만들고 bile duct 를 최소화하기 위해 명확한 구조물을 확인해야 한다. 구조물을 확인한 후에는 cystic duct 와 cyst artery 를 clipping 하여 절제한 후 GB를 liver 에서 떼내면 안전한 복강경하 담낭절제술을 할 수 있을 것이다.",4,4,3,3,4,4,3,3,3
2025. 11. 27 오후 10:28:43,5,170057800,Task1,,"GB에는 염증으로 인하여 부어있는 상태이며 GB wall thickening 이 동반되어 보이며, GB 안에 내용물이 지저분한 양상의 fluid 일 가능성도 어느 정도 있어 보인다. 조직이 두꺼워 grasper 로 잡는 것이 힘들어 보인다. 아직 cystic duct 가 명확히 확인되지는 않지만, GB neck 으로 들어가는 구조물이 있어 더욱 더 박리를 해야할 필요가 있다. 현재 출혈이 많이 나거나 담즙 누출 소견이 보이지는 않는다.",2,2,3,2,3,3,,,
2025. 11. 27 오후 10:32:26,5,170057800,Task2,4,"현재 GB 의 Calot's triangle 형성을 위핸 과정을 지나고 있으며, 조직이 두껍고 부어 있어서 견인이 잘 되지 않는다. GB의 앞뒷면을 많이 박리했음에도 불구하고 Calot's triangle 이 잘 형성되지 않고 CVS 가 확보되지 않는 모습이다. GB fundus 쪽에서부터 박리하여 조직 사이의 공간을 좀 더 확보하면 도움이 될 것이며 이후 관상 구조물을 잘 확인 후 clipping 해야 한다.",3,3,3,4,1,1,,,
2025. 11. 27 오후 10:35:48,5,170057800,Task3,,"CVS 를 달성하기 위해서는 먼저 GB를 좀 더 liver 에서 떼내어서 여유 공간을 확보하는 것이 중요하며, 관상구조물이 GB 로 들어가는 것을 신중하게 확인해야 한다. 확인 후에는 너무 CBD에 붙지 않도록 clipping 을 해야 하며, 현재 염증으로 인하여 wall 이 두꺼워진 상태이기 때문에 조직이 깨지거나 물리지 않을 상황을 예상하여 clip 을 선택해야 한다. 만약 cystic duct 를 먼저 처리하는 것이 위험하다고 판단된다면 GB의 fundus 쪽을 먼저 떼내어 retrograde 한 방법으로 cystic dut 를 찾는 방법도 있다. GB에 염증이 많은 상태이기 때문에 liver 에서 떼는 과정에서 bleeding 이 많이 있을 수 있으므로 cautery 를 신중하게 하면서 떼내는 것이 필요하다. 이런 과정을 통해 안전한 복강경 담낭절제술이 완료된다.",4,3,5,4,3,3,3,4,2
2025. 11. 30 오후 9:34:03,5,196036525,Task3,,"fundus 의 박리를 통해 완전한 CVS 를 확인한 후 현재 확인되고 있는 duct 를 clipping 한다. 현재는 cystic artery 가 명확하게 보이지 않지만, cystic duct 를 박리한 뒤에는 시야 확보가 되어 확인할 수 있는 가능성이 커진다. 두 개의 구조물을 모두 정리하고 나면 GB bed 에서 GB를 박리하여 BDI 가 없는 안전한 복강경 담낭절제술이 가능할 것이다.",3,2,4,4,4,4,3,4,3
2025. 11. 27 오후 11:02:12,5,170074300,Task2,2,"CVS 는 완전히 확보되지 않았지만, cystic duct 로 확인되는 구조물을 clipping 하고 있다. 뒤쪽으로 cystic artery 가 보이고 있어 추후 clipping 이 필요해보인다. GB body 는 염증 소견이 있어 clipping 시에 조직이 깨지거나 잘 안 물릴 가능성이 있어 세밀한 조작이 필요하다.",3,3,2,2,3,3,,,
2025. 11. 30 오후 4:42:50,2,196027525,Task1,,염증 없음 부종 없음 삼출성 출혈 약간 calot triangle 중간 이상 박리된 상태 cystic duct 와 artery 로 의심되는 구조물 의심됨,2,2,4,3,4,3,,,
2025. 11. 27 오후 11:08:50,5,172044650,Task1,,"CVS 가 대부분 충족되어 Calot's triangle 이 잘 관찰되고 있으며, cystic duct 로 추정되는 얇은 관상 구조물이 관찰된다. cystic duct 부분에 clipping 이 되고 있다. GB는 염증이 명확하지 않으며 출혈이나 담즙누출도 없어 보인다.",4,3,3,3,2,4,,,
2025. 11. 27 오후 11:11:00,5,172044650,Task2,1,현재 grasper 로 infundibulum 을 traction 하고 있으며 cystic duct 로 추정되는 관상 구조물을 clipping 하고 있다. 그 뒤로 cystic artery 로 추정되는 구조물이 보이긴 하나 아직 정확히 확인되지는 않는다. clipping 을 한 후 cystic duct 를 절제하고 나면 뒤쪽 구조물을 더 잘 확인할 수 있어 담도 손상을 최소화 할 수 있다.,4,4,2,3,2,3,,,
2025. 11. 27 오후 11:13:11,5,172044650,Task3,,"현재 CVS 는 완전히 충족되지 않았지만 cystic duct 가 명확하게 확인되는 상태로, cystic duct 를 먼저 clipping 하면 뒤쪽 구조물 확인이 용이하기 때문에 절단 후 뒤쪽에 cystic artery 를 찾아 모두 ligation 한다. 중요한 구조물들을 모두 정리했으면, GB 를 bed 에서 떼내기 시작한다. 염증이 많은 상태가 아니고 liver 가 정상이어서 다량의 출혈 없이 쉽게 박리가 될 것으로 생각되며, 모두 박리하고 나서는 복강경하 담낭절제술이 완료될 것이다.",2,2,2,2,3,3,4,2,3
2025. 11. 27 오후 11:15:08,5,173024350,Task1,," Calot's triangle 은 모두 정리된 상태로 현재 cystic duct 만이 남아있다. GB bed 에서도 어느정도 분리가 되어 시야 확보가 잘 되어 있으며, cystic artery 는 이미 정리된 것으로 보인다. cystic duct 만 clipping 하고 절단하면 cholecystectomy 의 대부분의 과정이 완료된다. 다만 liver쪽 박리한 부분에 경미한 출혈이 있었던 것으로 보인다.",4,2,4,3,4,3,,,
2025. 11. 27 오후 11:16:36,5,173024350,Task2,1,"이 환자는 CVS 가 달성되어 보이며, cystic duct 가 명확하게 GB 로 들어가는 것이 확인된다. 클립 적용 바로 전 단계로 담낭 삼각이 모두 정리되어 시야 확보가 잘 되어 있다. BDI 의 위험은 최소인 상태로 보인다.",1,2,1,2,1,2,,,
2025. 11. 27 오후 11:19:03,5,173024350,Task3,,"fundus 부분이 박리가 아직 되어 있지 않아 CVS 는 이미 달성되어 보이며 cystic duct 가 매우 명확하게 보이기 때문에 이를 clipping 하고 절제하면 수술의 마무리 단계가 된다. GB에 염증 소견이 없어 너무 CBD 에 붙지만 않게 clipping 하면 BDI 는 없을 것으로 보이고, cystic duct 를 자르고 나면 그 뒤에는 보이는 구조물이 하나도 없고 GB bed 박리도 어느 정도 진행된 상테이므로 나머지 bed 에서 제거만 해주면 된다.",2,3,1,1,2,2,3,2,2
2025. 11. 28 오전 12:09:16,7,18205400,Task2,3,"calot's triangle 박리의 초기과정을 보여주며, cystic duct로 보이는 구조물이 확인되며, 담낭 하부를 분리하는 과정이다. cystic artery는 확인되지 않아 CVS는 불완전한 상태이며 clipping을 하기 전 추가적인 skeletonization과 cystic artery 확인이 필요하다. cystic duct로 보이는 구조물은 CBD와 구분될 수 있도록 지속적인 박리가 더 필요하다. ",3,4,4,4,4,4,,,
2025. 11. 28 오전 12:12:57,7,18205400,Task3,,"담낭 주변의 유착과 복막의 내측 및 외측 박리를 완료하여 cystic duct와 cystic artery의 skeletonizatino을 완료하고, posterior window를 확보한다. 이후 완전한 CVS를 이룬 상태에서 cystic duct와 cystic artery를 클립 및 절단한다. 관련 구조물들의 injury를 피하여 전체과정을 진행한다면 담즙 누출 없이 최소한의 출혈로 안전하게 수술이 종료될 것으로 기대된다. ",4,4,4,4,5,5,5,4,5
2025. 12. 1 오전 12:46:20,1,196027525,Task1,,GB는 거의 inflammation이 없어 보이고 주변 조직들의 경우 fat tissue가 적어 distal CBD 주행이 확인되고 있다. Sulcus of Rouviere도 확인되고 있다. GB 하부와 liver bed가 완전히 박리되어 posterior window를 확보하고 있고  hepatocystic triangle은 거의 다 박리된 상태이다. cystic artery와 cystic duct로 보여지는 관상 구조물들이 관찰되고 있으나 두 구조물이 traction에 의해 밀착하고 있어 calot's triangle은 본 image에서는 완전한 박리가 되었는지 확실하게 보이지는 않는다. active bleeding 소견은 관찰되지 않고 bile leakage도 관찰되지 않는다. ,2,3,3,4,4,3,,,
2025. 11. 30 오후 4:44:10,2,196027525,Task2,1,calot triangle 중간 이상 박리된 상태 bile duct 실루엣이 잘 보이는 케이스로 BDI risk 는 매우 낮음 cystic duct 와 artery 의 골격화만 조금더 진행하면 수술은 안전,2,2,3,4,3,3,,,
2025. 12. 1 오전 12:49:55,1,196027525,Task2,1,hepatocystic triangle은 거의 다 박리된 상태이다. cystic artery와 cystic duct로 보여지는 관상 구조물들이 관찰되고 있고 부분적으로 박리되어 있으나 두 구조물이 traction에 의해 당겨지면서 밀착하고 있어 calot's triangle은 본 image에서는 완전한 박리가 되었는지 확실하게 보이지는 않는다. traction을 약간 loosening하여 cystic artery와 cystic duct 사이를 박리한다면 수월하게 CVS를 확보할 수 있을 것으로 보여지며 bile duct injury 가능성은 매우 낮다.,3,2,4,4,4,3,,,
2025. 11. 30 오후 4:37:17,2,195034400,Task1,,염증은 없으나 부종은 약간 있는 조직 calot triangle 박리 중간단계로 보임 cystic duct 로 보이는 구조물이 의심되나 cystic artery 는 확인되지 않음,3,3,4,4,3,3,,,
2025. 11. 28 오전 12:28:10,7,186022750,Task2,3,"calot's triangle을 확인하기 위한 초기 단계이며 복막은 열렸으나 정리가 불완전하고 아직 CVS가 확보되지 않았다. cystic duct로 보이는 구조물이 일부분 확인되나 추가적인 skeletonization이 필요하며, cystic artery를 확인하는 과정도 필요하다. 지금 클립을 진행하는 것은 매우 위험하며 CVS를 달성하기 위해 추가적인 세심한 박리가 필요하다. ",3,4,3,4,4,4,,,
2025. 11. 28 오전 12:31:12,7,186022750,Task3,,"담낭 경계 근처로 hepatocystic triangle의 전,후 복막을 체계적으로 박리하고 주위 soft tissue를 박리한다. cystic duct와 cystic artery를 완전히 골격화하고, 담낭 하부를 박리하여 CVS를 완성시키고 클립 및 절단을 시행한다. 염증으로 인한 구조물의 확인이 불명확하다면 담관조영술이 BDI를 낮추는데 도움이 될 수 있다. CVS를 확보하면 수술은 복강경으로 안전하게 종료될 것으로 판단된다. ",5,5,3,3,3,3,5,4,4
2025. 11. 28 오전 12:38:17,7,186027250,Task1,,"담낭과 heptocystic triangle의 soft tissue들이 염증으로 부어있고, 부분적으로 박리되어 있으며 지속적인 oozing이 관찰된다. cystic duct가 부분적으로 골격화되어 있나 추가적인 박리가 더 필요하며 cystic artery는 관찰되지 않는다. 담즙 유출이나 유착은 보이지 않는다. ",4,3,4,3,4,4,,,
2025. 11. 28 오전 12:42:35,7,186027250,Task2,4,"calot's triangle의 박리 단계로 복막이 일부 정리되어 있다. cystic duct의 상부는 부분적으로 노출되었으나 염증으로 인한 soft tissue의 edematous change로 인하여 하부에 대한 skeletonization이 추가로 더 필요하며, cystic artery가 확인되지 않은 상태로 CVS 확보 과정이 추가적으로 필요하다. 현재 단계에서는 BDI risk가 높을 것으로 판단된다. ",3,4,3,4,3,4,,,
2025. 11. 30 오후 2:05:41,3,195034400,Task2,2,Calot's triangle 박리의 중기를 보여주고 있으며 monopolar hook으로 박리가 진행되고 있다. 담낭담관으로 추정되는 구조가 골격화 되고 있으나 담낭동맥은 명확히 확인되지 않는다. 후방창은 확보되어있는 상태로 담낭담관의 상부에 담낭동맥의 가능성이 있어보이는 구조물이 보이고 있어 염증에 의해 hypertrophy된 lymphatic tissue와 동맥 stump 여부를 구분이 필요할 것으로 보인다.,2,3,4,4,4,4,,,
2025. 11. 30 오후 4:39:09,2,195034400,Task2,2,bile duct 실루엣이 보이는 case 라서 BDI risk 는 낮은것으로 보임 cystic duct 가 완전히 골격화되지는 않았으며 cystic artery 는 보이지 않아 CVS 는 절반정도 확보한것으로 보임,3,2,3,3,4,3,,,
2025. 11. 30 오후 4:32:37,2,194024675,Task1,,염증 없음 부종 없음 cystic duct 확인됨 cystic artery 로 보이는 구조물에 clipping 시도중,2,3,3,4,4,4,,,
2025. 11. 30 오후 4:35:44,2,194024675,Task3,,cystic artery clipping 후 cystic duct 의 구조만 한번 더 확인 후 ligation 하면 수술 완료,2,3,3,3,4,3,3,3,3
2025. 11. 28 오후 6:16:05,7,194020925,Task2,1,"hook을 이용한 calot't triangle 정리과정이 진행중이며 Cystic duct와 artery의 skeletonization은 상당부분 이루어져있다. 담낭 하부는 아직 분리되지 않아 보다 확실한 CVS를 확보하기 위한 추가적인 박리과정이 필요하다. 염증이 심하지 않아 유착이 없으며, soft tisuue의 비후도 없어 CBD로 보이는 구조물이 관찰되어 CVS를 완전히 형성되지는 않았지만 BDI risk는 매우 낮을 것으로 판단된다. 보다 확실한 수술을 위해 추가적인 정리과정은 필요할 것으로 보인다. ",2,3,3,4,3,3,,,
2025. 11. 28 오전 1:02:29,7,187011975,Task2,2,calot's triangle의 blunt dissection은 상당 부분 진행된 상태이며 cystic duct를 clipping하는 과정이다. 하지만 cystic artery는 확인되지 않는다. clipping을 시행하기 전 cystic artery의 명확한 확인이 필요하며 최적화된 견인을 통해 완전한 CVS 확보가 필요하다. ,3,4,4,4,4,2,,,
2025. 11. 30 오후 5:25:24,8,193048075,Task1,,"간담낭삼각이 부분적으로 박리되어 있으나 염증 조직과 출혈로 인해 평가에 제한이 있다. 담낭관으로 추정되는 관상구조물이 부분적으로 골격화되어 분리되어 있다. 클립으로 분리가 시도되는 관상구조물이 추정되나 기구가 출혈로 인해 명확히 확인되지 않는다. 소량의 담즙 누출이 간표면에서 있어 보이며, 담낭 하부는 간표면에서 충분히 박리되지 않은 상태이다.",3,3,4,4,4,4,,,
2025. 11. 28 오전 1:09:42,7,188021625,Task1,,"담낭과 omentum 사이에 유착이 있던 것으로 보이며 현재는 분리된 상태이다. 분리과정에서 간 표면의 피막 충혈, omentum의 미세한 출혈이 생긴 것으로 보인다. calot's triangle의 박리과정은 진행되기 전으로 보이며, 따라서 cystic duct 및 cystic artery는 확인되지 않고, CVS는 평가할 수 없다. ",4,3,4,4,4,4,,,
2025. 11. 28 오전 1:12:44,7,188021625,Task2,4,"담낭 기저부와 체부 주변에서 염증성 변화가 관찰되며 이로인한 유착으로 인해 유착 박리 과정이 진행된 겅스로 보인다. 이로 인해 소량의 출혈이 있어 지혈이 필요할 것으로 보인다. calot's triangle 구조물을 감싸고 있는 soft tissue로 의심되는 곳은 보이나, 명확하게 구조물이 확인되는 것은 아니다. 따라서 보다 나은 시야 확보가 필요하며 이는 BDI risk를 낮추는데 크게 기여할 것이다. ",4,4,4,4,4,4,,,
2025. 11. 28 오후 6:08:29,7,193048075,Task3,,"CVS가 충분히 확보된 것으로 보이며, cystic artery와 cystic duct를 클립, 절단하고 cholecystectomy를 완료한다. 이후 담낭을 떼어낸 간 표면에서 출혈 또는 담즙 누출 여부를 세밀하게 확인한 뒤 필요시 지혈, suture를 시행하고 수술을 종료한다. CVS가 충분히 확보된 것으로 보여 BDI risk는 낮을 것으로 판단된다. ",3,3,3,3,3,3,4,4,4
2025. 11. 28 오전 1:21:23,7,189034800,Task1,,"왼쪽 grasper가 담낭 경부를 견인하고 있고, 우측 clip instrument는 cystic artery를 clipping하고 있다. Calot's triangle은 염증 변화가 있으며 주변 구조물의 충혈이 심하다. cystic duct와 artery는 skeletonization이 어느 정도 이루어진 것으로 보이며 담낭 하부는 분리되지 않았다. ",2,4,3,3,4,3,,,
2025. 11. 30 오후 1:39:09,3,193028575,Task3,,담낭담관의 골격화와 후방창 확보는 충분히 이루어진 상태로 담낭동맥을 확인하는데 중점을 둔다. 추가적 박리를 통해 담낭동맥이 확인되었을 때 담낭담관 및 담낭동맥의 클립/절단을 시행한다. 박리 진행시 담낭측에서 진행하며 담즙누출에 의한 시야 방해를 흡입으로 적절히 조절하며 수술을 진행한다. 수술은 CHD/CBD 손상의 위험이 낮은 상태로 복강경으로 안전하게 완료한다. 담낭 절제 완료 후 충분한 세척을 통해 누출된 담즙을 씻어준 후 수술을 종료하여야 한다.  ,3,2,3,3,3,3,4,4,4
2025. 11. 30 오후 4:16:38,2,193028575,Task3,,담낭 동맥을 좀더 골격화하여 구조를 확인한 후 ligation 하여 GB 를 GB bed 에서 완전히 분리시킨다 그 후에 cystic duct ligation 을 하여 수술을 마무리한다,2,2,4,4,3,3,3,3,3
2025. 11. 28 오전 1:32:37,7,191014075,Task1,,"우측 간과 화면의 대부분을 차지하고 있으며, 담낭 infundibulum이 일부 보이고 cystic duct로 의심되는 구조물이 보인다. 출혈이나 담즙 누출의 소견은 보이지 않는다. ",1,2,1,1,1,2,,,
2025. 11. 28 오전 1:35:58,7,191014075,Task2,4,현재 시야는 calot's triangle을 확인하기 매우 어려운 상태이므로 clipping을 진행하는 것은 매우 위험할 수도 있다. CVS를 확보하기 위해 카메라의 위치를 조정하고 담낭의 효율적인 견인 및 복막 박리 과정이 선행되어야 한다. 이후 CVS를 확보하여 구조물들을 보다 더 정확히 확인한 후 수술을 진행한다. ,3,4,4,3,2,2,,,
2025. 11. 28 오전 1:39:01,7,191014075,Task3,,"카메라 위치 이동을 통해 담낭과 calot's triangle을 시야에 보다 명확하게 들여오고, 복막 박리 및 skeletonization, 담낭 하부 분리를 진행하여 CVS를 우선적으로 확보한다. 이후 안전하게 클립 적용 및 절단한다. 염증이 심하지 않은 상태로 판단되어 완전한 CVS를 확보한다면 보다 안전한 수술로 합병증 위험을 크게 낮출 수 있을 것이다. ",5,5,3,3,4,4,3,4,2
2025. 11. 30 오후 9:15:36,5,192024575,Task1,,GB의 infundibulum 이 traction 되고 있으며 Calot's triangle을 통해 cystic duct와 cystic artery 가 구분되고 있다. GB fundus 가 아직 박리되지 않아 CVS 는 달성되지 못하였으나 관 구조물은 비교적 명확하게 확인되고 있다. 현재는 lymph node 가 붙어 있는 cystic artery 를 clipping 하는 단계이다. 명확한 출혈과 담즙누출은 없어 보인다.,2,2,3,3,3,3,,,
2025. 11. 28 오전 10:08:57,4,192024575,Task1,,"간담낭 삼관은 전방과 후방 view가 잘 확보되어 있음
경미한 염증소견이 관찰됨
담낭관은 명확히 보이며, 담낭 동맥은 지방으로 쌓여있어 명확하게 보이지는 않음
",2,2,4,4,5,4,,,
2025. 11. 28 오전 10:14:15,5,175070625,Task2,3,"Calot's triangle 박리를 위한 과정으로 GB bed 의 anterior, posterior 가 박리되어 있으며, 현재 수술 기구를 통하여 cystic artery 와 cystic duct 를 박리하는 과정에 있다. CVS 를 완성하기 위해서는 fundus 부위를 liver 에서 박리하는 과정이 필요하다. 현재로써는 cystic duct 를 clipping 하기에는 BDI risk 가 있다.",4,3,4,4,4,3,,,
2025. 11. 28 오전 10:17:02,4,192024575,Task3,,"담낭 동맥더 골격화하여 CVS를 확보한다. 박리 시에는 담낭 쪽으로 붙여 시행한다.
담낭 경부를 더 외측으로 견인하면 더 안전하게 박리 가능하다
합병증없는 수술이 예상됌",3,3,3,3,2,2,2,4,2
2025. 11. 28 오전 10:17:06,4,192024575,Task2,1,"담낭관이 명확히 보이며, 담낭 동맥으로 추정되는 구조물은 지방 박리가 덜 되어있지만, 담낭으로 들어가는 형태가 명확하여 클립 후 절단하여도 괜찮다.
간담낭 삼각의 view는 잘 확보되어 있으며 bdi risk는 매우 낮다.",1,2,2,3,2,2,,,
2025. 11. 28 오전 10:18:17,5,175070625,Task3,,"GB infundibulum 을 traction 하면서 Calot's triangle 에 대한 시야를 확보하고 그 안에 있는 구조물인 cystic duct 와 cystic artery 를 좀 더 정리한다. 그리고 이미 GB bed 의 anterior, posterior 벽은 정리가 된 상태이므로 cystic duct 와 cystic artery 만 정리한고 clipping 한다면 시야가 훨씬 좋아지고, 이후 GB bed 박리 후 복강경적 담낭절제술이 완성될 것이다.",4,4,4,4,3,3,3,4,3
2025. 11. 28 오전 10:22:03,5,177039825,Task1,,"GB 가 견인되고 있으며 관상 구조물이 확인된다. cystic duct 로 추정되나 주위 조직이 아직 정리되지 않아서 주변에 cystic artery 도 함께 있을 가능성이 있다. 현재로서는 담낭에 염증이 심해보이지는 않으며, 출혈이나 담즙누출 소견은 없다. cystic artery 는 관찰되지 않고 있어서 보이는 관상구조물을 좀 더 정리해서 명확히 할 필요가 있다.",4,3,4,3,4,3,,,
2025. 11. 28 오전 10:25:46,5,177039825,Task2,4,"Calot's triangle 이 보이고 있으며 GB가 Liver 에 아직 붙어 있어서 CVS 가 달성되지는 않았다. Cystic duct 가 GB로 들어가는 것은 명확하게 보이나, 주변에 있는 조직들이 충분히 박리되지 않아서 아직 clipping 하기에는 위험성이 따른다. 현재로서는 cystic duct 가 두꺼워 보이기 때문에 BDI risk 가 있으나 주변 조직을 박리하여 명확하게 한다면 BDI risk 는 낮출 수 있을 것이다.",4,4,4,4,3,3,,,
2025. 11. 28 오전 10:28:01,5,177039825,Task3,,"담낭 측에서 fundus 를 박리하고 cystic duct, cystic artery 를 명확히 하기 위해 관상구조물을 skeletonization 하여 확인한다. 이후 clipping 을 통하여 cystic duct, artery 를 절단하고 나서 나머지 GB bed 를 정리하면 복강경적 담낭절제술이 완성된다. 지혈술도 필요하다.",4,3,4,4,3,3,3,3,3
2025. 11. 28 오전 10:31:12,5,17807075,Task1,,"Calot's triagle은 정리되어 cystic duct 가 잘 보이고 있으나 cystic artery 는 아직 명확히 보이지 않는다. GB에 염증성 변화는 없어 보이며 현재 출혈이나 담즙 누출의 소견도 보이지 않는다. 수술 기구를 통해 cystic duct 주변 조직을 정리하고 있으며, GB bed의 anterior, posterior 벽은 정리되어 있는 상태이다.",4,2,4,4,2,3,,,
2025. 11. 28 오전 10:37:54,5,17807075,Task2,1,현재 부분적인 CVS 달성이 이루어져 있으나 추가적으로 fundus 에서의 박리가 필요해보이며 cystic duct 는 명확하지만 cystic artery 가 확인이 되지 않아 주변 조직의 정리가 필요하다. 현재 출혈 소견이나 담즙 누출 소견 없으며 cystic duct 가 명확하여 CVS 를 달성하고 나서 clipping 을 하고 절제한다면 BDI risk 가 낮다.,4,4,3,4,4,4,,,
2025. 11. 28 오전 10:44:06,5,17807075,Task3,,담낭 측에서 bovie 를 이용하여 GB bed 를 정리하고 CVS 가 달성되면 현재 보이는 cystic duct 에 대해서는 clipping 을 한다. cystic duct 를 자르고 나면 뒤의 구조물들이 더 명확히 확인되므로 이어서 cystic artery 를 정리하고 GB를 bed에서 모두 정리하게 되면 복강경 담낭절제술이 완성된다.,4,5,3,3,4,4,4,3,4
2025. 11. 30 오후 10:03:40,10,192023825,Task1,,"담낭이 외측으로 traction되고 있으며, Hepatocystic triangle의 박리단계로 담낭관과 담낭동맥이 각각 전/후방 창이 형성되어 부분적으로 골격화되어있으며, 담낭하부의 박리도 대부분 진행된 상태이다. 염증 및 유착은 미미하며 출혈이나 담즙누출 및 기타이상소견은 없다.",3,3,3,4,4,3,,,
2025. 11. 30 오후 1:50:27,9,191014075,Task1,," 담낭에 경도의 염증이 보인다. 간담낭삼각은 거의 박리되어있지 않으나, 담낭관으로 추정되는 구조를 Clipper로 결찰 중이다. 혈액 및 체액의 누출도 경미하게 보인다. ",3,2,4,3,4,3,,,
2025. 11. 30 오후 9:15:47,9,191014075,Task2,4,"담낭의 팽창으로 간담낭 삼각의 확보가 어려워 보인다. Cystic duct로 추정되는 구조를 결찰 중이나 CVS가 확보되지 않아, BDI가 높다. ",3,3,4,3,4,4,,,
2025. 11. 28 오전 10:53:48,5,17807825,Task3,,담낭 fundus 를 일부 박리하여 CVS 를 확보한 후에 cystic duct 와 artery 를 차례로 ligation 하고 절제하고 나면 GB bed 만 남게 되어 박리 후 수술을 마칠 수 있다. 현재 clipping 하는 과정에서 cystic duct 가 명확하게 확인되므로 CVS 가 달성되지 않았다고 하더라도 cystic duct 를 먼저 자르고 나면 시야 확보에 용이하기 때문에 그대로 진행해도 큰 문제 없이 복강경하 담낭절제술을 마무리 할 수 있을 것이다.,4,4,2,2,4,4,4,3,3
2025. 11. 28 오전 10:55:33,2,16206575,Task2,2,"carot triangle 박리중, cystic duct, artery 의심되는것 있으나 아직 완전히 박리되지 않음. cliping or ligation 전에 후방에서 반드시 CVS 를 확인하고 artery 와 cystic duct 의 주행을 다시 확인하는것이 필요 박리시 작은 혈관에 injury 가능성 있으므로 skeletalization 시 확인필요",4,4,3,3,5,5,,,
2025. 11. 28 오전 11:00:26,5,180018850,Task1,,"Calot triagle 이 잘 보이는 상태로, infundibulum 이 grasper 에 의하여 당겨지고 있고, GB neck 쪽으로 들어가는 cystic duct 가 확인되고 그 뒤쪽으로 cystic artery 로 추정되는 관 구조물을 bovie 로 정리하고 있다. GB bed 의 anterior, posterior 가 일부 박리되어 있다. 현재 GB 자체의 염증은 거의 없어 보이며, 출혈과 담즙누출 소견도 보이지 않는다.",1,2,2,2,5,4,,,
2025. 11. 28 오전 11:08:49,2,16206575,Task3,,GB 를 잡고있는 왼손을 좌상방 우상방으로 방향을 바꿔가며 carot triangle 을 dissection 한다 dissection 시에 tubular structure 를 남기고 subserosal area 의 soft tissue 를 보비로 걸어서 끌어당기면서 소작하여 해부학적 구조물의 열손상을 최소화한다 dissection 하여 CVS 를 확보 후 artery 부터 ligation 을 하여 출혈의 위험도를 낮추고 남은 cystic duct 는 GB neck 과의 연결성을 확인 한 후 ligation 하여 BDI risk 를 최소화한다,4,3,4,3,4,4,3,3,3
2025. 11. 28 오전 11:14:50,2,168021925,Task1,,no inflammation no edema no bleeding cystic duct/ artery 보임. 완전히 분리되지는 않았으나 subserosal layer 가 얇아서 해부학적 구분 어렵지 않음,3,4,3,3,3,4,,,
2025. 11. 30 오후 5:05:52,8,191014075,Task2,5,"이 프레임은 Calot 삼각 분리를 위한 초기 단계에 해당하며, cystic strcuture는 아직 분리되지 않은 상태이다. 현재 상태에서 클립을 시행한다는 것은 BDI risk가 매우 높은 상태이다. CVS 달성을 위해 적절한 담낭견인과 함께 세밀한 박리가 지속되어야 한다. ",3,3,4,3,4,4,,,
2025. 11. 30 오후 9:06:42,5,190046425,Task1,,infundibulum 은 당겨지고 있으며 Calot's triangle 이 형성되어 있음. GB로 들어가는 관 구조물인 cystic duct 와 cystic artery 가 확인되고 있으며 cystic duct 로 추정되는 구조물은 clipping 되려고 하고 있음. 출혈이나 담즙누출 소견은 없었음.,2,2,3,3,3,3,,,
2025. 11. 28 오전 11:20:49,2,168021925,Task3,,왼손 traction 을 화면의 우상방으로 이동하여 후방을 확인하여 CVS 를 완전히 확보한다 덜 떨어진 subserosal layer soft tissue 를 전기소작기로 걸어당겨 소작하여 ligation 시에 수술적 술기의 수월함을 더 확보하고 cyst artery 를 먼저 ligation 하여 cystic duct 와 bile duct 사이를 더 벌린 후 ligation 하여 BDI 를 최소화한다,4,4,4,4,4,4,3,3,3
2025. 11. 28 오후 9:37:58,3,16907925,Task2,4,담낭을 상부로 견인한 상태에서 Calot's triangle의 박리가 진행되고 있다. 담낭관으로 추정되는 구조물은 확인되나 담남동맥은 확인되지 않은 상태로 CVS를 확보하기 위한 ant'/post' window박리가 추가로 진행되어야 한다. 삼출성 출혈로 인해 시야확보가 방해되고 있는 상태로 현재로는 BDI의 risk가 높다.,4,4,4,4,4,4,,,
2025. 11. 28 오전 11:28:37,5,180018850,Task3,,CVS 를 달성하기 위해 fundus 를 박리하고 Calot's triangle 내의 구조물을 정리한다. CVS 가 달성되면 현재 보이고 있는 cystic duct 와 cystic artery 를 차례로 clipping 하고 절제 한 뒤 GB bed 를 정리한다. 현재 GB 로 들어가는 cystic artery 와 duct 가 명확하게 보이기 때문에 BDI risk 는 낮아 보이고 안전한 복강경 담낭절제술을 시행할 수 있다.,4,4,4,2,4,4,3,3,4
2025. 11. 28 오전 11:35:09,2,168027925,Task1,,염증 없음 carot triangle 박리 거의 다 됨 clip 으로 artery 무는 중 그 앞에 cystic duct 보임,2,3,2,3,4,4,,,
2025. 11. 28 오전 11:38:07,2,168027925,Task2,1,"CVS 확보 후 artery clipping 단계 artery 앞 뒤로 soft tissue 가 모두 제거되어 cystic duct, artery 모두 구분 가능  cystic duct ligation 시에 bile duct 와의 거리 확인하여 ligation 하면 BDI 위험 감소",2,3,2,3,4,4,,,
2025. 11. 28 오후 9:50:43,3,16907925,Task3,,담낭의 견인 방향을 바꿔가며 신중하게 ant'/post' 에서 calo's triangle 박리를 진행한다. 삼출성 출혈이 동반되나 medial side에서 과도한 전기소작은 자제하는 것이 BDI를 줄이는데 도움이 될 것으로 보인다. blunt dissection을 위주로 담낭쪽의 박리를 추가로 진행하여 담낭하부를 간에서 분리하고 확실한 담낭담관/담낭동맥의 구조를 확인하는 과정이 필요하다. 구조가 확인되며 클립/절단을 진행하되 구조의 확인이 불가하다면 fundus-first 또는 subtotal cholecystectomy를 고려할 수 있다. 안전한 추가 박리를 진행할 경우 복강경 담낭절제로 수술을 완료할 수 있다. ,4,2,4,3,4,4,4,4,4
2025. 11. 28 오전 11:40:06,2,168027925,Task3,,cystic artery ligation 후 cystic duct 와 GB 와의 연결성 및 bile duct 와의 거리를 확인 한 후 cystic duct 를 ligation 한다 CVS 확보된 후 이므로 왼손 traction 은 GB bed 의 bleeding 을 유발하지 않을 정도로 적당한게 좋다,2,3,2,3,4,4,3,3,3
2025. 11. 28 오전 11:46:54,2,16907925,Task1,,중증도 inflammation carot triangle 은 1/3정도 박리 cystic duct 로 의심되는 것 있으나 아직 명확하지 않음. cystic artery 안보임 약간의 woozing 출혈소견 active bleeding 없음 담낭 안터짐 adhesion 은 심하지 않음,4,3,3,3,3,3,,,
2025. 11. 28 오전 11:49:16,2,16907925,Task2,3,carot triangle 박리가 진행중이나 구조물이 cystic duct 인지는 명확치 않음 담방 후방부 아래를 좀더 박리하여 cystic duct 가 확실하게 확인되기 전까지는 BDI 위험 있음 왼손 traction 이 뭘 하고있는지 계속해서 확인 필요,4,3,4,4,4,4,,,
2025. 11. 30 오후 9:11:30,5,190046425,Task2,4,"GB가 traction 되고 있는 상태로, fundus 부분이 박리되지 않아 CVS 는 달성되지 않는 상태이다. Calot's triangle 이 보이고 있고, cystic duct로 추정되는 구조물이 clipping 되고 있으나 아직 명확하게 보이지 않으므로 BDI risk 가 있는 상태이다.",2,3,3,3,4,4,,,
2025. 11. 28 오후 12:57:20,2,169011675,Task1,,mild inflammation 이나 inflammation 에 비해 woozing 성 출혈이 많은편 담낭관은 부분적으로 골격화되어있으나 뒷편에 구조물과 분리가 덜됨 artery 로 추정되는 구조물에 clipping 중 담즙 누출 없고 adhesion 없음,4,3,4,3,3,3,,,
2025. 11. 28 오후 1:00:48,2,169011675,Task2,2,carot triangle 은 80% 정도 박리가 된 상태이며 artery 와 cystic duct 의 구분은 확실하나 cystic duct 의 주변부가 박리가 덜 된 상태로 ligation 전에는 GB 후방에서 CVS 를 더 확보하도록 cystic duct 주변 박리를 좀 더 하고 GB neck 에서의 연결성을 한번 더 확인 후 ligation 하는것이 BDI 위험도를 낮추기에 더 적절하다,4,3,3,4,2,3,,,
2025. 11. 28 오후 1:05:55,2,169011675,Task3,,artery ligation 을 마무리하고 cystic duct 주변부 tissue 를 좀더 박리하여 확인 필요 GB 후방에서 CVS 를 확인 후 cystic duct 를 잡는다,4,3,2,3,4,4,3,3,3
2025. 11. 28 오후 1:07:36,2,170054800,Task1,,사진 자체가 복강경 기구 왼손이 어디를 잡고있는지 오른손이 어디를 잡고 있는지 구분이 안됨 이거보고 어케 수술함?,2,4,2,4,2,4,,,
2025. 11. 30 오후 10:42:39,6,190046425,Task3,,"담낭 측에서의 박리를 통해 전/후 복막을 정리하고, cystic duct를 더 골격화하는 과정이 필요하다. 또한 CVS를 확립하기 위해 cystic artery를 확인하고 담낭 하부 박리를 진행하면 합병증 위험성은 더 낮아질 것이다. ",3,2,3,3,4,4,3,4,2
2025. 11. 28 오후 1:10:43,2,170054800,Task3,,저기가 뭐가 뭔줄알고 bipolar 를 갖다댐....?,2,3,2,3,2,3,3,3,3
2025. 11. 30 오후 4:56:54,8,189034800,Task2,3,"이 프레임은 CVS 달성을 위한 간담낭삼각 분리와 담낭 동맥으로 추정되는 관상구조물을 클리핑하려는 단계를 보여준다. 진행은 대체로 안정적으로 보이나 아직 담낭 하부가 간 침상으로부터 충분히 분리되지 않았고, oozing으로 인해 구조물 확인에 제한이 있다. CVS 확보를 위해 담낭 하부를 추가적으로 간 침상으로부터 분리하고 두 개의 관상구조물을 명확히 확보하도록 한다. 현재 BDI risk는 보통 수준이다.",3,3,4,4,4,4,,,
2025. 11. 28 오후 1:16:17,2,171017550,Task2,1,carot triangle 박리는 초기단계이나 cystic duct 와 artery 의 구분이 쉬워 CVS 가 확보된 상태이다 하지만 완전한 안전성 확보를 위해서는 carot triangle 을 좀 더 박리하여 GB 와 bile duct 간의 공간을 보고 담낭분리가 되면 더욱 안전한 수술이 가능하다,3,4,2,4,4,4,,,
2025. 11. 28 오전 1:23:50,7,189034800,Task2,2,cystic artery를 clipping 하는 단계이며 hepatocystic triangle은 대체로 skeletonization 되어있으나 담낭하부는 분리되지 않았다. CVS가 완전히 충족되지 않았으므로 추가적인 soft tissue 정리와 담낭하부 박리가 권장된다. 하지만 담도 손상의 위험성은 낮을 것으로 판단된다. ,3,3,3,4,4,5,,,
2025. 11. 28 오후 1:20:21,2,172040900,Task1,,"경도-중증도 정도의 염증이 있으며 edema 및 삼출성 출혈 동반, cystid duct 로 추정되는 구조물은 확인되었고 cystic artery 는 아직 확인하지 못함 active bleeding 없음 bile spleage 없음",2,3,2,3,4,4,,,
2025. 11. 30 오후 10:50:34,6,189034800,Task2,3,이 프레임은 cystic artery를 clipping 하는 상태이며 hepatocystic triangle이 완전히 노출되지는 않았으나 경계가 구별이 되는 상태이다. 안전을 위해서는 cystic duct와 cystic artery를 골격화하고 담낭 측에서의 박리를 통해 posterior window를 확장해 나가는 것이 필요하다. 담낭 하부를 박리하여 CVS 를 확립하면 합병증 발생 위험이 감소할 것이다. ,3,2,4,3,4,4,,,
2025. 11. 28 오전 1:28:30,7,189034800,Task3,,"더 나은 시야 확보와 확실한 CVS 완성을 위해 우선적으로 왼쪽 grasper를 이용한 traction이 더 효율적으로 이루어져야 할 것이다. 이후 담낭 하부를 간과 분리하며 보다 확실한 CVS를 완성하는 것이 중요하다. 그 이후 cystic duct와 cystic artery를 클립, 절단 하여 담낭 절제를 이어나간다. 현재로서도 수술이 안전하게 이루어질 가능성이 높지만 보다 확실한 안전한 수술을 위해 더 나은 시야확보가 중요할 것이다. ",3,2,4,3,4,3,4,3,4
2025. 11. 28 오후 1:26:15,2,173020600,Task1,,"염증, 부종 없음 carot triangle 박리중이나 담낭관 담낭동맥 확인되지 않음. 담즙 누출, 능동 출혈 없음",4,4,3,4,4,4,,,
2025. 11. 28 오후 1:28:38,2,173020600,Task2,1,"carot triangle 박리 초기 진행 담낭관, 담낭동맥 확인안됨 CVS 를 확보하기에는 어렵지 않아보임",4,4,3,4,3,4,,,
2025. 11. 28 오후 1:30:46,2,173020600,Task3,,담낭 전후방 박리 시행하여 담낭관 담낭동맥 골격화 시행하여 CVS 확보 확인 후 결찰 시행 무합병증 수술종료 기대,3,4,4,4,4,4,3,3,3
2025. 11. 28 오후 2:00:59,5,181011450,Task1,,GB는 염증 소견이 보이며 왼쪽 수술 기구를 통해 견인되고 있고 오른쪽 수술기구를 통해 Calot's triangle 을 박리하고 있다. 현재 오른쪽 수술 기구와 주변 지방 조직들로 인하여 Cystic duct 와 artery 가 잘 확인되지 않는 상태이다. cystic plate 는 박리되기 전 단계이다. 출혈이나 담즙누출 소견은 없다.,3,3,2,2,2,3,,,
2025. 11. 28 오후 2:02:51,5,181011450,Task2,3,"infundibulum 이 traction 되고 있으며, clip을 이용하여 cystic duct 를 clipping 하고 있는 과정으로 보인다. 현재는 CBD 쪽의 proximal 부분과 GB 쪽의 cystic duct가 잘 보이지 않는 상태로 BDI 의 risk가 적지 않은 것으로 보인다. GB 의 fundus 쪽 박리가 이루어지지 않았고, Calot's triangle 이 명확하게 보이지 않아 CVS 가 달성되었다고 보기는 어렵다. ",4,4,3,3,4,3,,,
2025. 11. 28 오후 2:05:20,5,181011450,Task3,,GB 의 CVS 를 달성하여 Calot's triangle 을 좀 더 명확히 확인하고 그 안의 구조물인 cystic duct 와 artery 를 skeletonization 하여 clipping 하는 것이 필요하다. cystic duct 를 ligation 하고 절제한 뒤 GB bed 를 정리하면 보다 BDI risk 를 낮출 수 있을 것이다. 먼저 cystic duct 와 cystic artery 를 명확히 확인하는 과정이 필요하다.,3,1,3,3,2,1,2,3,3
2025. 11. 28 오후 2:07:12,5,18204650,Task1,,"아직 GB 는 bed 에 붙어 있으며 infundibulum이 견인되고 있고, Calot's triangle 이 대부분 보이고 있다. GB 의 anterior 복막은 박리되지 않아서 완벽한 Calot's triangle 을 만들고 있지는 않은 상태이다. Cystic duct 와 cystic artery 가 구분은 되나, 명확하게 구조물이 정리된 상태는 아니다. 눈으로 보이는 염증이나 출혈, 담즙 누출 소견은 없다.",2,2,2,3,3,3,,,
2025. 11. 28 오후 2:13:38,10,16206575,Task1,,"담낭과 담낭 경부의 mild inflammatory change가 관찰되며, 유착도 경미한 수준이다. 담낭경부 및 calot's triangle이 부분적으로 박리되었으며 완전히 skeletonized 되진 않은 상태로, cystic duct로 추정되는 관상 구조물이 보이나 cystic artery는 명확히 보이지 않는다. 소량의 oozing이 있으며 담츱누출이나 기타 이상소견은 없다.",4,4,4,4,2,3,,,
2025. 11. 30 오후 9:15:44,10,189027300,Task1,,"복강경 카메라가 trocar 를 통과하지 않고 trocar 내부에 있어 시야장애가 있어 담낭의 일부만 보여지고 있다. 담낭의 염증정도나 유착, 출혈, 담즙누출 및 기타이상소견은 평가할 수 없다.",3,3,4,4,3,3,,,
2025. 11. 28 오후 2:14:35,5,18204650,Task3,,"CVS를 확보하기 위해 담낭하부의 1/3 정도를 더 박리하고 GB 의 anterior, posterior 벽을 박리하고 나면 Calot's triangle이 좀 더 명확하게 확인될 것이다. 이 때 cystic duct와 cystic artery 주변의 조직들을 정리하고 skeletonization 하고 나면 clipping 이 가능하게 될 것이다. 이 과정에서 안전하게 clipping 을 하고 duct 를 절제하고 나면 시야가 확보되어 cystic artery 도 절제하기 용이해진다. 이후 GB 를 bed에서 완전히 제거하고 나면 안전한 복강경적 담낭절제술이 완료된다.",4,3,3,2,4,4,3,3,3
2025. 11. 28 오후 2:22:47,5,183026000,Task1,,"GB 의 anterior, posterior 벽은 대부분 박리가 된 상태이며 앞쪽으로 cystic duct 가 확인되고 있다. cystic artery 는 아직 명확하게 보이지 않는다. clipping 을 하고 있는 주변으로 mild bleeding 소견이 있으나 담즙누출은 확인되지 않는다. GB 는 bed에 대부분 부착되어 있는 상태로, traction 하는 각도 상 Calot's triangle은 명확하게 확인되지 않고 있다.",4,4,4,3,2,2,,,
2025. 11. 28 오후 2:26:46,5,183026000,Task2,2,"이 증례는 하부 담낭의 박리가 명확하게 확인되지 않기 때문에 CVS 가 달성되었는지 여부는 확인이 어려운 상태이나, cystic duct 가 명확하게 보이고 있다. clipping 되고 있다. cystic duct 가 GB 로 들어가는 것이 명확하게 보이고 있기 때문에 BDI risk 는 낮으나 CVS 를 달성한 후에 clipping 하는 것이 더 안전한 방법이다. ",4,4,4,3,3,3,,,
2025. 11. 28 오후 2:29:33,5,183026000,Task3,,먼저 fundus 쪽의 박리를 완료하여 CVS 를 확보한 다음에 현재 잘 박리되어 있는 cystic duct 를 clipping 한 후 차례로 cytic artery 를 clipping 한다. 정리가 된 후에는 GB를 bed 에서 분리하여 담낭을 완전히 박리해내면 안전한 복강경 담낭절제술이 완료된다.,4,4,2,2,4,4,2,2,2
2025. 11. 28 오후 3:16:04,10,16206575,Task2,1,GB의 hartmann's pouch를 lateral side로 견인하여 GB neck에 tension을 준 채로 calot's triangle의 박리를 시행하고 있다. monopolar hook으로 fibro-fatty tissue를 제거하고 있으나 cystic duct와 cystic artery의 구분이 아직 이뤄지지 않은 상태이다. 염증이나 유착이 심하지 않으나 CVS의 확보 및 BDI의 최소화를 위해 clipping 및 cut 이전에 skeletonization을 완료하여 구조물의 완전한 확인이 필요하다.,4,3,3,3,5,5,,,
2025. 11. 28 오후 2:54:01,5,184032125,Task1,,담낭은 염증이 심해 보이지는 않으며 GB를 측면으로 traction 했을 때 cystic duct 로 추정되는 구조물이 잘 보이게 되는 상태다. cystic artery 는 잘 보이지 않으나 GB 옆 면으로 따라 올라가는 artery 가 있어 이에 대해 확ㅇ니이 필요하다. GB anterior wall과 posterior wall의 박리가 잘 되어 있는 상태이며 출혈이나 담즙 유출 등이 현상은 보이지 않는다.,4,3,4,4,4,3,,,
2025. 11. 28 오후 2:57:48,5,184032125,Task2,2,담낭 fundus 의 박리가 확인되지 않고 있어 CVS 가 달성되었는지는 명확하게 보이지 않는다 하지만 cystic duct 가 분명히 GB로 올라가는 것이 보이므로 주변을 잘 박리한 후 clipping 을 한다면 BDI 의 위험을 줄일 수 있을 것이다. cystic artery 를 찾아서 박리하는 과정 또한 필요하며 이는 duct 를 절제하여 정리한 후에 좀 더 시야확보가 잘 되어 시행하는 것이 안전하다.,2,2,1,2,3,3,,,
2025. 11. 30 오후 4:07:36,2,188023125,Task1,,다소의 염증과 부종 삼출성 출혈 있음 calot triangle 은 거의 박리됨 cystic duct 로 추정되는 구조물은 거의 확실하나 cystic artery 로 보이는 구조물은 의심되는 구조물 있으나 명확치 않음,3,3,4,4,4,4,,,
2025. 11. 28 오후 3:28:39,10,16206575,Task3,,"담낭의 lateral side traction을 유지하면서 calot's triangle의 fibro-fatty tissue를 제거하고 전후방의 subserosal layer를 모두 dissection하여 posterior window를 확인, cystic duct와 cystic artery의 steletonization을 완료한다. 이후 liver bed로부터 담낭의 하부 1/3을 박리하여 CVS를 확인 후 cystic duct와 cystic artery의 clipping 및 cut을 시행한다. CBD와의 구분이 명확하지 않을 경우 ICG나 bailout을 사용할 수 있다. 예상 결과는 합병증 발생이나 개복전환 가능성은 낮으며, 복강경 수술의 완료이다.",4,4,4,3,5,5,4,3,5
2025. 11. 28 오후 3:46:29,5,185012750,Task1,,"담낭에는 염증이 명확하게 확인되지는 않는다. GB bed 는 붙어 있는 채로 유지되고 있고, GB 의 anterior, posterio wall은 박리되어 있는 상태이다. GB 쪽으로 들어가는 cystic duct 가 clipping 되기 바로 직전 상태로, fundus 가 붙어 있는 것으로 보여 CVS 가 달성된 상태는 아니지만 cystic duct 가 명확하게 확인되는 상태이다. 박리된 GB plate 쪽으로 약간의 bleeding 이 있었던 것 같으나 담즙 누출 등의 다른 소견은 보이지 않는다.",2,2,2,3,2,3,,,
2025. 11. 30 오후 4:09:17,2,188023125,Task2,2,CVS 는 거의 확보되었으나 좀더 안정성 확보를 위해 cystic artery 로 의심되는 구조물을 좀더 skeletalization 하는것이 필요하다 duct 는 확인되었다고 본다,2,3,4,4,3,3,,,
2025. 11. 28 오후 3:48:41,4,188020125,Task2,1,"calot triangle 박리중
출혈로 인해 구조물들이 명확히 보이지 않으나 담낭관으 부분적으로 노축되어있음.
담낭쪽으로 추가적인 박리를 더 하면 담낭 동맥도 확보할 수 있을 것으로 보임
담낭 관이 노출되어 있어 BDI risk는 낮은편",4,3,2,2,2,2,,,
2025. 11. 28 오후 3:50:18,5,185012750,Task2,3,현재 담낭의 fundus 쪽의 박리가 안된 것으로 보여 Calot's triangle 내 구조물이 다 박리되었음에도 CVS 달성이 되지 않았다. cystic duct 는 명확하게 보이며 GB 쪽으로 들어가는 것으로 보이나 간혹 posterior duct 연결되어 있는 경우가 있어 BDI risk 가 없지 않다. CVS 달성을 위해서는 담낭 하부의 추가적인 박리가 필요하다.,4,3,2,3,4,4,,,
2025. 11. 30 오후 4:11:24,2,188023125,Task3,,calot triangle 은 거의 박리된 상태로 cystic artery 의 skeletalization 을 좀 더 진행하여 확실하게 CVS 를 확인한다 그 후 artery 부터 ligation 하여 GB bed 를 완전히 분리한 후 cystic duct ligation 을 하여 수술을 진행한다,3,3,4,4,3,3,3,3,3
2025. 11. 28 오후 3:55:52,9,16208825,Task1,,"담낭 및 Calot 삼각은 경증의 염증 소견을 보인다.  Minor woozing은 있고, 담즙누출은 없다. 담낭동맥으로 추정되는 부위를 클립으로 결찰하고 있지만, 명확히 드러나진 않는다. 하부 담낭의 부분이 박리되었다. ",3,4,5,5,2,3,,,
2025. 11. 28 오후 3:56:36,4,170074300,Task1,,"담낭에는 경미한 염증 소견으로 edematous 해보임
담낭 관으로 추정되는 구조물이 보이나 명확하지 않음
담낭 동맥은 아직 보이지 않음
담즙유출소견은 보이지 않음",4,4,3,2,4,4,,,
2025. 11. 28 오후 3:58:27,4,170074300,Task2,3,"담낭 경부가 명확히 보이지 않음
담낭관과 연결된 담낭 하부를 외측으로 견인하고 있으나 encircling 가능한 상태로 보이지는 않음

담낭관을 클리핑하기전 추가 박리를 하여 안전하게 진행해야함
담낭쪽으로 붙여 추가 박리 필요
",4,4,3,3,3,3,,,
2025. 11. 28 오후 3:58:41,2,174024200,Task1,,mild inflammation 담낭관 담낭동맥 식별됨 carot triangle 거의 박리됨,2,4,2,4,4,4,,,
2025. 11. 28 오후 3:59:59,5,185012750,Task3,,cytstic duct 가 GB로 들어가는 모습이 잘 확인되어 BDI risk 는 낮을 것으로 예상되나 좀 더 안전하게 하기 위해서는 fundus 를 GB bed로 부터 박리하여 CVS 를 확보하는 것이 좋다. cystic duct 를 ligation 하고 그 후에 나오는 cystic artery 를 ligation 하여 GB 로 들어가는 관상 구조물을 모두 처리한 뒤 GB bed 로 부터 분리한다면 성공적으로 수술을 마무리할 수 있을 것이다.,4,4,3,3,3,3,3,3,3
2025. 11. 28 오후 4:01:02,2,174024200,Task2,2,calot triangle 거의 박리됨 cystic duct와 cystic artery가 대부분 골격화 BDI risk 낮음,2,3,2,3,4,4,,,
2025. 11. 28 오후 4:02:22,5,186022750,Task1,,"GB의 anterior, posterior wall 이 박리되어 있는 상태로,cystic duct 로 추정되는 관상 구조물이 확인되고 있다. cystic duct와 cystic artery 가 함께 지나가는 것인지는 아직 확인이 불가하다. GB의 염증은 심하지 않은 것으로 보이며, 현재 진행되는 출혈이나 담즙 누출은 보이지 않는다.",4,3,2,2,4,4,,,
2025. 11. 28 오후 4:02:39,2,174024200,Task3,,artery 먼저 ligation 후 calot traiangle 을 완전히 확인하면 cystic duct 잡으면 됨 bile duct 쪽으로 더 박리를 하는것은 오히려 BDI risk 를 높일수 있음,3,4,3,4,4,4,3,3,3
2025. 11. 30 오후 12:52:18,9,188021625,Task1,,"중등도의 염증이 담낭에 보인다. 그물막과 담낭의 유착이 있었을 것으로 보이며 지금은 분리되어 있다. 간에는 혈액이 묻어있으나, 간자체의 hyperemic change는 아닐것으로 보이며, 하부로 혈액이 고여 있는 것이 보인다. ",3,3,4,4,4,3,,,
2025. 11. 28 오후 4:05:43,5,186022750,Task2,3,"GB fundus 가 아직 Liver 에 붙어 있는 것으로 보이며, cystic duct와 cystic artery 가 명확하게 구분되고 있지 않다. 현재 cystic duct와 cystic artery 가 명확히 구분되지는 않지만 GB로 들어가는 것으로 보여 BDI risk 가 매우 높지는 않다. CVS 를 달성하기 위해서 fundus 의 박리가 좀 더 필요하다.",4,4,4,4,4,3,,,
2025. 11. 28 오전 1:17:50,7,188021625,Task3,,"omentum의 소량 출혈을 지혈한 뒤 calot't triangle 구조물이 더 잘 보일 수 있도록 카메라의 위치를 조정한다. 이에 따라 효율적인 담낭의 tractio도 동시에 필요하다. 더 남아있는 유착이 있다면 추가적으로 안전하게 박리하며, 염증으로 인해 담낭의 비후가 심하여 CVS 확보가 어렵다면 감압을 하는 과정도 도움이 될 수 있다. 이후 CVS 확보가 필요하며, 이 때 염증이 심하여 시야의 어려움이 있을 수 있으므로 세심한 박리가 필요하다. CVS를 달성할 수 없다면 bail-out 전략을 고려해 볼 수 있다. CVS",3,3,4,4,5,5,3,4,4
2025. 11. 28 오후 4:09:17,5,186022750,Task3,,"Calot's triangle 은 현재 잘 확인되는 상태로, 추가적으로 fundus 를 박리하여 CVS 를 달성한 후 cystic duct 로 추정되는 관상구조물 주위를 좀 더 clearing 한다. 이를 통해 cystic duct와 cystic artery 를 구별할 가능성이 커지게 된다. 각각의 구조물을 확인하면 clipping 을 통해 절제하고, hilum으로 부터 오는 구조물들을 다 처리하면 GB bed 에서 분리하는 작업을 거치면 복강경적 담낭절제술을 완성할 수 있다.",4,1,4,4,4,3,4,4,4
2025. 11. 28 오후 6:50:50,10,168021925,Task1,,담낭의 염증 및 유착은 없고 출혈이나 담즙누출 등 기타 이상소견은 없다. calot's triangle은 전/후측으로 dissection되어 posterior window가 나있고 cystic duct와 cystic artery가 부분적으로 골격화 되어있다. hepatocystic triangle의 fibro-fatty tissue는 남아있고 담낭의 하부가 liver bed로부터 박리되지 않았다. ,2,3,3,2,4,4,,,
2025. 11. 28 오후 4:10:23,4,186033250,Task2,1,"간담낭 삼각에서 박리 후 클립 전 상황
기구에 가려져서 잘보이지 않으나 담낭 하부가 간에서 떨어진 정도로 추정해볼때 담관은 이미 encircling 되어 있을것이라고 판단됨
지금 클립을 하여도 큰 무리가 없음
담낭동맥은 명확히 보이지 않아 추가적인 박리 필요
",2,2,3,3,3,2,,,
2025. 11. 28 오후 4:13:36,4,186033250,Task3,,"염증이 경미하고 담낭의 유착이 심하지 않아 추가적인 박리가 더 가능해보인다.
담낭을 지금처럼 견인하면 담낭쪽으로 붙여 안전하게 박리
담낭동맥과 담낭관이 드러나면 클립 후 절단
",3,3,2,2,4,4,2,3,4
2025. 11. 28 오후 4:16:28,5,187011975,Task1,,"현재 infundibulum을 traction 하며 Calot's triangle을 노출하려고 하고 있으나 잘 노출되지 않고 있으며 cystic duct 로 추정되는 관상구조물이 보이나 명확하지는 않다. 박리한 hilum 주변을 bleeding 이 있어 피가 고여 있어 시야 확보가 잘 안되고 있는 상태이다. cystic duct 로 추정되는 관상 구조물은 추가적인 clearing 이 필요해보인다. GB bed 는 모두 붙어 있고 염증소견은 경미하게 관찰되며, 그 외 담즙 누출 소견은 없다. ",4,3,4,3,3,3,,,
2025. 11. 28 오후 4:19:21,5,187011975,Task2,5,"GB가 bed로부터 거의 분리되지 않아서 traction 이 잘 안되고 있으며, GB 의 anterior, posterior wall의 박리 흔적은 보이나 추가적인 박리가 필요해보인다. 관상 구조물의 앞뒤가 다 정리되지 않은 상태에서 clipping 이 시도되고 있으므로 BDI risk 가 매우 높아 보인다. 잘 확인하지 않는다면 Right posterior duct 가 같이 잡힐 가능성도 있어 보인다. bleeding 흔적으로 피가 고여 있는데 이 부분에 대해 suction 을 하고 시야를 잘 확보하는 것이 필요하다. GB fundus 의 박리를 통하여 추가적인 CVS 확보를 해야 안전한 진행을 할 수 있다.",4,5,4,3,4,3,,,
2025. 11. 28 오후 4:20:22,2,175072125,Task1,,"다소의 염증 있음 삼출성 출혈 동반 calot triangle 일부 박리 cystic duct 로 의심되는 구조물 확인 절반이상 박리됨, cystic artery 는 의심되는 tubular structure가 있기는 하나 확실하지 않음 담즙 누출 없으며 active bleeding 없음",3,4,4,4,4,4,,,
2025. 11. 28 오후 4:23:25,5,187011975,Task3,,"clip 을 적용하기 전에 GB fundus 를 일부 박리하고 GB infundibulum 을 lateral 로 traction 하여 Calot's triangle 을 완성, CVS를 확보한다. Cystic duct 와 cystic artery 의 주변 조직을 잘 박리하여 clipping 할 수 있도록 명확히 하고 clipping, resection 후에는 남아 있는 cystic plate 를 정리하여 안전한 복강경 담낭절제술을 완성한다.",4,5,4,4,4,3,4,4,3
2025. 11. 28 오후 4:28:32,5,188020125,Task1,,"operator 가 grasper 를 통해 GB infundibulum을 잡고 측면으로 traction 하고 있고, assistant 가 grasper 로 GB fundus 를 잡고 마찬가지로 같은 방향으로 traction 하고 있다. assistant의 traction 으로 인해 fundus 의 박리 없이도 Calot's triangle 이 비교적 잘 보이는 상태이며, cystic duct 로 추정되는 관상 구조물을 확인할 수 있으나, cystic artery 로 보이는 구조물은 확인되지 않고 있다. GB anterior wall은 어느 정도 박리가 된 것으로 보이고 그 과정에서 bleeding 의 흔적이 남아 있다. 육안적으로 보이는 담즙 누출 소견은 없다. 염증 소견은 명확하지 않다.",2,3,1,2,5,4,,,
2025. 11. 28 오후 4:32:52,5,188020125,Task2,3,"infundibulum과 fundus 의 traction으로 인해 Calot's triangle은 부분적으로 보이고 있는 상태이나, 주변의 bleeding 소견과 주변 조직의 불충분한 정리로 인하여 cystic duct 와 cystic artery 가 명확하게 분리되어 보이지는 않는다. cystic duct 로 추정되는 관상 구조물이 보이고 있으며 GB 로 들어가는 것으로 보이나 clipping 전에 확인은 필요하다. CVS 를 달성하기 위해서는 fundus 를 추가적으로 박리해야 하나 assistant의 traction 으로 어느 정도 CVS 확보가 되어 보인다. 관상 구조물의 확실한 확인 후 clipping 을 하는 것이 BDI risk 를 줄일 수 있을 것으로 보인다.",4,4,3,3,2,3,,,
2025. 11. 30 오후 4:23:48,9,166012950,Task1,,"hepatocystic triangle은 잘 노출되어있다. 지방조직은 약간 있고, 출혈은 없다. 박리는 거의 시행되지 않았으며, Tubular structures는 보이니 않는다. ",2,3,2,3,2,4,,,
2025. 11. 28 오후 4:37:03,5,188020125,Task3,,infundibulum 주위의 복막과 fundus 의 GB bed 부분을 좀 더 박리하여 CVS 를 확보한다. 이를 통해 cystic duct 와 cystic artery 를 좀 더 명확히 하고 그 뒤에 clipping 을 하여 절제를 한다. 현재 mild bleeding 소견도 보이기 때문에 suction 을 통해 시야 확보를 하면서 진행하는 것이 중요하다. cystic duct 가 확실히 isolation 되면 clipping 을 하고 절제 후 GB bed 에서 박리를 하게 되면 안전한 복강경 담낭절제술이 가능하다.,4,3,4,3,4,3,4,3,4
2025. 11. 28 오후 3:46:41,4,188020125,Task1,,"담낭에는 경미한 염증이 보임
담낭관은 부분적으로 노출되어 있음
감담낭삼각에 출혈이 있음
담낭동맥은 명확히 보이지 않음",2,3,3,3,4,4,,,
2025. 11. 28 오후 3:50:29,4,188020125,Task3,,"출혈을 제거, 담낭을 견인하여 간담낭 삼각 안의 구조물들을 명확화
가능시 클리핑 전에 담낭 동맥과 담낭 관을 골격화
",3,3,3,3,3,3,3,3,2
2025. 11. 30 오후 4:37:20,9,166014450,Task1,,"염증은 거의 없고, Calot triangle이 부분적으로 박리되었다. 유착도 거의 없다. 출혈도 없고, 체액의 누출도 없다. 명확히 보이진 않지만, Cystic a.로 추정되는 부위를 Clipper로 잡고 있다. 그 아래로 Cystic duct가 보인다. ",4,4,3,4,4,3,,,
2025. 11. 30 오후 4:48:49,9,167014950,Task1,,"경미한 염증이 보이는 담낭을 Calot's triangle을 박리 중이며, 아주 초기 단계이다. Cystic duct로 추정되는 부위를 Traction하고 있으나, Cystic artery는 아직 보이지 않는다. 체액의 누출이 작게 보인다. 모세혈관의 미세한 출혈이 보인다. ",4,4,2,3,2,2,,,
2025. 11. 28 오후 5:09:25,10,163052175,Task1,,중등도의 염증소견으로 비후된 담낭이 관찰되며 경도의 유착을 보이는 fibro-fatty tissue가 hepatocystic triangle에서 관찰된다. carol's triangle은 완전히 박리되지 않았으며 담낭에서 나오는 관상구조가 불완전하게 보이나 cystic duct와 cystic artery가 확인되지는 않는다. 경도의 삼출이 있으며 담즙 누출 및 기타 이상소견은 보이지 않는다.,4,4,4,3,3,4,,,
2025. 11. 29 오후 5:41:45,3,18206150,Task1,,담낭의 염증소견은 명확하지 않으며 Calot's triangle이 완전히 박리되어 담낭담광과 담낭동맥이 잘 골격화되어있다. 출혈이나 삼출의 소견은 보이지 않으며 담낭담관의 클립핑이 시고되고 있다. 간과 주변 omentum의 유착은 부분적으로만 제거된 상태이다. ,1,2,2,3,4,4,,,
2025. 11. 28 오후 5:13:38,2,175072125,Task2,2,calot triangle 은 절반정도 박리된 상태이며 앞쪽에 cystic duct 로 의심되는 구조물이 있고 절반가량 박리된 상태임 cystic artery 는 명확하게 보이지 않아 추가 박리가 필요한 상태 염증이 다소 있어 박리시 주의 필요,4,4,4,4,4,4,,,
2025. 11. 28 오후 5:25:14,2,175072125,Task3,,"GB 후방창을 추가 박리하여 calot triangle 에서 cystic duct, artery 의 구조물을 확실하게 확보한다 CVS가 확보된 후 혈관을 ligation 한다",4,4,4,4,4,4,3,3,3
2025. 11. 28 오전 1:00:15,7,187011975,Task1,,"담낭의 infundibulum은 염증 소견과 충혈, edematous change를 보인다. hepatocystic triangle은 상당부분 박리된 것으로 보이나 cystic duct로 보이는 구조물을 clipping하는 과정에 있으며, cystic artery는 관찰되지 않는다. 담낭 하부는 박리되지 않은 상태이다. 담즙 누출이나 기타 이상 소견은 관찰되지 않는다. ",2,3,4,4,4,3,,,
2025. 11. 29 오후 5:48:01,3,18206150,Task2,1,CVS과 확보된 뒤 골격화된 담낭담관의 클립이 적용되는 단계이다. 안전한 뷰가 확보된 상태이므로 순차적으로 담낭동맥의 클립/절제가 진행 될 수 있으면 BDI는 매우 낮다. ,1,1,2,4,5,5,,,
2025. 11. 29 오후 5:53:17,3,18206150,Task3,,담낭 견인을 유지하여 CVS를 확보한 상태에서 담낭담관의 클립/절단을 시행한다. 담낭동맥도 같은 클립/절단 방법으로 시행 후 담낭벽에 붙여 박리를 완료한다. BDI와 출혈의 위험이 낮은 상태로 안전한 복강경 수술이 종료 될 수 있다. ,1,1,2,3,5,5,4,4,5
2025. 11. 30 오후 10:13:44,6,187011975,Task1,,"담낭의 neck과 infundibulum은 염증과 부종을 보이는 상태이며, left-handed grasper 는 담낭의 neck을 견인하고 right-handed clipper는 cystic duct를 clipping하고 있다. 담낭 쪽의 cystic duct에서 약간의 담즙 누출이 있으나 경미한 정도이다. cystic artery는 확인되지 않고, mild oozing bleeding이 있다. 담낭은 liver bed에 부착되어 있다.",3,3,3,4,4,3,,,
2025. 11. 28 오후 6:03:09,7,193048075,Task1,,"왼쪽 grasper로 담낭 infundibulum을 측방 견인하고 있으며, 우측 clip instrument로 hepatic artery를 clipping 하고 있다. 간담낭삼각이 대부분 정리되어 있으며 약간의 염증 소견, oozing, bile staining된 흔적이 보인다. clip instrument 아래로 cystic duct로 보이는 구조물이 관찰된다. 담낭 하부는 일부 분리된 것으로 보이며, 출혈과 bile staining이 된 것으로 보아 liver capsule의 손상이 발생한 것으로 추측된다. ",2,4,2,3,3,3,,,
2025. 11. 28 오후 6:05:50,7,193048075,Task2,1,"CVS는 충분히 확보된 상태로 보이며, cystic artery를 clipping하는 단계이다. 다만 담낭 하부 박리가 이루어진 간 표면에서 미세출혈과 bile staining된 것으로 미루어 보아 liver의 capsule 손상이 발생했을 가능성이 있어 충분한 지혈과 담즙 누출 확인이 필요하다. ",2,3,2,4,2,2,,,
2025. 11. 28 오전 1:06:42,7,187011975,Task3,,clipping을 시행하기 전 왼쪽 grasper를 통한 담낭의 traction을 현재보다 외측으로 확실하게 이동시켜 infundibulum에 의해서 가려진 후방을 확인하는 과정이 필요하다. 이후 CVS확보를 위해 추가적인 dissection이 필요하다면 이를 시행 후 cystic artery를 확실히 확인하는 과정이 반드시 수반되어야 한다. 유착으로 인한 infundibulum과 liver의 분리가 어렵다면 fundus부터 박리를 시행하는 전략도 안전한 수술완료를 위해 필요할 것으로 판단된다.  ,3,3,4,4,3,3,4,4,4
2025. 11. 28 오후 6:12:41,7,194020925,Task1,,"담낭이 팽창되어 보이나 염증은 경미하다. 부분적인 복막 정리가 이루어졌고, cystic duct와 artery가 상당부분 관찰된다. 후방 복막에 미세한 oozing이 관찰되고, 담낭 하부는 아직 분리되지 않았다. 담즙 누출은 보이지 않는다. ",1,4,3,4,2,4,,,
2025. 11. 30 오후 10:19:40,6,187011975,Task3,,"클립을 아직 적용하지 않는다. 담낭쪽에서의 추가적인 박리를 통해 시야를 개선하고 cystic artery를 확인, CVS 를 얻은 뒤 안전하게 clipping 한다면 합병증 위험성을 낮출 수 있다.",3,2,4,4,4,3,3,4,3
2025. 11. 28 오후 6:21:44,7,194020925,Task3,,"Cystic duct와 artery의 skeletonization을 추가적으로 시행하고, posterior window의 soft tsissue를 추가적으로 정리한다. 이후 담낭 하부를 간에서 분리하여 CVS를 확보한 뒤 cystic artery및duct를 클립,절단 한다. 이후 담낭의 박리를 완료하고 지혈한뒤 수술을 종료한다. 염증이 심하지 않은 상태로 수술은 최소한의 출혈로  무사히 복강경적으로 완료될 가능성이 매우 높다. ",2,4,3,4,3,2,4,4,3
2025. 11. 28 오후 6:28:48,7,195036650,Task1,,"간담낭은 염증 소견이 매우 경미하며, 유착은 없다. oozing은 거의 없으며, 담즙 누출도 없다. 담낭 하부 극히 일부분이 분리된 상태이다. cystic duct, artery가 있을 것으로 예상되는 부위는 예측이 가능하나 instrument에 가려져 있어 명확히 확인되지 않는다.",3,4,3,4,3,4,,,
2025. 11. 28 오후 6:32:39,7,195036650,Task2,3,"calot's triangle의 초기 박리 과정을 보여주고 있으며, 아주 경미한 oozing만이 보이고 있다. cystic duct의 일부분으로 추측할 수 있는 구조물이 instrument 뒤쪽으로 보이나 cystic artery는 보이지 않는다. 확실한 CVS 확보를 위해 추가적인 박리가 필요하다. 염증이 심하진 않아 BDI risk는 높지 않을 것으로 판단되나 확실한 CVS는 반드시 이루어져야 한다. ",3,4,4,4,2,3,,,
2025. 11. 28 오후 6:37:11,7,195036650,Task3,,"담낭 견인을 통해 시야 확보를 최적화하고 calot's triangle의 전,후복막 절개 및 둔성 박리를 시행하여 cystic artery, duct를 skeletonization 한다. 이후 담낭 하부를 분리하여 CVS를 완성시키고, cystic duct와 artery를 클립 및 절단한다. 염증이 심하지 않아 CVS 확보에 어려움은 없을 것으로 보여 안전한 복강경적 수술이 이루어질 것으로 보인다. ",4,4,3,4,3,3,4,4,3
2025. 11. 28 오전 12:50:31,7,187011225,Task1,,"hepatocystic triangle의 충분한 박리가 이루어진 것으로 보이며 경미한 출혈이 관찰되나 담즙 유출이나 유착은 없다. cystic duct가 관찰되며, cystic artery는 확인되지 않으나 cautery 과정 중에서 division 되었을 가능성도 있다. ",2,3,4,4,3,3,,,
2025. 11. 30 오후 4:19:40,8,187011225,Task2,4,CVS 확보를 위한 간담낭삼각 박리가 이루어지고 있는 과정이다. 담낭관으로 추정할 수 있는 관상구조물이 부분적으로 박리되어 있으나 oozing으로 인해 수술시야에 제한이 있다. CVS를 확보하기 위해 지혈과 함께 세심한 박리가 지속되어야 한다. 두 개의 관상 구조물이 충분히 골격화되기 전까지 클립을 시행해서는 안되고 현재는 BDI risk가 높은 상태이다.,2,2,4,4,3,4,,,
2025. 11. 28 오전 12:54:36,7,187011225,Task2,1,calot's triangle 박리 단계이며 cystic duct 주변에 posterior window가 상당부분 형성되었으나 뒤쪽 복막을 추가적으로 박리하는 것이 필요해 보인다. cystic artery로 보이는 구조물은 확인되지 않으며 hook으로 인한 cautery 과정 중에서 division 되었을 가능성도 고려해 보아야 한다. CVS는 충족되지 않았으나 cystic duct의 skeletonization이 상당 부분 진행되어 BDI risk는 낮을 것으로 판단된다. ,3,3,4,4,4,4,,,
2025. 11. 28 오후 7:00:01,7,197062475,Task1,,"hepatocystic triangle은 skeletonization이 상당부분 진행되었으며 중등도의 염증이 있었던 것으로 보인다. cystic duct와 artery가 관찰되며 artery는 clipping을 시행하고 있다. 담낭 하부는 부분적으로만 분리가 되어있고, 담낭 벽은 두꺼워져 보이며 chronic inflammation이 있었을 것으로 보인다.  omentum 등의 주변 구조물들과도 유착이 있었을 것으로 보이며 현재는 유착을 정리한 뒤의 과정으로 판단된다.  ",1,2,1,3,4,4,,,
2025. 11. 30 오후 10:25:33,6,187011225,Task2,3,이 프레임은 Calot’s dissection이 진행 중이며 cystic duct의 부분적 skeletonization과 cystic plate의 부분적 노출을 보여준다. 출혈이 있으나 시야는 양호하다. CVS가 아직 충족되지 않았으므로 cystic artery를 확인하고 담낭 하부를 박리한다면 안전하게 담낭절제술을 시행할 수 있다. ,3,2,4,4,4,3,,,
2025. 11. 28 오후 7:05:45,7,197062475,Task2,2,calot't triangle의 박리 이후 cystic artery를 클립하는 상태를 보여준다. 담낭 하부도 일부분 분리된 것으로 보이며 CVS는 충분히 완성된 것으로 판단된다. CVS를 확보하여 BDI risk는 낮을 것으로 보이나 담낭과 주변 구조물 사이의 염증이 심하여 cystic duct와 artery의 클립 및 절단 이후 담낭을 분리하는 과정에서 liver capsule등의 구조물에 손상이 가지 않도록 주의할 필요가 있다. ,2,1,2,3,4,3,,,
2025. 11. 28 오전 12:57:33,7,187011225,Task3,,"담낭에 인접한 전,후복막 박리를 신중히 계속하여 posterior window를 확대하고 cystic artery를 찾는 과정이 필요하다. 이후 skeletonization이 완전히 이루어지면 CVS를 도달하도록 담낭 하부를 박리한다. 출혈로 인한 시야확보의 어려움을 방지하기 위해 지혈은 필요할 것으로 판단된다. 또한 출혈의 원인을 cautery로 인한 cystic duct의 division 가능성도 고려해보는 것이 안전한 수술을 위해 도움이 될 것으로 판단된다. ",3,3,3,3,4,4,3,3,4
2025. 11. 28 오후 9:30:05,10,166012950,Task2,2,Calot’s triangle을 전방에서 박리중이며 cystic duct와 cystic artery의 골격화 및 CVS는 확보되지 않았다. 담낭의 lateral side traction을 유지하며 posterior window를 형성하여 골격화를 하고 하부 담낭을 liver bed로부터 박리하여 안전성 확인 후 clipping 및 cut을 시행해야 한다. 염증상태가 심하지 않으므로 담낭쪽으로 붙여서 박리하면 BDI risk는 낮을 것으로 보인다.,4,4,4,4,3,4,,,
2025. 11. 28 오후 7:13:26,7,198034950,Task1,,"calot's triangle은 부분적인 복막박리가 이루어졌으며, 미량의 출혈이 관찰된다. 유착이나 염증 소견, 담즙누출은 관찰되지 않는다. 담낭관은 일부만 골격화 되어 있으며, 담낭동맥은 확인되지 않는다. ",2,4,4,3,5,5,,,
2025. 11. 28 오후 7:18:39,7,198034950,Task2,1,"calot's triangle 박리 단계 초기로 hook을 이용하여 박리중이다. 담낭관 일부과 노출되어 있으나 cystic artery는 관찰되지 않으며, CVS는 확보되지 않았다. 염증이 없어 수술의 어려움은 없겠으나, 클립 적용 전까지 BDI risk를 최소화하기 위해 주의 깊은 skeletonization 및 지혈, 완전한 CVS의 확보가 필요하다. ",2,4,4,2,4,4,,,
2025. 11. 28 오후 9:30:01,10,166012950,Task3,,"calot's triangle의 전/후방 박리를 완료하여 cystic duct와 cystic artery의 골격화를 시행하고, 하부 담낭을 liver bed로부터 충분히 박리하여 CVS 확보 후 cystic duct와 cystic artery를 각각 clipping 및 cut한다. 염증이 심하지 않은 case로 담낭의 적절한 traction과 담낭측으로 붙여서 박리할 경우 BDI의 가능성은 낮아 합병증 없이 복강경적 수술로 완료할 것으로 기대된다.",5,4,4,3,2,4,2,5,4
2025. 11. 28 오후 7:26:20,7,198034950,Task3,,traction을 최적화하고 담낭에 가까운 곳의 전방 및 후방 복막 박리를 주의 깊게 진행하여 cystic artery의 skeletonization 까지 완료한다. 이후 담낭 하부를 박리하여 CVS를 확보한 뒤 duct와 artery를 클립 및 절단한다. 미세출혈은 지혈하고 열 확산을 최소화한다. 이후 담낭을 liver bed에서 안전하게 분리한 뒤 수술을 종료한다. ,4,5,4,3,4,4,4,5,5
2025. 11. 30 오후 10:28:20,6,187011225,Task3,,담낭에 인접한 전·후 복막 박리를 신중히 계속하여 후측 창을 확대하고 cystic artery를 확인하여 CVS 를 확보한다면 합병증 위험성을 낮출 수 있다. ,3,2,4,3,3,3,2,4,3
2025. 11. 28 오후 4:06:47,4,186033250,Task1,,"담낭하부가 견인되어 간에서 떨어져 있음
담낭관으로 추정되는 부위에 클립 시도중
경미한 출혈
염증 정도는 경미",2,2,3,4,4,5,,,
2025. 11. 28 오후 8:41:13,7,199027000,Task3,,"담낭에 가깝게 둔성 박리 및 최소한의 전기소작으로 hepatocystic triangle을 완전히 정리하여 cystic artery의 skeletonization의 완료와 posterior window를 확실히 확보한 뒤 담낭하부를 박리한다. 이 때 담낭 뒤쪽에서 간으로 주행하는 혈관 variation의 가능성이 있으니 혈관손상 및 출혈에 주의한다. 이후 cystic duct와 artery를 클립, 절단한 뒤 역행성 담낭절제술을 완료한다. ",4,3,4,4,4,4,3,4,4
2025. 11. 30 오후 12:31:26,3,186033250,Task2,2,Calot's triangle 박리 후 담낭담관에 클립 적용 중이다. 현재 시야에서 기구에 가려 시야가 제한 되지만 posterior window가 충분히 확보 되었을 것으로 추정되며 안전한 클립/절단이 가능할 것으로 보인다. 담낭하부를 간에서 분리하며 담낭동맥의 섬세한 박리를 추가로 진행 할 경우 완전한 CVS를 확보하여 BDI의 위험을 더 낮출 수 있을 것으로 보인다.,2,3,3,4,4,4,,,
2025. 11. 30 오후 4:05:38,2,186033250,Task3,,CVS 의 조금더 확보를 위해 cystic artery 를 확인할 필요성이 있음 artery 를 좀더 골격화 하여 ligation 후 cystic duct 를 ligation 한다 지금 보이는 출혈 정도는 수술진행에 영향을 주지 않는다,3,3,3,3,3,3,3,3,3
2025. 11. 30 오후 4:03:21,8,186027250,Task1,,"담낭 경부와 간담낭삼각이 부분적으로 박리되고 있는 과정이며, 중등도의 염증 소견과 경미한 oozing을 동반하고 있다. 담낭관으로 추정가능한 한개의 관상구조물이 부분적으로 박리 및 골격화 되어있다. 담낭 하부는 아직 간 표면으로부터 충분히 분리되지 않은 상태이며 담즙 누출 소견은 없다.",3,3,3,3,4,4,,,
2025. 11. 28 오후 8:57:17,7,201046050,Task1,,"Calot's triangle의 완전한 박리 후 가벼운 oozing이 있으며 cystic duct와 artery는 잘 노출되어 있다. 담즙 누출이나 유착 및 출혈은 보이지 않는다. cystic artery는 clipping 시행중이고, cystic duct도 skeletonization이 잘 되어 있다. cystic plate는 부분적으로 노출되어 있어 담낭 하부가 부분적으로 박리되었을 것으로 보인다. ",2,2,2,3,5,5,,,
2025. 11. 28 오후 8:59:58,7,201046050,Task2,1,"간담낭삼각이 잘 노출되고 cystic artery, duct가 명확히 확인된 상태에서 cystic artery를 clipping하는 단계이다. 보다 나은 posterior window를 확보하기 위해 담낭 하부를 더 박리할 수도 있겠지만 반드시 필요한 과정은 아닐 것으로 판단된다. 담낭 자체의 염증은 중등도 정도로 보이나 calot's triangle 주변 조직들의 염증은 경미하여 BDI risk는 매우 낮을 것으로 판단된다. ",2,2,2,4,4,3,,,
2025. 11. 30 오후 4:06:37,8,186027250,Task2,4,"이 프레임은 CVS 확보를 위한 Calot 삼각 박리 과정을 보여주며, 염증성 유착과 oozing으로 인해 구조물의 확인이 어렵다. 담낭관으로 추정되는 관상 구조물이 부분적으로 골격화 되어있으나 BDI risk가 높은 상태로 전기소작기 사용에 유의하며 추가적인 박리를 시행하여야한다. 담낭관이나 담낭동맥이 노출되지 않은 상태로 두개의 관상구조물에 대한 추가적인 박리와 골격화가 요구된다.",3,2,4,3,4,4,,,
2025. 11. 28 오전 12:46:56,7,186027250,Task3,,"calot's triangle 을 담낭에 인접하여 세심하게 박리하여 cystic artery를 명확히 확인하고, cystic duct 하부 주변의 soft tissue를 보다 확실히 정리하여 CVS를 달성하는 것이 안전한 수술을 위해 중요하다. 염증으로 인한 soft tissue의 edematous change 및 미세 출혈 등으로 인하여 skeletonization을 지속하는데 어려움이 있을 수 있으나  CVS를 확보한다면 bailout 등의 전략까지는 시행하지 않아도 될 것으로 보인다. ",3,3,4,4,4,4,4,4,4
2025. 11. 28 오후 5:52:26,3,165023650,Task2,3,Calot's triangle dissection이 진행되고 있는 상태로 cystic duct가 부분적으로 골격화 되어가는 단계이다.  Posterior/anterior peritoneum dissection은 진행되었으나 아직 CVS가 확보되지 않은 상태로 담낭담관의 추가 골격화 및 담낭동맥의 박리가 필요하다. 담낭의 염증 정도는 경미한 상태로 하부담낭의 박리 및 담낭동맥 박리가 진행 된 후 클리핑/절단 진행하는 것이 BDI risk를 낮출 수 있을 것으로 보인다. ,4,4,3,4,5,5,,,
2025. 11. 28 오후 5:56:32,3,165023650,Task3,,Calot's triangle 박리가 부분적으로 진행된 상태로 CVS를 확보하기 위한 dissection을 추가로 진행한다. CBD/CHD의 손상을 최소화 하기 위해 담낭쪽으로 담낭하부 1/3을 분리하고 담낭담관 및 담낭동맥의 골격화를 확보한 후 클리핑/절단을 시행한다. 안전한 박리를 진행하면 출혈 및 BDI의 위험이 높지 않게 복강경 담낭 절제술로 완료될 것으로 예상된다.,4,3,4,2,4,4,3,4,4
2025. 11. 28 오전 12:25:33,7,186022750,Task1,,"간담낭삼각에 유착은 없으나 경미한 염증이 있으며 약간의 oozing이 관찰된다. cystic duct로 보이는 구조물이 부분적으로 확인되나 추가적인 skeletonization이 필요하며, cystic artery는 확인되지 않는다. 담낭 하부도 박리되지 않은 상태이며 CVS를 확보하기 위한 초기 단계이다. ",3,3,3,4,4,3,,,
2025. 11. 28 오후 8:42:35,3,165024400,Task2,2,Calot's triangle 박리가 진행된 후 담낭담관의 clipping을 시도하고 있다. 담낭하부는 liver bed에서 박리되지 않은 상태로 CVS가 완벽하게 확보되지는 않았으나 담낭담관과 담낭동맥의 부분적 골격화는 진행되어 있어 클립/절단을 시행해 볼 수 있는 상태이다. ,2,3,2,2,4,3,,,
2025. 11. 30 오후 10:06:59,6,186022750,Task2,4,이 증례는 Calot’s triangle 노출 단계로 복막은 열렸으나 주변 조직이 명확하게 정리되지 않았다. cystic duct와 artery 등 주요 구조물이 명확하게 보이지 않아 추가적인 박리가 필요하며 담낭 하부의 박리도 필요하다. 현재로써는 CVS 가 충족되지 않았기에 BDI risk가 높다.,3,2,4,4,4,3,,,
2025. 11. 30 오후 5:11:14,9,167020200,Task1,,"Calot's triangle이 부분적으로 박리되었다. Cystic artery는 본사진에서 명확히 보이진않으나, Clipper로 결찰될 것으로 보인다. 염증은 경하며, 유착도 보이지 않는다. 미세출혈들이 동반되어 있다. ",3,3,2,4,3,3,,,
2025. 11. 28 오후 9:48:07,10,166014450,Task2,3,calot’s triangle의 박리로 cystic duct의 골격화는 되었으나 cystic artery의 골격화 여부 및 담낭 하부의 박리 여부는 기구에 가려져 확인이 어려워 CVS 확보 여부는 알수 없다. 염증 및 유착이 심하지 않으므로 적절한 담낭의 traction 및 hepatocystic triangle의 충분한 fibro-fatty tissue의 제거를 통한 CVS 확보 후 clipping 및 cutting을 하면 안전한 복강경적 수술이 완료될 것으로 예상된다.,4,4,3,3,5,5,,,
2025. 11. 28 오후 8:43:28,3,165024400,Task3,,담낭 하부 1/3을 liver bed로부터 추가 박리 시행 후 담낭담관을 클립으로 결찰 후 절단 한다. 이후 담낭동맥을 확인하여 클립/절단 진행한다. BDI risk는 낮는 상태로 추측되며 복강경 담낭절제술의 완료가 가능할 것으로 예상된다. ,4,3,4,3,5,5,4,4,5
2025. 11. 28 오후 9:01:39,3,168027925,Task1,,Calot's triangle이 박리되어 있는 상태로 담낭담관과 담낭동맥이 골격화 되어있는 상태이다. 담낭은 염증 소견을 보이지 않고 있고 담낭하부가 간에서 분리되어 있으며 담낭동맥의 클립 결찰이 진행되고 있다. 박리부위는 담즙누출이나 출혈 소견을 보이지 않는다. ,1,3,1,3,5,5,,,
2025. 11. 28 오후 10:01:46,9,168024925,Task1,,"경미한 염증소견이 보이며, Calot's triangle이 명확히 보이고 있다. Cystic artery, duct가 명확히 확인되어 CVS를 확보할 수 있다. 유착은 보이지 않으며, 출혈이나 체액의 누출도 보이지 않는다.",4,4,4,4,4,4,,,
2025. 11. 28 오후 10:01:54,10,166014450,Task3,,hepatocystic triangle을 완전히 박리하여 cystic duct와 cystic artery의 골격화 및 하부 담낭을 liver bed로부터 박리하여 CVS를 확보 후 clipping과 cut을 시행한다. 염증 및 유착이 심하지 않으므로 적절한 담낭의 traction 및 hepatocystic triangle의 충분한 fibro-fatty tissue의 제거를 통해 CVS 확보 후 clipping 및 cutting을 하면 BDI 없이 안전한 복강경적 수술이 완료될 것으로 예상된다.,5,4,4,3,3,3,4,2,4
2025. 11. 28 오전 12:16:31,7,185012750,Task1,,"담낭벽이 두꺼워지고 edematous change를 보이며 약간의 삼출물이 있다. 간담낭 삼각에 염증으로 인한 유착이 있으며 미세 출혈이 관찰된다. cystic duct로 추정되는 구조물을 clipping 하고 있는 것으로 보이며, cystic artery는 확인되지 않는다. 하부 담낭은 아직 박리되지 않았으며, 그 외 담즙누출 등의 이상 소견은 보이지 않는다.",3,3,3,3,4,5,,,
2025. 11. 30 오후 5:57:54,9,16904175,Task1,,"Calot's triangle의 박리가 일부 진행되었으며, Cystic duct와 Artery가 완벽히 Isolation된 것은 아니나 박리되어 드러나고 있다. 경도의 염증이 보이며,  유착은 보이지 않는다. 출혈도 경미하게 있으며 체액의 누출도 보인다. ",5,4,4,3,4,4,,,
2025. 11. 28 오후 10:30:25,10,167014950,Task2,3,"Calot’s triangle의 초기 박리단계로, cystic duct는 부분적으로 보이나 cystic artery는 관찰되지 않고 있고, Cystic duct의 전방의 구조물은 Calot node로 추정된다. cystic duct와 cystic artery의 골격화 및 하부담낭의 박리 전으로, clipping 전에 담낭측에 붙여 조심스럽게  추가 박리를 함으로써 BDI를 예방할 수 있다.",2,2,3,3,2,2,,,
2025. 11. 28 오전 12:19:23,7,185012750,Task2,3,"cystic duct를 clipping하는 과정이며 CVS를 만들기 위한 과정이 어느 정도 진행된 상태이나 cystic artery는 확인되지 않는다. 지금 바로 클립을 적용하는 것 보다는 CVS를 달성하기 위해 주변 유착 조직을 정리하고, 미세출혈을 지혈하며 skeletonization을 더 시도해보는 것이 좋을 것으로 판단된다. 또한 담낭 하부를 분리하는 과정도 필요하다. ",3,3,3,3,4,4,,,
2025. 11. 30 오후 6:09:20,9,171011550,Task1,,"염증은 없어보이며, Infundibulum아래로 박리가 조금 되었으나, Cystic artery가 보이진 않고, Cystic duct는 겉으로 드러나있다. 유착은 보이지 않으며, 출혈도 보이지 않고, 체액의 누출도 없다. ",3,4,4,4,5,5,,,
2025. 11. 28 오후 11:12:39,10,167020200,Task1,,"calot's triangle이 일부 박리되었으나 복강경 기구에 가려져 posterior window가 만들어졌는지 여부나 관/동맥 구조물의 골격화 여부는 명확하지 않다. 박리부위의 소량의 출혈이 있으며,  유착이나 담즙누출, 기타 이상소견은 없다. 좁은 범위의 하부 담낭이 liver로부터 박리되었으며, 이부분의 출혈은 없다.",4,3,2,5,3,4,,,
2025. 11. 30 오후 6:25:01,9,172037900,Task1,,"중등도의 담낭 전반에 염증이 보인다. 유착은 보이지 않으며, 담낭 전반으로 혈관의 충혈이 관찰된다.  출혈 및  중간의 체액의 누출도 보인다.",3,3,4,4,2,3,,,
2025. 11. 28 오후 11:05:42,10,167020200,Task2,3,Calot's triangle의 박리 및 하부담낭의 박리도 부분적으로 시행되었으나 복강경 기구에 의해 가려져 관/동맥의 골격화는 알 수 없다. Cystic duct를 조심스럽게 견인하면서 소량의 출혈을 보이는 cystic artery를 clipping하고 있는 것으로 추정할 수 있으나 시야 문제로 확신할 수 없으며 clipping 및 cut은 CVS 확보 후에 시행되어야 된다.,3,2,2,3,4,4,,,
2025. 11. 30 오후 6:35:59,9,173023600,Task1,,"Hepatocystic triangle의 박리가 일부 진행되었으며, cystic artery와 duct는  이 시야에서는 보이지 않는다. Dissection부위로 미세 출혈과 삼출액의 누출이 보인다. ",4,3,3,4,3,4,,,
2025. 11. 28 오후 11:13:11,10,167020200,Task3,,적절한 traction과 지혈을 통해 시야를 확보하고 담낭에 붙여서 hepatocystic triangle의 박리를 완료하여 CVS를 확보한다. cystic duct와 cystic artery의 골격화를 확인한 후 clipping 및 cut을 시행하여 총담관의 손상을 예방하면 합병증 없이 복강경하 담낭절제술을 완료할 것으로 예상한다.,4,2,5,4,4,5,4,4,3
2025. 11. 28 오후 9:04:51,3,168027925,Task2,1,담낭동맥에 클립을 적용하는 모습이다. Calot's triangle이 충분히 박리되어 담낭담관과 담낭동맥이 명확히 구분되고 있어 CVS가 충분히 확보되었다고 볼 수 있는 상태로 BDI의 risk는 낮다.,1,1,1,1,4,4,,,
2025. 11. 28 오후 9:14:25,3,168027925,Task3,,CVS는 충분히 확보되어 있는 상태로 담낭동맥을 클립하고 절단한 다음 담낭담관을 확인 후 클립 및 절단을 진행한다. 출혈 및 담즙 누출 소견은 보이지 않는 상태로 안전한 클립 위치 선정과 절단을 진행 할 경우 BDI 위험 없이 복강경으로 수술을 완료할 수 있다. ,2,2,2,2,5,4,4,4,5
2025. 11. 28 오후 9:56:01,3,169011675,Task1,,Calot's triangle은 대부분 박리가 진행된 상태로 담낭담관과 담낭동맥이 확인된다. 담낭동맥의 클리핑이 진행되고 있으며 담낭 하부는 부분적으로 간에서 분리되어 있다. 삼출성 출혈소견은 보이나 담즙 누출을 동반되지 않으며 염증 소견이 동반되고 있다. ,2,3,3,2,4,4,,,
2025. 11. 28 오전 12:22:52,7,185012750,Task3,,cystic duct의 clipping을 중단하고 retraction을 보다 효율적으로 하여 cystic artery의 skeletonization까지 완전하게 이룬 상태에서 수술을 더 진행하는 것이 좋을 것으로 판단된다. 또한 미세출혈을 조절하면서 수술을 진행하는 것이 도움이 될 것이다. CBD로 보이는 구조물이 같이 확인되고 있어 bile duct injury의 가능성은 낮을 것으로 판단되나 다른 해부학적 변이로 인한 잘못된 혈관결찰 등의 발생을 예방하기 위해서라도 cystic artery의 skeletonization은 반드시 필요하다. 여전히 구조물 확인이 불완전하다면 intraopcholangiography를 시행하는 것도 완전한 담낭절제를 위해 도움이 될 수 있다. ,3,3,3,3,4,3,4,4,4
2025. 11. 29 오전 12:10:37,3,169011675,Task3,,담낭동맥의 클립/절단을 완료한 후 CVS를 재확인 한 뒤 담낭담관의 결찰 및 절단을 진행한다. 남은 담낭을 liver bed에서 박리한 후 출혈 부위를 확인하여 지혈을 시행한다. CVS를 확인하며 진행할 경우 안전한 복강경 담낭절제술이 완료될 것으로 보인다. ,2,4,2,3,4,4,4,4,4
2025. 11. 29 오전 12:15:21,3,170054800,Task1,,담낭경부는 염증 소견을 보이고 있으며 Calot's triangle은 부분적으로 박리되었으나 담낭담관/담낭동맥의 구조물은 확인되지 전이다. 박리 과정에서 출혈 부위과 확인되고 bipolar coagulation으로 지혈을 지도 중이다.,4,4,4,3,4,4,,,
2025. 11. 29 오전 12:20:29,3,170054800,Task2,4,Calot's triangle 박리 단계에서 bipolar로 지혈이 시행되고 있다. 담낭담관/담낭동맥은 아직 명확히 골격화 되지 않고 있는 상태로지혈을 시행하는 부위가 명확히 구분되지 않아 BDI의 risk가 높을 것으로 판단되다. 안전한 수술을 위해 CVS 확보가 필요하다.,4,3,4,3,4,4,,,
2025. 11. 29 오전 12:26:25,3,170054800,Task3,,"담낭 하부의 적절한 견인을 유지하며 Calot's triangle의 추가적 박리를 진행한다. 박리는 담낭측에서 진행하며 구조물이 확인되지 전 bipolar 사용은 최소화 하는 것이 BDI의 위험을 낮출 수 있을 것으로 보인다. CVS가 명확히 확인될 때 담낭담관/담낭동맥의 결찰 및 절제를 진행하며, 구조 확인이 어렵다면 fundus에서부터 박리를 진행하거나 subtotal cholecystectomy도 고려할 수 있다. 수술은 CVS의 확보를 진행한다면 안전하게 복강경 담낭절제술로 완료 가능하다. ",4,4,4,3,4,4,4,4,4
2025. 11. 29 오전 9:49:30,3,170057800,Task2,4,담낭경부의 견인이 유지된 상태에서 monopolar hook을 이용한 Calot's triangle 박리가 이루어지고 있다. 담도 손상을 시사하는 담즙누출은 보이지 않으나 박리조직 주변 삼출성 출혈이 보이고 있다. 담낭담관과 담낭동맥의 구분이 명확하지 않은 단계로 BDI risk를 낮추기위해 ant'/post'에서 담낭쪽의 추가 박리가 진행되어야 한다. ,3,4,4,4,4,4,,,
2025. 11. 29 오전 9:57:15,3,170057800,Task3,,담낭하부의 견인을 유지하면서 담낭 측으로 ant/post 박리를 진행하여야 한다. 담낭하부를 간에서 박리하여 최대한 CVS를 확보하여 담낭담관/ 담낭동맥의 확인이 명확할 때 결찰/절단을 진행하는 것이 필요하다. 염증에 의한 유착으로 구조물의 구분이 명확하지 않을 경우 CBD/CHD injury의 위험이 높을 수 있으므로 fundus-first 전략으로의 전환이 필요 할 수 있으며 subtotal cholecystectomy를 선택하는게 안전할 수 있다. 신중한 접근을 시행 할 경우 복강경으로 담낭절제술을 종료할 수 있다. ,4,3,4,4,4,3,4,4,3
2025. 11. 29 오전 10:13:08,3,170074300,Task1,,담낭 주변 섬유회지방조직이 관찰되며 염증 소견을 시사한다. 간담낭삼각의 박리가 이루어진 상태로 담낭동맥과 담낭담관으로 추정되는 구조물이 골격과 되어 있으나 명확한 구분은 어려운 상태이다. 클립이 담낭담관으로 추정되는 구조물이 얹어져 있는 상태이며 박리가 진행된 부분에 조직의 탄화가 확인된다. ,2,3,2,4,3,4,,,
2025. 11. 29 오전 10:15:51,3,170074300,Task2,4,담낭담관으로 추정된 구조물의 클립핑이 시행되는 단계이다. 클립 시행 전 주변 구조물을 확인하여 CVS를 확인하는 것이 필요할 것으로 보인다. 골격화된 구조물이 담낭담관이 맞는지 후방에서 확인 후 진행하는 것이 BDI를 낮출 수 있다.,2,3,2,3,4,3,,,
2025. 11. 29 오전 10:20:07,3,170074300,Task3,,담낭담관의 클리핑을 미루고 calot's triangle을 전/후방에서 확인하여 CVS를 점검한다. 담낭동맥을 확인하여 우선 클립/절단 시행한 뒤 담낭담관이 완전히 골격화 되었을 경우 담낭쪽에 붙여 클립 및 절단을 시도해 볼 수 있다. 현재 상태에서 추가적인 박리로도 구조물의 구분이 확실하지 않다면 fundus-first aproach를 통해 CBD/CHD injury를 피할 수 있다. 신중한 임상적 판단을 동반할 시 복강경으로 수술을 완료할 수 있다.  ,4,4,4,4,4,3,4,4,4
2025. 11. 29 오전 11:02:22,9,174022700,Task1,,"담낭의 염증이 보이며, 섬유화가 동반된 것으로 보아 아급성기의 염증으로 보인다. 중등도의 유착이 Hepatocystic triangle에 보인다. 출혈이나 체액의 누출은 없어 보인다. ",2,4,2,4,3,3,,,
2025. 11. 29 오전 10:44:53,3,172040900,Task1,,담낭과 주변 조직에 염증성 부종 및 삼출 소견이 관찰되며 섬유지방성 유착이 있는 상태다. 담낭담관의 골격화는 진행되어 있는 상태로 후방으로 담낭동맥 추정 구조물이 보이고 있다. 답즙 누출은 보이지 않으나 약간의 출혈이 동반된다.,4,3,4,4,5,5,,,
2025. 11. 29 오후 2:09:40,4,185012000,Task1,,"담낭에는 염증소견이 거의 없음
담낭 하부 쪽으로 박리가 이뤄지고 있으나
담관 이나 담관동맥이 보이지는 않는다.",3,3,4,4,4,3,,,
2025. 11. 29 오전 10:50:59,3,172040900,Task3,,적절한 담낭하방의 견인을 유지하며 담낭동맥 주변과 담낭하부의 박리를 시행 할 경우 CVS의 확보가 가능할 것으로 보인다. 완전한 골격화가 진행된 이후 담낭동맥과 담낭담관의 클립/결찰을 시행 후 적절한 지혈이 진행된다면 CBD/CHD injury없이 복강경으로 수술을 종료 할 수 있을 것으로 보인다. ,4,3,4,3,4,4,4,4,4
2025. 11. 29 오전 11:17:08,9,174024950,Task1,,"담낭은 경미한 염증소견이 보인다. 유착은 보이지 않으며, 출혈이나 삼출액의 누출도 보이지 않는다. Heptocystic triangle이 부분적으로 박리되어 있으며, Cystic artery로 추정되는 구조를 clipper로 결찰 중이다. ",4,4,4,3,5,4,,,
2025. 11. 29 오전 11:06:02,3,175070625,Task1,,담낭은 염증 소견을 보이고 있으며 섬유지방성 유착을 보이고 있다. Calot's 삼각은 부분적 박리가 이루어져 있으며 담낭담관으로 추정되는 구조물이 확인되나 담낭동맥은 명확히 구분되지 않는다. 담즙누출 소견은 없으며 박리면의 삼출이 관찰된다. ,4,4,4,4,3,4,,,
2025. 11. 29 오전 11:08:25,3,175070625,Task2,3,담낭하부가 외측으로 견인된 상태에서 담낭담관 추정 구조물의 박리/encircling이 시도되고 있다. 아직 담낭동맥의 구조는 명확히 구분되고 있지 않은 상태로 CVS를 확보하기 위한 추가적인 박리가 필요할 것으로 보인다.  현재 단계에서는 BDI의 위험이 존재한다. ,3,5,4,4,4,3,,,
2025. 11. 29 오전 11:11:29,3,175070625,Task3,,"담낭의 견인을 유지한 상태에서 blunt/sharp dissection을 통해 담낭담관과 담낭동맥의 골격화를 추가로 진행하여 CVS의 확보가 필요하다. 담낭측의 추가 박리가 진행될 경우 구조물의 명확한 구분이 가능할 것으로 보이며, 클립 및 결찰을 순차적으로 진행하면 CBD/CHD의 손상 위험 없이 안전한 복강경 담낭절제술의 완료가 가능할 것으로 예측된다. ",4,3,4,3,4,3,4,4,4
2025. 11. 29 오전 11:46:55,3,175072125,Task1,,담낭은 염증 소견을 보이고 있으며 유착된 조직이 관찰된다. Calot's 삼각이 부분적으로 박리되어 있으며 담낭담관 추정 구조물이 확인되며 담낭동맥은 아직 명확히 골격화 되지 않았다. 박리부위 조직에서 삼출성 출혈양상이 보이고 있으며 담즙 누출은 보이지 않는다. ,3,4,4,4,4,4,,,
2025. 11. 29 오전 11:51:02,3,175072125,Task2,3,Calot's triangle dissection이 진행 중이다. suction을 이용한 blunt dissection이 이루어지고 있으며 담낭하부가 외측으로 견인되고 있다. 담낭담관이 부분적으로 골격화되어 확인되며 담낭동맥 추정 부위 및 담낭하부의 추가 박리가 필요하다. 현재는 안전한 절단을 위한 CVS가 확보 되지 않은 상태로 BDI의 위험이 있다. ,4,3,4,3,4,3,,,
2025. 11. 29 오전 11:55:58,3,175072125,Task3,,Suction을 이용해서 담낭하부의 blunt dissection을 추가로 진행하며 담낭동맥 주변을 정리하여 CVS를 확보한다. posterior window 확보가 필요하며 유착 부위의 sharp dissection이 추가로 필요할 수 있으며 담낭쪽으로 박리 진행하여 CBD/CHD 손상을 주의하여 진행할 필요가 있다. CVS 확보가 가능할 것으로 보이며 담낭담도/담낭동맥의 골격화가 완성되면 클립/절단을 시행하여 안전한 복강경 담낭절제술을 완료할 수 있다. 박리 진행과정에서 구조물이 구분되지 않는다면 fundus-first approach로 전환도 고려해 볼 수 있다. ,4,3,4,4,4,3,4,4,4
2025. 11. 29 오후 2:14:43,4,185012000,Task2,2,"담낭 하부가 명확히 보임
담낭 동맥과 담낭관은 보이지 않음
간담낭 삼각 전면부를 박리 중으로 염증이 경미하여 박리가 잘 될 것으로 예상됨
BDI risk는 낮을것",3,2,4,4,4,4,,,
2025. 11. 30 오후 12:13:32,3,185012000,Task2,3,Calot's triangle의 anterior peritoneum이 박리가 진행되고 있으며 삼출성 출혈 부위가 확인된다. 전체적인 박리 진행 정도를 판단하기에 시야가 담낭쪽에 집중되어 있어 담낭담관과 담낭동맥의 구조를 확인하기 어렵다. BDI의 위험을 낮추기 위해 전체적인 시야에서 구조물 확인이 필요하다. ,3,3,4,4,3,3,,,
2025. 11. 29 오후 2:21:38,4,185012000,Task3,,"간담낭삼각의 전측 후측 박리가 더 필요함
담낭 관과 담낭 동맥을 골격화 한뒤 클립/절단
출혈양은 낮을것으로 예상되며, 담관 손상을 예방하기위해 담낭쪽으로 붙여 박리한다.",3,3,3,4,3,3,3,4,3
2025. 11. 29 오후 1:49:37,3,175072875,Task1,,담낭에  경미한 충혈이 관찰되며 섬유지방조직이 유착을 이루고 있어 염증성 변화를 시사한다. Calot's triangle 박리가 시작되었으나 아직 명확한 구조물 구분이 되지 않은 상태이다. 삼출성 출혈양상이 확인되고 담즙 누출은 보이지 않는다.,4,4,4,4,4,5,,,
2025. 11. 30 오후 3:51:06,2,184035125,Task1,,염증 부종 다소 있으나 심하지 않음 삼출성 출혈 약간 있음 cystic duct artery 로 의심되는 구조물 있으나 완전 skletalization 되지 않음,2,3,4,4,4,3,,,
2025. 11. 29 오후 2:06:38,3,175072875,Task3,,클립핑을 중단하고 Calot's triangle의 posterior window 확보를 위한 dissection을 추가로 시행한다. 담낭담관과 담낭동맥의 구조가 골격화 된 뒤 다시 클립/절단을 시도하는 것이 안전할 것으로 보이며 유착으로 인해 구조물 구분이 어렵다면 fundus-first approach로 방법을 전환하여 진행하면 안전하게 복강경 담낭절제술을 완료할 수 있다. ,4,3,4,3,5,5,3,3,5
2025. 11. 29 오후 3:23:36,3,180018850,Task2,2,담낭하부가 외측으로 견인된 상태에서 monopolar hook을 이용한 전방 calot's triangle이 박리되고 있다. 담낭담관/담낭동맥이 부분적으로 구조화 되고 있는 상태로 CVS의 확보를 위해 posterior peritoneal dissection과 담낭하부의 박리가 추가로 진행되어야 한다. 구조물의 구분이 명확한 상태로 BDI의 위험은 낮다.,3,4,4,3,4,3,,,
2025. 11. 29 오후 3:26:42,3,180018850,Task3,,담낭의 견인을 유지한 상태에서 담낭부에 접하여 calot's triangle posterior peritoneal dissection과 담낭하부의 박리를 진행한다. posterior window가 확보되면 담낭담관과 담낭동맥을 골격화하여 확인이 가능할 것으로 보며 CVS 확보고 클립/절단 시행 한다.  수술은 복강경적 절제로 안전하게 완료 가능하다.,4,4,4,3,4,4,4,4,5
2025. 11. 29 오후 5:03:46,4,184035125,Task2,1,"calot triangle의 거의 다 박리하였음
담낭 관과 담낭 동맥 으로 추정되는 구조물이 보임
담도 손상 위험은 매우 적음
담낭 하부는 견인되어 간과 비교적 떨어져 있음",3,3,4,4,4,4,,,
2025. 11. 29 오후 5:00:17,8,16208825,Task1,,담낭경부 주변에 경증의 염증변화가 보이며 출혈이나 담즙 누출은 없다. Calot's triangle에서 담낭관은 비교적 잘 고립된 형태로 고립화되어 관찰된다. 클립 적용하는 부위가 담낭 동맥으로 추정되나 명확히 골격화되어 보이지는 않는다. 하부 담낭은 간 박리면에서 비교적 잘 분리되고 있는 것으로 보인다.,4,2,3,4,3,3,,,
2025. 11. 29 오후 5:02:15,4,184035125,Task1,,"간담낭삼각 전측 후측이 박리되어 있어, 담낭관이 골격화 되어있음
담낭 동맥으로 추정되는 구조물 근처를  박리중
출혈은 거의 없으며 염증성 변화도 거의 없음",3,3,2,2,2,2,,,
2025. 11. 30 오후 3:52:32,2,184035125,Task2,2,calot triangle 거의 다 박리됨 cystic duct 는 거의 골격화 되고 cystic artery 로 의심되는 구조물은 아직 골격화되지 않음 구조적으로 CVS 는 확보된것으로 보임,3,3,3,3,3,3,,,
2025. 11. 29 오후 5:08:01,8,16208825,Task2,3,"이 프레임은 Calot 삼각 박리 단계로 부분적인 CVS 상태이다. 담낭 관은 비교적 명확히 골격화 되었으나,  담낭 동맥의 경우 골격화가 완전하지 않은 상태이다. 담낭 하부는 비교적 간에서 잘 분리되어 있으나 지금 단계에서 담낭 동맥을 클립/절단하는 것은 안전하지 않다. 담관 손상(BDI) 위험을 줄이기 위해 추가적인 주의 깊은 골격화가 필요하다.",4,5,3,4,3,3,,,
2025. 11. 29 오후 5:10:27,4,184035125,Task3,,"담낭측에 붙여 박리를 진행하고 담낭관과 담낭 동맥을 명확히한다음 클립 및 절단한다.
담낭 동맥이 명확히 보이지 않을 시 무리하게 박리하기 보다 담낭 측에 붙여 박리하며 지혈을 하면서 시행한다.
담낭관이 명확히 보여 bdi risk는 낮다",4,4,4,4,5,5,3,3,4
2025. 11. 29 오후 7:51:40,3,184035125,Task3,,담낭동맥의 골격화를 RHA의 injury에 주의하여 완료하고 CVS를 완성한다. 담낭동맥/담낭담관의 클립/절단을 순차로 시행하고 남은 담낭을 liver bed에서 박리한다. 출혈을 조절하고 수술을 마무리하며 BDI의 위험 없이 안전한 복강경 담낭절제를 완료한다.,3,3,4,3,3,3,3,4,4
2025. 11. 30 오전 11:34:24,4,184032125,Task1,,"담낭 하부는 외측으로 견인되어 있음
담낭관으로 추정되는 구조물이 하부에 보임
담낭동맥으로 추정되는 구조물이 보이나 명확히 담낭 동맥이라고 하기에는 위험성이 있어보임
담즙 누출 소견은 없음",3,2,4,3,4,4,,,
2025. 11. 30 오후 9:43:15,6,184032125,Task3,,"담낭 측에서의 박리가 필요하며 특히 담낭의 하부를 간에서 박리하고, cystic duct를 확인하여 hepatocystic triangle을 명확하게 확인하는 것이 중요하다. 염증으로 인해 CVS 확보가 어렵다면 안전을 위해 부분 담낭절제술도 고려할 수 있다. ",3,2,4,3,3,3,4,3,4
2025. 11. 28 오후 3:01:41,5,184032125,Task3,,먼저 GB의 fundus 를 박리하여 CVS 를 달성하고 infundibulum 을 traction 하면서 cystic duct 를 확인하여 안전하게 ligation한다. 옆으로 지나가는 artery 에 대해서는 정확한 확인이 필요하여 injury 주지 않도록 조심하면서 GB 를 bed에서 분리해내면 안전한 복강경하 담낭절제술이 가능하다.,2,3,3,3,4,4,3,3,4
2025. 11. 29 오후 4:09:26,3,180019600,Task2,1,Calot 삼각의 박리 후 골격화된 담낭담관을 클립핑하고 있는 모습이다. 담낭담관은 골격화 되어 있어 안전한 결찰 및 절단이 가능한 상태이나 담낭동맥 주변과 담낭하부의 박리가 미완성 된 상태로 CVS를 조금 더 확보한 뒤 클립을 적용하는 것이 BDI의 risk를 낮추는데 도움이 될 것 이다. ,4,3,4,4,5,5,,,
2025. 11. 29 오후 5:29:46,4,172040900,Task3,,"담낭을 외측으로 견인하면서 담낭관과 담낭 동맥을 노출 후 결찰 및 절단한다.
",4,4,3,3,3,3,2,4,3
2025. 11. 29 오후 5:30:44,8,16401950,Task1,,"이 프레임은 부분적으로 박리된 Calot 삼각을 보여주며, 경증의 oozing이 있으나 염증은 심하지 않은 소견이다. 담낭관과 담낭동맥으로 추정할 수 있는 두개의 관형 구조물이 비교적 잘 골격화되어 있다. 담낭의 저부는 아직 간에서 분리되지 않은 상태이며, 담즙 누출이나 천공 등의 이상소견은 관찰되지 않는다.",2,3,2,4,4,3,,,
2025. 11. 30 오후 3:23:40,2,183025250,Task2,2,cystic duct 와 artery 로 의심되는 구조물이 확인되나 CVS 를 좀더 확보하기 위해 GB 후방에서 calot traiangle 을 다시한번 확인하고 명확히 skeletalization 을 하는게 BDI 를 줄이기에 적절하다,2,3,3,3,4,3,,,
2025. 11. 29 오후 4:19:37,3,180019600,Task3,,클립핑을 진행하기 전 담낭 견인을 유지한 상태에서 담낭동맥의 골격화를 추가로 시행하여 CVS를 확보한다. 담낭쪽의 박리가 추가로 진행될 경우 BDI의 risk 없이 담낭동맥과 담낭담관의 클립 및 절제가 가능하다. 큰 위험 없이 복강경 수술로 담낭절제술의 완료가 예측된다. ,4,4,4,5,4,5,4,3,4
2025. 11. 29 오후 5:34:01,8,16401950,Task2,4,"이 프레임은 Calot 삼각 박리 단계로 두 개의 관형 구조물이 비교적 잘 골격화되어 노출되어 있으나, 완전한 Calot 삼각 확보를 위해 담낭 저부의 추가적인 박리가 필요해 보인다. 현재 상태에서 클립 및 절단을 시행할 경우 BDI risk는 높은 상태이다.",2,3,2,2,4,4,,,
2025. 11. 29 오후 5:39:11,8,16401950,Task3,,지혈을 시행하고 담낭 저부를 간으로 부터 추가적으로 박리하여 완전한 hepatocystic trangle을 확보한다. 이후 두 개의 관상구조가 담낭으로 가는 유일한 관임을 확인한 후 클립 적용 및 절단을 시행할 수 있다. 충분한 CVS가 확보되지 않는 다면 fundus-first 같은 bailout 전략으로 전환한다. 예측 결과는 CVS만 확보하게 되면 BDI risk가 낮은 안전한 복강경으로의 종료이다.,4,3,3,3,4,4,3,2,4
2025. 11. 29 오후 5:13:40,3,181010700,Task1,,담낭은 충혈 소견을 보이고 있으며 경미한 염증이 동반되어 있는 것으로 보인다. Calot's triangle 박리가 부분적으로 이루어지고 있으며 담낭담관으로 추정되는 구조물이 확인되나 담낭동맥은 아직 명확히 구분되지 않는다. 약간의 삼출이 보이고 있으며 담즙누출은 확인되지 않는다. ,3,4,5,4,3,4,,,
2025. 11. 30 오후 10:06:25,1,183025250,Task2,1,Calot's triangle 박리가 이루어져 있으나 아직 완전하지는 않은 상태이며 cystic duct는 어느정도 명확하게 확인이 되고 있으나 cystic artery의 경우 완전한 박리가 이루어져 있지 않고 크기로 보아 hepatic artery와의 감별도 필요할 것으로 생각되어 추가적인 박리가 필요할 것으로 보인다. GB 의 하부 1/3도 liver bed로부터 완전 박리가 이루이지지 않아 아직 CVS가 확보되지 않은 상태이다. ,3,3,4,4,4,3,,,
2025. 11. 30 오후 3:25:01,2,183025250,Task3,,Calot’s triangle의 후방을 좀 더 정리하여 구조물의 상관관계를 확인 한 후 CVS 를 확인하여 ligation 을 진행한다,2,3,3,3,4,4,3,3,3
2025. 11. 29 오후 5:23:12,3,181010700,Task2,4,담낭을 외측으로 견인한 상태에서 Calot's triangle을 monopolar hook으로 박리하고 있다.  경미한 염증 소견이 동반되어 있으며 담낭담관으로 추정되는 구조물이 보이고 있다. posterior window 확보를 위한 추가적인 박리가 진행되어야 CVS가 확보될 것으로 보인다. 현재 단계에서는 BDI의 위험이 높다. ,3,4,4,4,4,4,,,
2025. 11. 29 오후 5:49:54,4,18204650,Task1,,"담낭 경부를 견인하면서 간담낭삼각의 전측을 박리 중
담낭관으로 추정되는 구조물이 보임
염증은 거의없음
유착도 없음
담즙누출소견은 없음",3,3,5,5,2,3,,,
2025. 11. 29 오후 5:33:43,3,181010700,Task3,,"담낭의 견인을 유지한 상태에서 담낭측의 calot's dissection을 시행하여 posterior window를 확보하고 담낭담관과 담낭동맥의 골격화를 최대한 시행한다. Hilum의 HA, CBD, CHD 손상을 최소화 하기위해 주의가 필요하며 CVS 확보가 불가한 경우 fundus-first/subtotal cholecystectomy 등을 고려하는게 안전한 우회법이다. 신중한 결정을 시행하며 안전하게 복강경으로 수술을 종료 할 수 있다. ",4,3,4,3,4,3,3,4,3
2025. 11. 29 오후 5:53:30,4,18204650,Task2,1,"간담낭삼각 박리단계로 전측 이 확보되었고 담낭관이 완전 encircling되지는 않았다.
후측 박리를 추가적으로 더 한다음 담낭 관과 담낭 동맥을 골격화한다.
담낭관이 명확히 보이고 염증 및 부종 소견이 없으므로 BDI risk는 적다",4,4,3,3,3,3,,,
2025. 11. 27 오후 9:24:21,7,181011450,Task3,,"견인을 최적화하고, calot's triangle의 앞쪽, 뒤쪽 을 모두 정리하여 확실한 posterior window를 확보한 후 담낭 하부를 박리하여 CVS를 달성한다. cystic duct, artery를 확실히 확인하고 클립, 절단한 뒤 역행성 담낭절제술을 완료한다. 염증이 심하지 않은 상태로 이러한 단계들이 잘 지켜지면 합병증 없이 안전하게 복강경으로 수술이 완료될 것으로 기대된다. ",3,3,3,4,4,4,4,4,3
2025. 11. 29 오후 6:02:49,8,16403450,Task1,,"이 프레임에서 Calot 삼각은 부분적으로 박리되어 있으나, 경계가 불분명하다. 단일의 작은 관상 구조가 노출되어 있고, 클립이 적용되고 있으나 이 장면에서 관상구조가 담낭관인지 담낭동맥인지는 확실하지 않다. 경증의 oozing이 있으나 염증은 거의 없는 소견이다. 이 프레임만으로는 담낭의 형태를 명확히 파악하기 어렵다.",2,2,4,3,2,3,,,
2025. 11. 29 오후 6:06:04,8,16403450,Task2,4,"이 프레임은 적절한 CVS 이전에 Calot 삼각 박리의 초기 단계로, 경미한 ozzing과 한개의 관상 구조물 노출이 확인된다. 구조물을 절단하기 전에 추가적인 박리를 통해 담낭 저부를 간 단면으로부터 명확하기 분리하고, 최소한 2개의 관상 구조물을 박리 및 골격화하여 CVS를 확보해야한다. 현재 상태에서의 클립 및 절단은 높은 수준의 BDI를 초래한다.",3,4,4,4,2,3,,,
2025. 11. 29 오후 6:09:57,8,16403450,Task3,,"지혈과 GB-on-wall 박리를 추가적으로 진행하여 간담낭 삼각을 완전히 정리하고, 최소한 두개의 관상 구조물을 명확하게 골격화하여 CVS를 확보한다. 그러기 전에는 클립을 사용하지 않도록 하고, CVS 확보가 어렵다면 fundus-first 와 같은 bailout 전략을 사용할 수 있다. BDI risk를 낮추기 위해 CVS를 충분히 확보하고 클립 절제를 시행한다면 합병증 위험이 낮은 복강경 완료가 가능하다.",4,4,4,3,3,2,4,2,3
2025. 11. 29 오후 6:13:22,8,166012950,Task1,,"Hepatocystic triangle은 경미한 지방조직이 보이나 염증이 심한 상태는 아니며, 유착과 출혈 및 담즙 누출의 증거는 없다. cystic duct로 추정되는 구조가 관찰되나 명확히 골격화되어 있지 않다. 담낭 저부는 간 표면으로 부터 부분적으로 분리되어 있다.",3,3,4,4,2,3,,,
2025. 11. 29 오후 6:16:39,8,166012950,Task2,5,"이 프레임은 CVS 확보를 위해 간 표면으로 부터 담낭 저부를 박리하고 있는 상태이다. 담관으로 추정되는 관상 구조물이 식별되나 명확히 골격화 되지 않았고, 박리가 충분하지 않아 현재 CVS가 불완전하다. CVS 확보와 BDI 를 낮추기 위해 추가적인 박리가 지속되어야 하고, 최소한 두개의 관상 구조물이 충분히 골격화 된 이후에 클립 및 절단이 이루어져야 한다. 현재 상태에서 클립을 적용한다면 BDI risk는 매우 높다. ",2,2,3,3,1,1,,,
2025. 11. 29 오후 6:20:35,8,166012950,Task3,,"담낭 측에서 전, 후방 박리를 완료하면서 진행한다. 담낭관과 담낭동맥이 충분히 골격화 될 때까지 박리를 시행하고, 후방 창을 확대하여 담낭 하부 3분의 1을 분리하여 클립전에 CVS를 확보한다. 이후에 담낭동맥과 담낭관을 클립 및 절단하고, 담낭 저부의 박리를 마무리하여 담낭절제술을 완료한다. 본 증례는 합병증 없이 복강경으로 마무리 될 것으로 예상된다.",4,4,3,3,3,2,4,3,2
2025. 11. 29 오후 6:34:56,8,166013700,Task1,,"이 프레임은 담낭 표면의 지방조직과 경증의 염증 소견을 보이고 있으며, oozing이나 담즘 누출 없이 박리가 이루어 지고 있다. Calot 삼각이 비교적 뚜렷하게 박리되고 있고, 담낭관과 담낭동맥으로 추정되는 두 개의 관상구조물이 명확하게 골격화 되어 있다. CVS가 어느 정도 확보된 상태이다. ",1,2,2,3,3,2,,,
2025. 11. 29 오후 6:38:36,8,166013700,Task2,2,"이 프레임은 Calot 삼각 박리가 이루어 지고 있는 단계로, 담낭관과 담낭동맥이 비교적 명확히 골격화 되어 있다. 적절한 진행이나 CVS가 완전히 확보되지는 않았으므로 추가적인 박리를 진행한 이후에 클립 및 절단이 이루어 져야 한다. BDI risk를 낮추기 위해 관상 구조물 박리시 전기소작에 유의해야한다.",4,4,1,2,4,3,,,
2025. 11. 30 오후 9:00:15,6,181011450,Task3,,클립 발사를 지연하고 담낭 측에서 전방 및 후방의 박리를 완료하여 calot's triangle을 확인한다. cystic duct와 artery를 확인하고 담낭의 하부 3분의 1을 박리하여 CVS 를 확립하면 합병증 위험성을 낮출 수 있다. 구조물의 확인이 어려울 경우 담관조영술 또는 베일아웃 전략을 사용한다. ,2,2,4,3,4,4,2,4,1
2025. 11. 30 오후 9:50:02,1,181010700,Task2,3,초기 Calot't triangle 박리 단계로 grasper를 이용하여 GB의 hartmann's pouch를 잡고 lateral side로 traction하며 hooked bovie를 이용하여 박리 중에 있다. cystic duct와 artery 모두 확인이 되지 않는 상태로 CVS가 확보되지 않았다. ,2,3,3,3,4,4,,,
2025. 11. 30 오후 3:10:13,2,181010700,Task3,,GB 후방에서 박리하여 tubular structure 를 각각 확인한다 확인 후 GB bed 에서 가깝게 박리하여 BDI 를 낮추고 CVS 를 확보하여 각각 구조물을 확인하고 skeletalization 한다,3,3,3,3,3,3,3,3,3
2025. 11. 30 오후 9:54:08,1,181010700,Task3,,cystic duct와 artery 모두 확인이 되지 않는 상태이므로 GB 에 가깝게 박리를 진행하며 bile duct injury를 최소화하고 GB 하부 1/3를 liver bed로부터 박리하고 hepatocystic triangle의 anterior 및 posterior side도 박리하여 posterior window를 열고 cystic duct와 artery 도 완전히 skeletonization하여 CVS를 확보하도록 한다. 이후 안전하게 cystic artery와 cystic duct를 clipping하고 division을 시행한다. edematous한 조직으로 인해 위와 같은 해부학적 구조물들이 확인 어려울 경우 bailout procedure를 고려한다. ,3,3,4,5,4,4,4,5,4
2025. 11. 29 오후 7:32:56,3,183025250,Task1,,담낭은 경미하게 팽창되어 있는 상태로 충혈을 보이며 염증소견을 동반하고 있다. Calot's triangle의 박리가 되어있으며 담낭담관과 담낭동맥이 구별되나 담낭하부는 아직 간에 부착되어 있는 상태로 CVS가 완전히 확보 되지 않았다. 담즙의 누출은 확인되지 않으나 박리 부위의 삼출성 출혈이 관찰된다. ,2,4,2,4,4,4,,,
2025. 11. 29 오후 7:33:40,3,183025250,Task2,2,Calot's triangle 박리가 진행 중으로 담낭담관과 담낭동맥의 골격화가 진행되었으며 후방창이 확보되었을 것으로 추측되나 프레임의 각도에서는 명확히 확인하기 어렵다. 담낭하부가 아직 간과 부착되어 있는 상태로 클립/절단 진행하기 전 추가 박리를 통해 CVS를 완전히 확보한다면 BDI 위험 없이 담낭절제를 진행 할 수 있다. ,3,4,2,5,4,4,,,
2025. 11. 29 오후 7:33:53,3,183025250,Task3,,"담낭 견인을 유지한 상태에서 담낭하부를 liver bed에서 추가 박리를 시행한다. 박리과정에서 CBD/CHD, HA의 손상에 주의하며 확실한 posterior window를 확보하여 CVS를 확인하고 클립/절단을 담낭동맥과 담낭담관에 순차적으로 진행한다. CVS가 안전하게 확보될 것으로 예상되며 BDI 없이 안전한 복강경 담낭절제술이 완료될 것이다.",4,4,4,4,5,5,4,4,4
2025. 11. 29 오후 7:40:29,3,184035125,Task1,,담낭은 경미한 충혈 소견을 보이고 있어 약간의 염증소견을 시사한다. 간담낭 삼각의 박리가 진행 중이며 담낭담관은 분리되었으며 담낭동맥의 골격화가 시행 되고 있다. 담낭하부는 liver bed에서 박리가 시행되어 CVS가 거의다 확보된 상태이며 약간의 삼출성 출혈 외의 담즙 누출은 보이지 않는다. ,2,4,2,4,3,4,,,
2025. 11. 29 오후 7:46:25,3,184035125,Task2,2,Calot's triangle 박리가 진행 중이며 담낭동맥의 골격화가 monopolar hook을 이용하여 시행 중이다. 담낭담관의 분리가 되어있으며 posterior window가 확보되어 있는 상태로 담낭동맥의 골격화가 완성된다면 CVS를 확인할 수 있다.,2,2,2,4,3,4,,,
2025. 11. 29 오후 3:44:42,3,180019600,Task1,,담낭의 팽창이 확인되나 명확한 영증 소견은 보이지 않는다. 담낭이 외측으로 견인되며 박리된 calot's triangle에서 골격화된 담낭담관에 클립핑이 시도되고 있다. CVS는 부분적으로 확보 되어있으나 담낭동맥 주변과 담낭하부의 박리가 아직 진행되지 않은 상태이다. 출혈이나 담즙누출 소견은 보이지 않는다.,2,3,4,5,3,3,,,
2025. 11. 29 오후 11:51:44,6,163055175,Task3,,"Proceed with further skeletonization of Calot’s triangle and partial gallbladder detachment to achieve the Critical View of Safety before any clipping. CVS 확인 후 cystic artery와 duct 를 ligation 하고, gallbladder를 완전히  liver에서 분리하면 합병증 위험성이 낮다.",3,3,2,2,4,4,4,3,4
2025. 11. 30 오전 1:08:49,6,16401950,Task1,,"The hepatocystic triangle is inflamed with diffuse oozing and incompletely cleared tissue. 하지만, 2개의 tubular structure가 충분히 확인되고 있으며, cystic duct와 artery로 추정된다. lower gallbladder와 liver bed는 하부 일부 박리 중이나 거의 분리되지 않았다. ",2,3,2,4,4,3,,,
2025. 11. 30 오전 1:09:15,6,16401950,Task2,2,"이 case에서는 cystic artery와 cystic duct 가 부분적으로 노출되어 있지만 모두 명확히 확인 가능하다. GB 와 liver bed는 GB 의 하부만 일부 박리되어 있고, 거의 박리되지 않았다. 또한 조직이 전반적으로 edematous 하여 주의 깊은 박리가 필요하다. calot triangle을 확인하기에는 liver margin 이 명확하지 않기 때문에, 이 부분의 박리만 끝나면 CVS 가 달성될 것이다. ",4,4,2,3,4,4,,,
2025. 11. 30 오전 12:37:05,8,168024925,Task1,,"Calot 삼각은 비교적 뚜렷하게 박리 및 정리되어 담낭으로 가는 두개의 관상 구조가 잘 골격화 되어 있다. 수술 시야는 깔끔하고, 경미한 염증과 지방조직 외에는 출혈이나 담즙 누출과 같은 이상소견은 보이지 않는다.",4,4,4,4,4,4,,,
2025. 11. 30 오전 12:42:05,8,168024925,Task2,2,"이 프레임은 Calot 삼각은 비교적 명확히 구분된 상태로, CVS를 어느정도 달성하였다. 두개의 관상 구조물이 명확하게 골격화되어 구분 가능하지만, CVS를 완성하기 위해 담낭 하부를 간 표면으로부터 더 박리하여 hepatocystic triangle을 확보하여야 한다. 그래야만 골격화 된 두개의 관상구조물이 담낭으로 가는 유일한 구조물인 것을 확인할 수 있고, 이후에 클립 및 절단을 시행하여야 BDI risk를 최소화 할 수 있다.",4,4,4,4,4,4,,,
2025. 11. 30 오전 12:45:27,8,168024925,Task3,,"담낭의 하부 3분의 1을 마저 박리하여 hepatocystic triangle을 온전히 확보한다. 이후에 두개의 관상 구조물이 담낭으로 가는 유일한 관임을 확인하고, 담낭 동맥과 담낭관을 각각 클립 및 절단한다. 이렇게 함으로써 CVS를 확실하게 확인한 후 수술을 시행할 수 있고, 나머지 담낭을 간으로 부터 박리하여 수술을 안전하게 완료할 수 있다. ",5,4,4,4,4,4,5,4,4
2025. 11. 30 오전 12:48:18,6,16401950,Task3,,"cystic duct와 artery 로 확인되는 구조물을 encircling 하여 확인 후 clipping 가능하다. 안전을 위해서는 CVS 확보를 위해 GB 하부를 liver bed에서 일부 분리 후 cystic artery와 duct를 ligation 하는 것이 좋지만, 현재 상태로는 충분히 ligation 가능하며 그 뒤 GB와 liver 의 분리도 무리가 없다. GB의 edematous change 로 인해 분리가 어렵다면 ballout 전략으로 전환 가능하다. 현재 상황에서는 BDI risk 혹은 그 외 중대 합병증 위험성은 낮다.",4,4,3,3,5,5,3,2,5
2025. 11. 30 오후 3:02:19,2,180019600,Task2,2,calot triangle 이 거의 박리됨 cystic duct 와 artery 가 거의 박리되어 조금더 skeletalization 되면 바로 ligation 하면 될것으로 보임,3,3,3,3,3,3,,,
2025. 11. 30 오전 12:53:49,8,16904175,Task2,4,"이 프레임은 CVS 확보를 위해 Calot 삼각을 박리 중인 과정이다. 경미한 염증 소견과 oozing이 보이며, 담낭 동맥과 담낭 관으로 추정할 수 있는 두 개의 관상 구조물이 보인다. 하부 담낭은 아직 간 침상에 붙어있는 상태로, 온전한 CVS 확보를 위해 추가적인 박리가 필요하며, 그 전에는 클립 적용이나 절단을 시행하면 안된다.",4,4,4,3,3,3,,,
2025. 11. 30 오전 1:08:06,8,16904175,Task3,,"담낭측 박리를 세심하게 진행하여 담낭 하부를 간 침상으로부터 분리시킨다. Calot 삼각 및 hepatocystic triangle이 온전히 확보되면 두 개의 개별 관상 구조물을 완전히 골격화하고, 담낭으로 가는 유일한 관임을 확인한다. CVS 확보를 완료한 후 담낭 동맥과 담낭 관을 차례로 클립 및 절단한다. CVS를 달성할 수 없는 경우에는 bailout 전략을 고려할 수 있다. 예상 결과는 합병증 없는 복강경 담낭절제술 완료이다.",4,3,4,3,3,4,3,4,4
2025. 11. 30 오전 1:11:49,8,171011550,Task1,,"이 프레임에서 간 표면은 출혈이나 담즙 유출 없이 정상 소견이다. hepatocystic triangle을 열고 있으며 경증의 염증소견이 보이고, oozing은 없다. 담낭 동맥이나 담낭관은 아직 노출되지 않은 상태이며, 담낭 하부 또한 간 침상에 붙어있는 상태이다.",3,3,4,4,2,3,,,
2025. 11. 30 오전 1:15:14,8,171011550,Task2,5,"이 프레임은 CVS 확보를 위한 박리 단계로, 아직 담낭 동맥과 담낭 관의 구조가 노출되지 않아 전기소작에 유의해야한다. 담낭 하부를 간으로 부터 박리하고, 담낭관과 총담낭관의 경계를 확보하여 Calot 삼각을 먼저 확인해야한다. CVS 확보가 어려울 경우 Bailout과 같은 전략을 고려해 볼 수 있다. CVS가 온전히 확보되지 않은 상태에서 구조물을 클립하거나 절단하면 안된다.",2,3,4,4,2,3,,,
2025. 11. 30 오전 1:21:06,8,171011550,Task3,,"cystic plate에서 전방 및 후방 복막을 정밀하게 박리하여, hepatocystic triangle을 확보한다. Cystic structure가 구분되기 전까지는 전기소작을 유의해야하며 blunt/cold 박리를 최적화하여 사용한다. 두 개의 관상 구조물을 확보한 뒤 골격화를 완성하고, CVS를 확보한 후에 담낭 동맥과 담낭 관을 클립, 절단할 수 있도록 한다. CVS 확보가 어려운 경우 bailout 전략을 고려할 수 있다. 예상 결과는 합병증 위험이 낮은 무난한 복강경 담낭 절제술이다.",4,4,3,3,4,3,2,3,3
2025. 11. 29 오후 3:36:35,3,180018850,Task1,,담낭의 팽창이 관찰되나 충혈이나 유착은 보이지 않아 염증소견은 뚜렷하지 않다. Calot's triangle 전방부가 부분적으로 박리되어 있으며 담낭담관과 담낭동맥으로 추정되는 구조물이 구분되어 보인다. 출혈이나 담즙누출 소견은 보이지 않는다.,2,3,4,4,5,5,,,
2025. 11. 28 오전 11:20:39,5,180018850,Task2,2,Calot's triangle이 확인되고 있으며 cystic duct 와 cystic artery 가 관찰되고 있다. GB fundus 부위를 좀 더 박리하여 CVS 를 달성하고 Calot's triangle 안의 구조물들을 잘 정리하고 나면 cystic duct 와 cystic artery 를 clipping 할 수 있을 것으로 보인다. BDI risk 는 낮을 것으로 생각된다.,3,3,3,4,4,4,,,
2025. 11. 30 오후 7:59:14,10,179016550,Task1,,"염증/유착이 없이 distension된 담낭의 hepatocystic triangle의 박리가 진행중으로, 담낭관이 관찰되나 골격화는 부분적이며, 담낭동맥은 골격화가 되어 clipping을 시행하고 있다. 하부담낭의 박리는 시행되지 않았으며, 소량이 삼출성 출혈이 있으나 시야제한은 없고 그외 담즙누출이나 기타 이상소견은 없다.",3,3,3,4,4,3,,,
2025. 11. 30 오전 1:34:41,6,16402700,Task2,1,"This frame captures Calot’s triangle dissection nearing CVS: two tubular structures are defined with adequate exposure, but the lower gallbladder is only partly off the liver bed, so CVS is not yet complete. GB와 liver 가 분리되지 않았으나 BDI risk 는 거의 없다. ",5,4,5,5,2,3,,,
2025. 11. 30 오전 1:48:24,8,172037900,Task3,,"적절한 견인과 박리를 통해 담낭의 전, 후 복막층을 모두 박리한다. 담낭의 하부 3분의 1을 충분히 간 침상으로 부터 분리하고 hepatocystic triangle을 확보한다. cystic structure가 확인되기 전까지는 최대한 cold/blunt dissection을 시행하여 담관 손상을 피해야한다. 두 개의 관상 구조물을 확보한 이후에는 명확히 골격화하여 담낭 동맥과 담낭 관을 확인하고 CVS를 확보한다. 이후에 클립 및 절단을 시행하여야 하며, CVS 확보가 어려울 경우 IOC나 bailout 전략을 고려해 볼 수 있다. 이러한 조치로 BDI risk를 낮출 수 있다.",4,4,4,4,4,3,4,4,3
2025. 11. 30 오전 1:49:01,6,16402700,Task3,,"gallbladder의 lower 1/3을 liver 로부터 분리하면 CVS가 달성되어 안전하게 cholecystectomy를 시행할 수 있다. BDI risk 가 높지 않지만  GB의 분리가 어렵다면 cystic duct와 artery의 ligation를 먼저 시행한 후 GB를 liver로부터 분리할 수 있다. 가능성은 낮지만, GB 의 박리가 어렵다면 안전을 위해 subtotal cholecystectomy가 가능하다. ",4,2,5,5,4,4,3,5,4
2025. 11. 30 오전 1:51:37,8,173023600,Task1,,"이 프레임은 Calot 삼각 박리가 진행 중이며, 소량의 oozing이 있으나 염증변화는 미약하다. 담낭 하부는 아직 간 침상에서 완전히 분리되지 않은 상태로, 담낭 동맥이나 담낭 관과 같은 구조는 확인이 불가한 상태이다.",4,3,3,3,3,3,,,
2025. 11. 30 오전 1:54:49,8,173023600,Task2,5,"이 프레임은 Calot 삼각 박리 과정을 보여주며, 아직 담낭 하부가 간 침상으로부터 완전히 분리되지 않은 상태이다. 염증 소견은 미약해보이며 약간의 oozing이 동반되어 있고, 담낭 동맥이나 담낭 관은 노출되지 않은 상태이다. CVS 확보를 위해 추가적인 박리가 지속되어야 하고, 그 전에 어떠한 구조물도 클립 및 절단이 시행되서는 안된다.",4,4,4,4,4,4,,,
2025. 11. 30 오후 9:21:17,1,179016550,Task1,,GB가 distension 되어 있고 inflammation은 매우 경미한 상태이며 GB의 medial side의 peritoneal incision이 시행되어 있다. 소량의 oozing이 있으나 bile leakage는 관찰되지 않고 있고 cystic duct로 생각되는 구조물이 관찰되나 일부만 박리되어 있는 것으로 보이고 cystic artery로 보이는 구조물 또한 완전히 skeletonization되어 있지는 않으나 어느 정도 박리가 되어 있어 이에 대해 clipping이 진행되려고 하고 있다. Liver hilum과 cystic plate 주변으로 조직들은 edematous하지 않고 dry한 상태이며 fat tissue도 매우 적어 distal CBD의 주행도 어느정도 예측이 가능한 상태이다. Sulcus of Rouviere가 관찰되며 liver 아래로 IVC가 보이고 있다. ,2,3,4,4,3,3,,,
2025. 11. 30 오전 2:02:30,8,174024950,Task1,,"담낭 infundibulum에는 경미한 염증 소견이 확인되며, Calot 삼각 박리 중이나 경계가 확보되지 않았다. 담낭 동맥이나 담낭 관은 아직 명확히 노출된 것이 없는 상태고, 담낭 하부는 간 침상으로부터 분리되지 않은 상태이다.",4,4,3,2,2,4,,,
2025. 11. 30 오전 2:06:07,8,174024950,Task2,5,"이 프레임은 Calot 삼각을 박리하는 초기 단계로 아직 경계가 확보되지 않았다. Cystic structure가 아직 확인되지 않은 상황으로 전기소작기 사용에 유의하여야 하며, Hepatocystic triangle 확보를 위해 정교한 박리가 지속되어야 한다. 담낭 동맥과 담낭 관을 확인하고 골격화하여 CVS를 확보하고, 그 이후에 클립 및 절단을 시행하도록 한다. 현재 상태에서는 어떠한 구조물도 클립 및 절단되어서는 안되고, BDI risk는 매우 높은 상태이다.",4,4,4,4,2,3,,,
2025. 11. 30 오전 2:09:52,6,16403450,Task1,,"GB의 경계로 추정되는 면이 보이고, GB의 lower margin 의 일부가 박리된 것으로 보이나 calot's triangle은 명확하지 않다.  cystic artery 로 추정되는 구조물을 clipping 하고 있으나 명확하지 않다. minor oozing bleeding이 있었으나 지혈된 상태이고, active bleeding은 없는 상태이다. ",2,3,2,5,5,4,,,
2025. 11. 30 오전 2:09:57,8,174024950,Task3,,"적절한 견인과 전후복막 박리를 통해 hepatocystic triangle을 확보하여야 하며, 담낭 하부를 간으로부터 충분히 분리시킨다. 담낭 동맥과 담낭 관을 충분히 골격화하여 CVS를 확보하도록 하고, 그 이전에는 어떠한 구조물도 클립 및 절단해서는 안된다. CVS 확보가 어려울 경우 bailout과 같은 전략을 고려해 볼 수 있다. 현재 상태는 BDI risk가 매우 높은 상태로, 위와 같은 과정을 통해 보다 안전한 복강경 담낭 절제술을 시행할 수 있다.",5,4,3,3,4,3,4,3,2
2025. 11. 30 오전 2:15:30,8,176012425,Task1,,"담낭은 경미한 염증 소견을 나타내고 있으며, 출혈 소견은 보이지 않는다. 담낭 동맥과 담낭관으로 추정할 수 있는 2개의 관상 구조물이 비교적 골격화가 잘 된 상태로 보이고 있다. 간 침상으로부터 담낭 하부의 분리는 명확히 확인되지는 않는다. 담낭벽의 손상으로 인해 담즙이 유출되고 있다.",1,2,2,2,3,2,,,
2025. 11. 30 오후 9:27:30,1,179016550,Task2,1,Calot's triangle 정리가 진행되고 있고 있으나 CVS를 완전히 확보하지는 못한 상태이다. grasper로 GB body를 잡고 lateral side로 traction하며 cystic artery로 예측되는 관상 구조물에 clipping을 시도하고 있고 그 바로 아래에는 부분적으로만 박리가 된 cystic duct가 확인되고 있고 GB 하부는 아직 liver bed로부터 완전한 박리가 이루어지지 않은 상태이다. 안전한 division을 위해서는 cystic artery와 duct의 완전한 skeletonization 및 GB 하부의 liver bed로부터 추가적인 박리가 이루어져서 CVS를 확보하는 것이 필요하다.,3,2,3,3,4,4,,,
2025. 11. 30 오후 7:33:39,10,179015800,Task2,2,"Hepatocystic triangle의 초기 박리단계로 담낭 전방의 serosa 절개 및 calot’s trinagle의 일부만 노출되었다. 담낭관과 담낭동맥의 골격화를 위해 전/후방 창을 만들고, 하부담낭을 liver bed로부터 분리하여 CVS를 확보할 때까지 담낭측으로 조심스러운 박리를 시행하면 충분히 BDI의 위험도를 낮출 수 있다.",3,2,4,4,5,5,,,
2025. 11. 30 오후 8:56:25,1,179015800,Task2,2,Calot's triangle 초기 박리 상황으로 GB medial side의 peritoneal incision만 진행되었고 cystic artery는 명확하게 확인되지 않으나 cystic duct로 추정되는 구조물이 CBD로 부터 이어져서 올라오는 것이 확인되나 정확하게 하기 위해서는 추가적인 박리가 필요하다. GB의 하부 또한 liver bed로 부터 거의 박리가 되지 않은 상태이다. ,3,2,4,3,4,4,,,
2025. 11. 30 오전 2:40:28,6,16403450,Task3,,"cystic artery로 추정되는 구조물의 clipping 중에 있으나, 다른 구조물이 명확하지 않으므로 안전하지 않다. clip을 발사하지 않고 추가적으로 박리를 시행하여 CVS를 확립한 후 cystic artery와 duct를 ligation 하는 것이 필요하다. 또한 현재는 liver bed와 GB가 분리되지 않았으므로 해당 부위를 박리하여 분리하는 것이 필요하다. ",4,4,4,4,3,2,3,3,3
2025. 11. 30 오전 11:04:06,6,166013700,Task1,,"GB neck과 infundibulum을 박리하는 과정 중에 있으나 명확한 cystic duct가 확인되는 것은 아니다. cystic duct로 추정되는 구조물은 보이지만  cystic artery 는 명확하지 않다. 담낭은 염증성 변화는 심하지 않고,  GB와 liver의 경계는 보이나 박리한 영역은 명확하지 않다. 담낭의 울혈이나 염증은 심하지 않고 거의 없다. ",4,2,4,4,4,2,,,
2025. 11. 30 오전 3:18:05,6,166013700,Task2,4,"Calot's triangle 박리 중 bile duct로 추정되는 구조물을 분리하는 단계이며, 담낭과 liver 의 경계로 추정되는 부위가 확인되기는 하나 명확하게 분리되지 않아 CVS는 확립되지 않았다. 따라서 추후 bile duct의 encircling 을 통해 확인하고, 담낭과 liver 의 분리 및  지방의 정리를 통해 cystic artery 를 확인하는 과정이 필요하다. 현재까지는 구조물이 명확하게 확인되지 않아 BDI risk 가 moderate-to-high 이다. ",4,2,4,3,4,4,,,
2025. 11. 30 오후 9:05:22,1,179015800,Task3,,담낭의 하부 1/3을 liver bed로부터 추가로 박리하고 hepatocystic triangle을 완전히 정리하여 cystic artery와 cystic duct를 확인한다. 이 과정에서 bile duct의 injury를 최소화 하기 위하여 low energy의 정밀한 cautery를 유지하며 GB 쪽으로 붙여서 박리하도록 한다. cystic artery와 duct를 skeletonization 하여 CVS를 확보하고 cystic artery와 duct를 안전하게 clipping & division한다. inflammation이 심하지 않고 liver hilum 쪽의 주변 조직들이 edematous 하지 않으며 fat이 적어 박리 과정이 어렵지 않을 것으로 예상되며 합병증 없이 성공적인 복강경적 수술이 완료될 것으로 생각되나 해부학적 구조가 불명확한 경우에는 bailout procedure를 고려해볼 수 있다. ,3,2,4,3,4,4,3,4,4
2025. 11. 30 오전 4:36:12,1,16206575,Task1,,"Gallbladder는 liver bed에 packed 되어 있지는 않으나 mild inflammatory change으로 인해 edematous해진 상태이며 현재 bile leakage나 bleeding은 없고 mild oozing이 있는 상태이다. Duodenum, colon과 같은 enteric viscera 및 다른 장기에 adhesion 되어 보이지는 않는다. Hepatocystic triangle 주변의 fat과 fibrous tissue가 일부만 박리되어 hepatocystic triangle의 anterior side만 일부 박리된 상태이다. cystic duct와 cystic artery로 의심되어지는 2개의 관상 구조물이 보이고 있으나 아직 fully skeletonization 되지 않아 common bile duct 및 Right hepatic artery 등과 감별이 필요한 상태이다. ",5,4,4,4,4,3,,,
2025. 11. 30 오전 4:47:59,1,16206575,Task2,2,Grasper를 이용하여 Lower third of gallabldder를 lateral side로 traction하고 현재 image에서 보이지는 않고 있으나 gallbladder fundus를 무언가가 잡고 ventral side로 traction을 하여 view를 만들고 있다. 현재 Calot's triangle의 박리가 진행 중에 있으며 hepatocystic triangle의 anterior side가 일부 박리가 되었고 cystic duct와 cystic artery로 생각되는 관상구조물들이 일부만 박리가 된 상태로 CVS 가 확보 되지 않아 아직까지는 CBD injury의 가능성이 완전히 배제되지는 않고 있어 cystic duct나 artery의 clipping이나 division을 위해서는 hepatocystic triangle의 posterior side와 담낭 하부의 추가적인 박리가 필요하다. ,4,4,4,4,5,5,,,
2025. 11. 30 오전 5:03:03,1,16206575,Task3,,현재 hepatocystic triangle의 anterior side만 일부 박리되어 있어 CVS를 확보하지 못하였기에 적절한 traction을 하며 posterior side도 추가로 박리 하고 필요시 gallbladder의 subserosal dissection을 통해 gallbladder의 하부를 liver bed로 부터 추가로 박리하여 CVS를 확보할 수 있도록 해야 한다. 현재 CBD가 명확히 확인 되지 않고 있는 상황으로 보여지므로 상기 과정을 진행하는 동안 적절한 blunt dissection 및 섬세한 cauterization을 통해서 CBD에 injury가 가지 않도록 주의해야 한다. Cystic duct와 cystic artery는 fully skeletonization이 된 이후 clipping이나 division을 진행하도록 한다. BDI 및 추가적인 합병증의 위험성이 낮을 것으로 예측되며 수술은 성공적인 laparoscopic completion으로 완료될 것으로 생각되어 지나 앞으로의 과정에서 주변 해부학적 구조가 불분명하거나 불안전할 경우 bailout 전략을 사용해야 한다. ,4,4,4,3,4,4,4,3,4
2025. 11. 30 오전 5:11:06,1,163052175,Task1,,"담낭은 염증으로 thickened 되어 있고 fibrofatty adhesion이 관찰되며 박리하는 과정에서 bile leakage는 관찰되지 않으나 mild oozing 및 mild capillary oozing이 관찰되고 있다. hepatocystic triangle의 anterior side를 박리하는 과정으로 보여지나 명확한 cystic artery, cystic duct, CBD, hepatic artery 등의 주행은 전혀 확인되지 않고 있다. Duodenum, colon 등과 같은 enteric viscera로의 adhesion은 없다. ",4,3,4,4,4,3,,,
2025. 11. 30 오전 5:27:13,1,163052175,Task2,4,moderate한 정도의 inflammatory change가 보여지는 담낭으로 edematous한 상태이다. Calot's triangle의 early dissection 상황으로 anterior side를 박리 중인 것으로 보여지고 cystic artery및 cystic duct가 전혀 확인되지 않고 있다. CVS가 확보될 때까지 담낭 쪽으로의 meticulous한 박리가 이루어져야 하며 그 때까지는 clipping이나 division을 하는 것은 안전하지 않을 것으로 보여진다. ,4,3,4,4,3,3,,,
2025. 11. 30 오전 5:46:29,1,163052175,Task3,,"Inflammation으로 인한 dense한 fibrofatty tissue로 인해 명확한 cystic artery와 cystic duct가 아직 구분이 되지 않는 상황으로 담낭 측으로 low-energy, blunt dissection을 통해 담낭 하부 1/3을 추가로 박리하여 hepatocystic triangle을 정리하고 CBD 주행 및 haptic artery의 주행을 확인하여 남는 구조물들의 injury를 최소화할 수 있도록 한다. CVS의 확보가 어려울 경우, Rouviere's sulcus 및 Fissure of ligamentum teres 등을 landmark 삼아 안전한 박리가 이루어질 수 있도록 해야한다. 심한 inflammation 과 adhesion으로 상기 과정이 어려워 명확한 anatomy 확인이 어려울 경우 IOC/ICG를 이용하여 bile duct 주행을 확인하거나 bail-out procedure를 통해서 안전하게 수술이 진행될 수 있도록 해야 한다. CVS의 확보가 가능하다면 안전하고 성공적인 복강경적 절제가 가능할 것으로 생각되며 CVS 확보가 어렵고 inflammation으로 인한 anatomy 확인 어려워진다면 subtotal cholecystectomy이 필요할 수도 있다.",4,4,4,3,4,4,4,3,3
2025. 11. 30 오후 6:56:22,10,177043575,Task1,,"calot's triangle의 담낭관으로 추정되는 일부 골격화된 관성 구조물이 확인되며, 경도의 염증소견을 보이고 소량의 삼출성 출혈이 보인다. 담낭동맥은 관찰되지 않으나 담낭관의 상방의 확인되지 않는 구조물에 clipping을 시행하고 있다. 이 프레임에서는 하부담낭의 박리 여부는 확인되지 않으며 담즙누출이나 기타이상소견은 보이지 않는다.",3,3,4,4,4,3,,,
2025. 11. 30 오후 7:20:26,9,176013925,Task1,,"염증은 거의 보이지 않으며, 눈에 띄는 유착은 보이지 않는다. 출혈은 없으며, 체액의 누출도 없다.간담낭삼각이 잘 노출되어 있고, Cystic artery와 duct가 분리되어 있으며, Cystic duct를 clipper로 결찰중이다. ",3,4,5,4,3,4,,,
2025. 11. 30 오전 11:13:04,10,16208825,Task1,,"담낭에 경도의 염증소견이 보이며 삼출성 출혈이 소량 있으나 시야에 문제는 없다. calot's triangle의 cystic duct가 부분적으로 골격화 되었으나 fibro-fatty tissue가 일부 남아있으며, cystic artery는 골격화되지 않았다. 하부담낭이 간으로부터 일부 박리되었으며, 그 외 담즙 누출이나 심한 유착 및 기타 이상소견은 보이지 않는다.",4,4,4,4,3,3,,,
2025. 11. 30 오전 11:26:36,4,175070625,Task1,,"담낭은 중등도 염증소견
담낭관으로 추정되는 구조물이 있으나 명확치않음
담낭 하부는 간에 붙어있음'
담즙누출소견은 없음",4,3,3,3,4,3,,,
2025. 11. 30 오전 11:28:44,4,175070625,Task2,4,"담낭의 염증소견으로 인해 섬유화 변화가 보임
그로인해 담낭 관이 명확하게 관찰되지 않음
간 담낭 삼각의 박리 중이나 전측 박리가 모두 이뤄지지 않음
추가 박리 후 클립 및 절단이 안전",4,4,4,4,3,3,,,
2025. 11. 30 오후 7:28:59,9,177043575,Task1,,"중등도의 염증을 보인다. 경미한 출혈 소견 및 체액의 누출도 보인다. 담낭관은 불완전한 박리가 되어있다고 판단되며, 담낭동맥은 이 사진에서는 보이지 않으나, clipper로 결찰 중일 것으로 보인다. ",4,3,4,4,4,3,,,
2025. 11. 30 오전 11:36:20,10,16208825,Task2,1,"Calot’s triangle의 박리가 진행중이며 cystic duct로 추정되는 관상구조가 노출되어 있으나 완전한 골격화는 이루어지지 않았고, cystic artery는 명확히 구분되지 않는다. 염증이 심하지는 않으나 BDI의 위험성을 낮추기 위해 Clipping 전에 추가적인 골격화 및 fibro-fatty tissue의 제거를 시행하여  CVS를 완성해야 한다.",4,4,3,3,2,4,,,
2025. 11. 30 오후 7:33:17,9,177043575,Task2,4,간담낭 삼각의 분리가 완벽하지 않으며 조직의 염증과 부종 및 출혈로 시야 확보에 어려움이 있어보인다. 담낭동맥으로 가능성 있어 보이는 부위를 결찰하나 BDI risk는 높다. ,2,3,4,4,4,4,,,
2025. 11. 30 오후 8:25:17,1,177043575,Task2,4,hepatocystic triangle의 박리가 완전히 진행되지 않은 상태이며 cystic duct로 생각되는 구조물은 일부만 박리되어 있는 상태로 그 위쪽의 구조물을 정확히 확인하지 않는 상황에서 clipping이 진행되고 있는 것으로 보인다. CVS가 확보되지 않은 상황에서 이와 같은 결찰이 이루어지면 bile duct 혹은 hepatic artery의 injury의 가능성이 높아지므로 추가적인 박리와 완벽한 skeletonization으로 CVS를 확보한 뒤 clipping 및 division을 시행해야 한다. GB 의 하부도 liver bed로부터 분리 되지 않은 상태로 추가적인 박리가 필요한 상황이다. Sulcus of Rouviere가 보이고 있어 그 상방에서 dissection이 이루어질 수 있도록 한다.,2,3,3,3,4,4,,,
2025. 11. 30 오전 11:36:30,4,184032125,Task2,1,"간담낭 산각의 박리 단계,
담낭관이 비교적  명확히 보이나, 간담낭 삼각의 후측 을 추가적으로 박리하면 좀더 안전한 결찰 및 절단을 할 수 있을것
당낭 동맥의 주행경로를 확인하기 위해 추가적인 박리가 필요함",3,3,3,2,3,3,,,
2025. 11. 30 오전 11:40:02,4,184032125,Task3,,"간담낭상각의 전측 후측 윈도우를 박리하여 만들어야함
담낭 동맥의 추가 박리가 어려울 시, 담낭 관을 먼저 결찰 및 절단하여 담낭을 더 외측으로 견인
담낭쪽으로 붙여 박리를 시도한다.
구조물이 명확하지 않을 시 담낭 기저부부터 제거하거나, bile out 전략",5,4,3,3,3,2,3,3,3
2025. 11. 30 오전 11:41:57,9,17806325,Task1,,"경미한 염증이 있어보이며,  경도의 유착도 보인다. 출혈은 없어 보이며, 체액의 누출은 경하게 있어 보인다. 간담낭삼각이 박리되는 초기 사진이며, 담낭관이 부분적으로 박리되어 있는 것이 확인된다. ",4,4,3,3,4,4,,,
2025. 11. 30 오전 11:42:24,4,180019600,Task1,,"담낭에 염증소견은 거의 없다
간담낭 삼각의 후측 윈도우가 확보되어 있음
담낭관과 담낭 동맥이 비교적 명확함
담낭동맥의 경우 수술자가 불안할시 추가 박리를 할 수 도 있겠으나, 주행경로가 담낭으로 가는것으로 보임",1,3,5,5,3,2,,,
2025. 11. 30 오전 11:44:33,4,180019600,Task2,1,"간담낭 삼각 단계에서 후측 윈도우를 확보함
담낭관을 클립하기 전단계
담낭관이 명확하여 bdi risk는 낮다
담낭동맥으로 추정되는 구조물을 명확히 하기위해 담낭측으로 추가박리가 가능하다.",3,3,2,2,4,4,,,
2025. 11. 30 오전 11:47:54,4,180019600,Task3,,"하부 담낭을 cystic plate에서 분리하면 담낭관과 담낭 동맥은 더욱 명확히 될것
담낭관과 담낭 동맥을 명확히 한 다음 결찰 및 절단
",4,4,4,4,3,3,2,2,4
2025. 11. 30 오전 11:49:26,4,180018850,Task1,,"담낭은 염증소견이 거의 없어 보임
담낭관과 담낭 동맥으로 추정되는 구조물이 보임
간담낭 삼각의 전측 윈도우를 확보중
훅으로 담낭 동맥을 박리 중임",3,3,2,3,4,5,,,
2025. 11. 30 오전 11:52:51,4,180018850,Task2,1,"간담낭삼각의 초기 박리 단계
담낭은 cystic plate에서 아직 떨어지지 않았으나, 담낭관 및 담낭 동맥으로 추정되는 구조물이 보임
후방 윈도우를 확보한 후 결찰 및 절단하면 안전할 것이라 판단됌",3,3,4,2,5,4,,,
2025. 11. 30 오전 11:55:47,4,180018850,Task3,,"클립 전 담낭 하부를 외측으로 더 견인하고 담낭을 cystic plate에서 일부 박리
간담낭 삼각의 후방 윈도우를 확보하여 담낭관과 담낭동맥을 골격화
담낭관이 비교적 명확히 확보될것으로 보여 BDI risk는 매우 낮음",4,3,3,3,4,4,3,3,5
2025. 11. 30 오전 11:56:12,10,16208825,Task3,,"담낭측에 붙여서 추가적인 박리를 시행하여 cystic duct와 cystic artery의 골격화를 완성하고, 하부 담낭을 liver bed로부터 박리하여 CVS를 확보한다. 이후 관/동맥의 clipping 및 cut을 시행함으로써 BDI를 최소화하고 복강경적 수술을 완료한다.",4,3,5,5,5,4,4,4,4
2025. 11. 30 오후 7:52:26,9,179016550,Task1,,"간담낭삼각 분리의 초기 단계이다. 염증은 경하게 있어 보이고, 유착은 보이지 않는다.  아래쪽으로 경미한 woozing양상의 출혈이 보인다. Cystic duct와 artery가 명확이 노출되지 않는다. ",4,4,4,4,2,3,,,
2025. 11. 30 오후 6:42:53,10,177042825,Task1,,"경도의 염증 및 유착이 있는 담낭의 calot's triangle의 박리가 진행중으로, cystic duct로 추정되는 관상 구조물이 확인되나 cystic artery는 보이지 않는다. 하부 담낭의 일부가 liver bed로부터 박리되었고 origin은 명확하지 않으나 간 아래쪽으로 피가 고여있는 것으로 보아 소량의 출혈이 있었던 것으로 보이며 담즙누출은 없다.",3,3,4,4,3,3,,,
2025. 11. 30 오후 12:13:33,10,16904175,Task1,,"hepatocystic triangle에 경도-중등도의 염증 및 유착이 있으며, Calot's triangle의 cystic duct와 cystic artery의 부분적인 박리가 진행되었으나 완전한 골격화는 되지 않았다. 하부 담낭은 liver bed로부터 분리되지 않았으며, 경미한 출혈이 보이나 담즙누출이나 동맥성 출혈, 기타 이상소견은 보이지 않는다.",4,4,4,3,5,4,,,
2025. 11. 30 오후 12:08:47,4,18206150,Task2,1,"간담낭삼각을 박리 후 담낭관을 결찰하기 전단계
담낭관이 비교적 명확하여 BDI risk는 매우 낮다.",1,1,3,2,5,5,,,
2025. 11. 30 오후 12:09:13,3,185012000,Task1,,담낭측의 peritoneal dissection이 진행 중으로 삼출성 출혈이 확인되나 담즙 누출을 보이지 않는다. 담낭은 약간의 충혈을 보이나 염증소견은 뚜렷하지 않다. 간 표면은 정상으로 보이며 장면에서 Calot's triangle은 시야내에 명확히 보이지 않는다. ,3,4,4,4,4,4,,,
2025. 11. 30 오후 12:57:50,4,177039825,Task3,,"담낭 경부쪽으로 더 박리하여 담낭관을 찾는다
염증 및 섬유화로 담낭관이 명확치 않으면 bile out 전략으로 subtotal cholecystectomy도 가능하다
아직 cystic artery 가 보이지 않았으므로 주의깊은 박리가 필요하다",2,3,3,4,4,4,3,4,4
2025. 11. 30 오후 8:04:50,9,18205400,Task1,,"염증은 없어 보이며, 유착도 없어보인다. 혈액과 체액의 누출도 보이지 않는다. 간담낭삼각의 후면, 담낭 bed쪽의 박리를 시작중이다. Cystic artery와 duct도 보이지 않는다. ",3,3,4,3,2,5,,,
2025. 11. 30 오후 12:13:25,6,167017950,Task1,,"GB infundibulum 과 neck 부위가 일부 박리되어 있으나 구조물이 명확하게 확인되지 않는다. cystic artery로 추정되는 구조물이 보이지만 명확하지 않고, cystic duct는 확인되지 않는다. 담낭 조직은 edematous하고 mild oozing을 보이나 active bleeding은 없다. 간 표면은 정상소견이고, 손상 없이 온전한 상태이다. ",3,4,3,2,3,2,,,
2025. 11. 30 오후 3:17:42,8,176013925,Task1,,"간담낭 삼각이 잘 비교적 잘 노출되어 있으며, 담낭 동맥과 담낭관으로 추정되는 두개의 관상 구조물이 잘 골격화되어 있다. Calot 삼각 또한 잘 분리되어 현재 클립을 적용하려는 부분이 담낭관으로 보인다. 경미한 담즙 착색이 보이나 활동적인 누출이나 출혈은 보이지 않는 상태이다.",2,3,4,4,4,4,,,
2025. 11. 30 오후 12:18:39,3,185012000,Task3,,"출혈소견이 보이는 부위를 suction으로 확인하여 안전한 지혈을 시행한다. 이후 간담낭삼각 전체의 시야를 다시 확보한 뒤 담낭측에서 Calot's triangle dissection을 지속하여 담낭담관/담낭동맥의 골격화를 시행한다. CVS를 확보한 뒤 클립/절단을 시행하여 안전하게 수술을 완료한다. dissection 과정에서 구조물의 구분이 불명확할 경우 fundus-first 전략으로 우회를 시도할 수 있으며, 수술은 복강경으로 완료될 것이다. ",4,3,4,3,4,4,4,4,4
2025. 11. 30 오전 2:19:03,8,176012425,Task2,3,"이 프레임은 Calot 삼각을 분리하고 있는 단계이며, 담낭 동맥과 담낭 관으로 추정할 수 있는 관상 구조물 2개가 비교적 잘 골격화 되어 보이고 있다. 하지만 CVS가 온전히 확보되지는 않은 상태로, 추가적인 담낭 하부와 간의 박리가 필요하다. 담낭벽의 손상으로 인해 담즙 누출이 있고 수술 시야가 방해되는 부분이 있어, 담낭관 주위 박리시 담낭관이나 총담관 손상이 혼동될 수 있는 위험성이 있다.",2,2,3,3,4,4,,,
2025. 11. 30 오후 8:11:02,9,184038875,Task1,,"급성기의 염증이 보인다. 유착도 있었을 것으로 보이며, 체액과 혈액의 경한 누출도 보인다. Cystic artery는 명확히 보이지 않으며, Cystic duct는 Clipper로 결찰중이다. ",4,5,4,4,3,4,,,
2025. 11. 30 오후 12:27:39,3,186033250,Task1,,담낭에 충혈 소견이 보이며 미세한 삼출성 출혈이 보이고 있으며 염증소견이 동반된다. Calot's triangle은 박리가 이루어지져 있으며 담낭담관으로 추정되는 구조물에 클리퍼가 적용 중으로 시야에서 담낭담관은 가려져 있다. 담낭동맥으로 추정되는 구조물이 보이며 담낭하부는 간에서 완전히 분리되지 않은 상태로 보인다. ,4,3,3,3,4,4,,,
2025. 11. 30 오전 2:23:24,8,176012425,Task3,,"담낭 측에서 전, 후 박리를 진행하고 담낭 하부를 간 침상으로부터 분리하여 hepatocystic triangle을 확보한다. CVS를 달성하기 전까지는 그 어떤 구조물도 클립, 절단하면 안된다. 현재 담낭벽의 손상으로 인한 담즙 누출로 전기 소작기 사용시 담낭관이가 총담관의 손상으로 인한 누출과 혼동될 수 있으므로, 가능하면 cold/blunt 박리를 시행하며 적절하게 suction을 이용하도록 한다. CVS에 도달하면 골격화 한 담낭 동맥과 담낭 관을 클립 및 절단하고, 나머지 담낭 부위를 간으로부터 박리하여 수술을 완료한다. 이 경우 안전하게 복강경 담낭 절제술을 시행할 수 있다.",3,2,3,3,4,4,2,3,4
2025. 11. 27 오후 6:33:27,7,176012425,Task3,,담낭 하부를 분리하는 과정에서 담즘 누출이 생겼으므로 추가적인 누출을 최소화하기 위해 담낭의 traction을 잘 하는 것이 중요하며 필요한 경우에는 임시로 천공부위를 clipping 할 수 있다. 담즙 누출이 계속될수록 주변 구조물에 염색이 되어 식별이 더 어려울 수 있으므로 담즘 누출을 최소화하는 것이 수술 위험도를 낮추는데 기여할 것으로 판단된다. cystic duct와 artery는 skeletonization이 잘 되어있으며 CVS도 어느정도 확보된 상태로 수술 진행에는 큰 어려움이 없을 것으로 보인다. ,3,3,3,3,3,3,2,2,2
2025. 11. 30 오후 2:51:40,2,176010925,Task3,,"추가 박리 없이 cyst artery, duct ligation 하면 됨",3,3,3,3,3,3,3,3,3
2025. 11. 30 오후 12:33:22,10,16904175,Task3,,"Calot's triangle의 후방창을 만들고 cystic duct와 cystic artery의 골격화를 완성하고 하부담낭을 liver bed로부터 분리하여 CVS를 확보할 때까지 clipping이나 cut은 시행하지 않는다. 전반적인 박리는 담낭측으로 붙여서 시행하여 BDI의 위험도를 최소화하며, CVS가 확보되지 않을 경우 ICG 등을 사용하는 bailout을 시행해야 안전하게 복강경적 수술로 완료될 수 있다.",4,4,5,5,4,3,2,4,3
2025. 11. 29 오후 2:00:46,3,175072875,Task2,4,Calot's triangle dissection의 초기단계로 보이나 clipping이 시도되고 있다. 담낭담관과 담낭동맥이 명확히 확인되지 않는 상태로 출혈이 심하지 않다면 클립 시도에 앞서 담낭주변의 추가적 박리를 진행하는 것이 BDI risk를 낮출 수 있다.,3,3,3,3,4,4,,,
2025. 11. 30 오후 12:36:15,3,186033250,Task3,,담낭담관의 클립을 시행하기 전에 전체적인 시야에서 담낭동맥/담낭담관의 골격화 정도를 다시 확인하여 CVS를 확보한다. 이후 안전하게 담낭담관과 담낭동맥의 클립/절단을 진행한다. 세척과 출혈부위의 섬세한 지혈을 시행하며 BDI 위험 없이 안전하게 복강경으로 담낭절제술을 완료한다. ,4,2,4,3,4,3,4,3,5
2025. 11. 30 오후 12:40:53,9,186027250,Task1,,"중등도의 염증이 담낭과 주위 조직에 보인다. 혈액과 체액의 누출이 보이며, 조직의 미세구조 구분에 방해를 준다.  담낭 하부가 일부 분리되어 있으며, 간담낭삼각이 부분 박리 되어 있다. Cystic artery는 아직 노출되어 있지 않으며, Cystic duct는 구분이 되나 불완전하게 박리되어 있다. ",5,4,4,4,4,4,,,
2025. 11. 30 오후 1:09:37,10,171017550,Task1,,"hepatocystic triangle은 부분적으로 박리되었으며 calot's triangle은 화면상에서 전부 보이지 않으나 담낭관 및 담낭동맥의 부분적인 골격화가 진행 된 것으로 추정된다. 하부 담낭은 liver bed로부터 분리되지 않았으며, 염증이나 출혈, 담즙누출 및 기타 이상소견은 없다.",4,3,4,3,3,4,,,
2025. 11. 30 오후 12:42:06,4,183026000,Task1,,"담낭에는 염증성 변화가 관찰됨
간담낭 삼각은 부분적으로만 박리되어 있음
담낭경부로 이어진 구조물이 보이나 담낭관으로 명확해보이지는 않음
담즙누출 소견은 없음",4,4,4,4,1,1,,,
2025. 11. 30 오후 12:42:13,3,188020125,Task1,,담낭의 염증소견은 뚜렷하지 않다. 담낭 fundus가 두개측으로 견인되고 있으며 infundibulum은 외측으로 견인된 상태로 Calot's triangle이 부분적으로 박리되어 있으며 담낭담관이 골격화 되어 확인되고 있다. 담낭동맥으로 추정되는 구조물이 보이나 주변 지방조직 및 삼출성 출혈로 명확한 시야를 확인하기 어려운 상태이다. ,2,2,2,3,3,4,,,
2025. 11. 30 오후 12:43:25,1,167020200,Task1,,"Hepatocystic triangle을 박리하고 있는 초기 과정으로 보여진다. GB는 mild inflammation이 있을 것으로 생각된다. 명확한 cystic duct와 cystic artery, CBD의 등의 구조물이 구분되지 않고 있고 담낭 neck에서 cystic duct가 위치할 것으로 보여지는 부분에 소량의 oozing bleeding과 삼출이 있으며 bleeding 이 있을 것으로 생각되는 위치에 clip이 적용되고 있는 상황이나 정확히 어떤 구조물을 결찰하려고 하는지는 구분이 되지 않는다. Bile leakge나 다른 장기와의 adhesion은 보이지 않는다. ",4,3,3,4,2,3,,,
2025. 11. 30 오후 12:43:59,4,183026000,Task2,3,"간담낭삼각의 박리단계
담낭관으로 추정되는 구조물의 부분적인 노출이 있으나 명확치 않음
담낭쪽으로 추가적인 박리가 필요함
담낭염증소견으로 인해 bdi risk 있음",4,4,4,3,1,1,,,
2025. 11. 30 오후 12:45:22,4,183026000,Task3,,"담낭측으로 붙여 박리를 시도
담낭을 더 외측으로 견인하고 cystic plate와 떨어뜨리면 구조물들이 더 명확하게 보일 것
출혈을 최소화 하여 시야를 확보해야한다.",4,4,4,4,1,1,4,3,1
2025. 11. 30 오후 2:47:31,2,175072875,Task2,3,박리 중간단계 tubular structure 가 있으나 어떤 구조물인지 명확하지 않아 추가 박리 필요하며 박리시 bile duct 와의 상관관계 확인 필요,3,3,3,3,3,3,,,
2025. 11. 30 오후 12:48:14,4,17807825,Task2,1,"간담낭삼각은 전측 및 후측이 잘 확보되어 있다.
담낭관이 명확히 보여 지금 클립 및 절단 가능하다.
담낭동맥으로 추정되는 구조물이 있으나, 추가 박리하여 더 골격화해도된다.
",2,2,2,2,2,3,,,
2025. 11. 30 오후 12:50:03,1,167020200,Task2,3,Hepatocystic triangle을 박리하던 과정에서 oozing bleeding이 있었던 것으로 보여지고 이를 통제하기 위하여 grasper를 이용하여 GB neck을 잡고 lateral side로 traction하면서 bleeding이 있는 위치를 clip으로 결찰하려고 하는 과정으로 보여진다. 하지만 현재 CVS가 확인되지 않고 있고 cystic duct와 cystic artery 등 구조물들이 명확히 구분이 되지 않는 과정에서 clipping이 이루어지고 있어 bile duct 및 추가적인 bleeding의 위험이 발생할 가능성이 있다. ,4,3,2,3,3,3,,,
2025. 11. 30 오후 12:50:31,3,188020125,Task2,1,Calot's triangle 박리의 중기-후기에 해당하며 담낭담관의 골격화가 완전히 이루어져 있다. 담낭동맥의 구분이 가능하다 주변 조직의 추가적 정리와 섬세한 지혈을 통한 골격화가 추가로 진행된다면 CVS를 완전히 이룰 수 있을 것으로 보인다. 담낭에서 연결되는 담낭담관의 구조가 명확하므로 BDI의 위험 없이 안전한 클립/절단이 가능하다. ,2,3,2,3,3,3,,,
2025. 11. 30 오후 12:52:16,4,17807825,Task3,,"담낭관의 골격화가 이미 대부분 이뤄져 지금 결찰 절단해도된다.
담낭 하부를 더 외측으로 견인하여 담낭 동맥을 확인후 결찰 및 절단
합병증없는 수술 예상됌",2,2,2,2,2,2,2,2,2
2025. 11. 30 오후 7:12:51,1,175072875,Task2,3,염증이 있는 담낭 경부를 grasper를 이용해 잡고 lateral side로 traction해주면서 view를 만들어주고 있는 상태로 Calot's triangle의 anterior side의 일부만을 박리하고 cystic duct나 cyst artery를 완전히 skeletonization하지 않고 CVS를 확실 확보하지 않은채 cystic duct로 추정되는 구조물을 clipping하고 있다. 이런 경우 ,3,3,4,4,4,3,,,
2025. 11. 30 오후 12:54:24,4,177039825,Task1,,"담낭에는 중등도의 염증성 변화 및 섬유화를 보임
담낭 하부는 간과 떨어져 있음
담즙 유출소견은 보지 않음
담낭 경부는 염증성변화로 edematous 해보임",4,4,4,4,3,3,,,
2025. 11. 30 오후 12:55:35,4,177039825,Task2,3,"담낭경부에서 이어진 담낭관이 예측되나 아직 불완전하다
담낭측에 붙여 추가적인 박리가 필요함
담낭 동맥은 관찰되지 않음
",4,4,4,4,4,4,,,
2025. 11. 30 오후 12:56:28,3,188020125,Task3,,CVS가 부분적으로 확보 되었으며 posterior window가 충분히 확보된 상태로 흡인 및 세척을 이용하여 담낭동맥 주변의 출혈 및 조직 정리를 시행하여 골격화를 완성한다. 이후 담낭동맥과 담낭담도의 클립/절단을 시행하면 안전하게 복강경 담낭절제술을 시행 할 수 있다. 절제를 완료 후 박리 부위의 출혈을 면밀히 확인 후 수술을 종료 한다. ,2,2,2,2,2,2,4,4,4
2025. 11. 30 오후 12:56:58,9,189027300,Task1,,"복강경 카메라가 복강경 포트에서 다 나오지 않은 체 촬영된 사진이라 시야가 제한적이다. 담낭이 보이고 복강경 기구가 보이지만, 해부학적 구조를 판단하기에는 제한이 많다. ",5,4,3,3,3,3,,,
2025. 11. 30 오후 6:47:49,1,175072125,Task1,,담낭은 inflammation으로 인해 wall이 두꺼워져 있고 intestine이나 omentum에 adhesion은 없는 상태임. hepatocystic triangle 을 박리하고 있는 상황으로 보여지며 박리 과정에서 소량의 bleeding이 있다. cystic duct로 추정되는 관상 구조물이 관찰되나 부분적으로만 박리되어 있어 isolation되어 있지 않은 상황이며 cystic artery는 확인되지 않으나 cystic artery 위치할 것으로 추정되는 부분 주변으로 inflammation으로 인해 조직이 edematous하고 fibrofatty change를 하고 있다. GB 하부는 매우 일부만 liver bed로 부터 박리되어 있고 여전히 부착되어 있는 상태이며 Bile leakage는 관찰되지 않는다.,2,3,4,5,3,3,,,
2025. 11. 28 오전 10:09:21,5,175070625,Task1,,"GB 는 염증이 있어 보이며, GB wall이 경미하게 두꺼워진 소견이 있다 Calot's triangle 을 확인하려는 과정으로 보이나, 아직 명확하게 드러나진 않았으며, cystic duct 가 확인되기는 하나 주변 조직의 정리가 좀 더 필요해 보인다. cystic artery 는 아직 확인되지 않고 있으며 현재 그 주변을 박리하는 과정이다. 눈에 띄는 출혈이나 담즙 누출 소견은 없다.",3,3,4,3,4,3,,,
2025. 11. 30 오후 1:02:56,1,167020200,Task3,,"Hepaotocystic triangle의 anterior side와 posterior side를 추가적으로 박리하고 담낭 측에 붙여서 추가로 subserosa dissection을 하여 담낭 하부 1/3을 liver bed로 부터 박리하여 CVS를 확보할 수 있도록 해야 한다. 클립 적용 전에 cystic duct와 artery를 완전히 skeletonization하고 명확히 구조물이 확인이 될 경우에만 ligation, division을 진행해야 한다. 지금처럼 구조물들이 명확히 확인이 되지 않는 상황에서 무분별하게 clipping이나 division을 진행할 경우 bile duct injury의 위험성이 높을 것으로 생각된다. 세심한 지혈과 박리, suction 등으로도 현재 발생한 oozing bleeding이 control 되지 않아 이로 인해 구조물들이 명확히 구분이 되지 않을 경우 IOC, ICG등을 이용하여 bile duct 주행을 명확히 확인하는 것이 도움이 될 것이다. 그럼에도 불구하고 해부학적 구조물들이 명확히 구분되지 않을 경우 bailout procedure로 진행하도록 한다. 상기 과정들을 잘 수행하였을 때 bile duct injury 나 hepatic artery 등의 injury 없이 안전하게 수술이 완료될 수 있을 것으로 생각된다.",3,3,2,2,4,4,4,3,4
2025. 11. 30 오후 1:07:44,9,190028425,Task1,,"담낭경부로 경한 부종과 염증이 보인다. 혈액과 체액의 누출은 거의 없어 보인다. 간담낭삼각의 박리가 시작되었으나, 아직 정확한 구조는 구분되지 않는다. ",4,4,4,3,4,4,,,
2025. 11. 30 오후 1:10:52,3,188023125,Task1,,Calot's triangle 박리가 이루어진 상태이며 담낭 경부에 삼출성 출혈과 약간의 염증소견이 보이나 담즙 누출은 없는 상태이다. 골격화된 담낭담관에 클립이 적용되고 있으며 담낭동맥은 확인되나 완전한 골격화는 되어있지 않다. ,3,4,3,4,4,4,,,
2025. 11. 30 오후 1:11:03,10,171017550,Task3,,calot's triangle의 추가적인 박리를 시행하여 담낭관과 담낭동맥의 골격화를 완료하여 총담관과의 구분을 한다. 담낭측에 붙여서 박리를 진행하여 하부담낭을 liver bed로부터 분리해  CVS를 완성한다. 이후 clipping 및 cut을 시행하여 BDI의 위험성을 낮출 수 있고 복강경적 수술을 완료한다.,4,3,4,4,5,5,3,4,3
2025. 11. 30 오후 1:14:29,9,19108075,Task1,,"염증은 거의 없어 보인다. 혈액의 누출은 보이지 않으며, 체액의 누출은 경하게 보인다. 간담낭삼각 분리의 초기단계이며, 담낭관과 담낭동맥이 명확하게는 보이지 않으나, 보비 위로 동맥, 아래로 관으로 추정되는 구조가 보인다.",4,4,4,3,4,4,,,
2025. 11. 30 오후 1:15:16,3,188023125,Task2,1,담낭하부가 외측 견인된 상태로 담낭담관에 클립이 적용되고 있다.  posterior window가 형성되었으며 담낭담관의 골격화가 충분히 진행되어 있으며 담낭동맥도 구분되는 상태이므로 BDI의 위험 없이 안전한 클립/절단이 가능한 상태로 평가된다. 신중한 진행을 위해 담낭동맥의 추가적 골격화미 담낭하부의 liver bed에서 박리를 진행하는 것도 고려할 수 있다. ,3,4,4,4,4,3,,,
2025. 11. 30 오후 1:20:46,3,188023125,Task3,,담낭담관의 클립을 적용 후 절단을 시행한다. 담낭동맥의 골격화를 확인 후 클립/절단을 시행한 뒤 남은 담낭을 간에서 박리한다. 삼출성 출혈 부위를 포함하여 세척 및 안전한 지혈술을 시행하고 수술을 종료한다. 전체적으로 BDI의 위험 없이 안전한 복강경 담낭절제술의 진행이 가능할 것이다.,3,2,3,2,3,4,4,4,5
2025. 11. 30 오후 1:25:35,3,193028575,Task1,,Calot's triangle 박리가 진행 중인 상태로 field에 담즙 누출에 의한 staining이 확인되며 견인되고 있는 담낭이 collpase되어 있어 박리과정에 담낭천공의 추정된다. 담낭에 경미한 충혈 소견이 확인되어 염증성 변화를 시사한다. 담낭담관의 골격화되어 있으며 담낭동맥은 확인되지 않는 상태이다. surgical gauze가 hilum 부위에 위치하고 있다.,1,2,2,3,2,3,,,
2025. 11. 30 오후 1:31:08,3,193028575,Task2,1,Calot's triangle 박리의 중기-후기이며 담낭하부가 liver bed에서 박리되어 후방창이 완성되었으며 담낭담관은 골격화되었으나 담낭동맥의 구분은 아직 되지 않은 상태이다. 부분적 CVS는 확보된 상태로 담즙누출로 인한 시야 방해를 조절한다면 BDI 위험은 낮을 것으로 예상된다.,2,3,2,3,4,4,,,
2025. 11. 30 오전 11:32:04,4,175070625,Task3,,"담낭쪽으로 붙여 간담낭삼각을 박리한다.
염증 및 섬유화로 인해 담낭관과 담낭동맥이 골격화 되지 않을 가능성이 크다.
섬유화로 인해 박리가 잘 되지 않을 시 에는 bile out 전략을 취한다
",3,2,3,3,4,3,3,4,3
2025. 11. 30 오후 1:44:15,3,193046575,Task1,,calot's triangle dissection이 거의다 이루어진 상태로 담낭담관/ 담낭동맥의 부분적 골격화가 완료 되었으며 후방창이 확보 되어 있다. 담낭의 약간의 충혈을 동반한 염증 소견이 보이고 있으며 담낭하부는 liver bed에서 박리되고 있으며 담낭벽의 천공이 확인된다. 담즙 누출에 의한 bile staining이 보이며 subhepatic area에 surgical gauze가 확인된다. 경미한 삼출성 출혈이 관찰된다.,1,3,2,3,2,4,,,
2025. 11. 30 오후 1:48:44,3,193046575,Task2,1,담낭 하부가 liver bed에서 박리하고 있는 단계로 담즙 누출과 삼출성 출혈 소견이 보인다. bipolar 기구로 liver bed의 지혈을 시도하고 있는 장면이다. infundibulum의 외측 견인을 잘 유지한 상태에서 천공된 담낭의 흡입 및 클립으로 담즙누출을 조절하면 시야 확보가 가능하며 골격화된 담낭담관/담낭동맥을 안전하게 클립/절단 가능하다. ,2,2,3,2,4,4,,,
2025. 11. 30 오후 7:12:15,9,174024950,Task2,4,"간담낭삼각 박리의 초중기 단계로 cystic artery를 결찰하고 있다. 그러나 담낭하부 박리가 진행되지 않아 CVS를 확보되진 않았으며, Cystic duct가 보이지 않기 때문에 BDI는 높다.",3,3,3,4,5,4,,,
2025. 11. 30 오후 1:55:10,3,193046575,Task3,,삼출성 출혈 및 담즙누출 부위를 조절하여 안전한 시야를 확보한다. CVS를 확보 후 골격화된 담낭담관과 담낭동맥을 클립/절단한다. 남은 담낭을 추가적 천공에 주의하여 간에서부터 박리하여 복강경하 담낭절제술을 안전하게 마무리한다. 수술 종료전 liver bed의 출혈 부위를 섬세하게 지혈 하고 충분한 세척을 통해 누출된 담즙을 씻어낸 후 수술을 종료한다.,3,2,4,3,3,2,4,4,4
2025. 11. 30 오후 1:56:36,10,173020600,Task1,,담낭의 염증 및 유착은 없으며 hepatocystic triangle이 부분적으로 박리되었다. cystic duct가 보이며 부분적으로 박리되었으나 골격화되진 않았고 cystic artery는 보이지 않는다. 담낭 하부를 liver bed로부터 분리하는 과정에서 소량의 출혈이 발생했으나 담즙누출은 없고 기타 이상소견도 없다.,3,4,4,3,5,5,,,
2025. 11. 30 오후 1:58:13,9,192023825,Task1,,"담낭으로 경도의 염증이 보이고, 저명은 유착은 보이지 아낳는다. 혈액과 체액의 누출도 거의 보이지 않으나, 담낭으로 hyperemia소견이 보인다. 간담낭삼각에서 두개의 창이 형성되어 있으며, Cystic artery과 duct로 추정되는 구조가 보인다. ",4,3,4,4,4,3,,,
2025. 11. 30 오후 2:00:28,3,195034400,Task1,,간담낭삼각의 박리가 이루어지고 있다. 담낭경부의 충혈 및 염증성 섬유화 조직이 보이며 담낭담관은 부분적으로 골격화되어 있는 상태로 후방창이 확보 되어 있다. 담낭동맥은 명확한 구분이 되지 않는 상태이나 hilum쪽에 담낭동맥의 가능성이 있는 구조물의 stump가 보이고 있어 확인이 필요하다. ,3,4,4,4,4,4,,,
2025. 11. 30 오후 4:40:19,10,174024200,Task2,2,"담낭관, 담낭동맥의 골격화 및 하부담낭의 박리가 되었으며, hepatocystic triangle 박리를 하여 CVS가 확보된 상태이다. 총담관으로부터 충분한 거리에서 clipping 및 cut을 하여 BDI의 위험도를 낮추면 복강경적 수술을 완료할 수 있다.",2,2,3,3,4,4,,,
2025. 11. 30 오후 2:10:47,3,195034400,Task3,,담낭 담관의 골격화를 추가로 진행하며 담낭담관 상부에 위치한 구조물의 담낭동맥 여부를 확인하여 필요시 stump에 surgical clip을 apply하여 출혈의 위험을 방지한다. lymphatic tissue로 확인될 경우 calot's triangle을 추가로 박리하여 담낭동맥을 확인하여 CVS를 확보한 뒤 담낭담관과 담낭동맥의 클립/절단을 진행한다. 안전한 담낭측의 박리를 추가로 시행한다면 BDI의 위험을 낮추며 복강경 담낭절제술을 완료할 수 있다. ,4,4,4,4,4,4,3,4,4
2025. 11. 30 오후 9:27:10,9,193048075,Task1,,"중등도의 염증이 담낭으로 보인다. 간담낭삼각은 50%정도로 정리되었으며, Cystic artery와 duct도 구분되어 보이나,  주위조직이 남아있어, 불완전하게 구분되어 있다. 혈액과 체액의 누출이 간담낭삼각 박리 부위로 전반적으로 있다. ",4,4,5,4,3,3,,,
2025. 11. 30 오후 2:18:46,10,173020600,Task2,1,담낭을 외측으로 traction하면서 Calot’s triangle의 박리가 진행중이며 담낭관이 부분적으로 박리되었으나 담낭동맥은 확인되지 않았다. Calot’s triangle에 소량의 출혈이 발생하였으나 시야는 유지되며 CVS 확보를 위해 두 구조물의 골격화 및 하부 담낭의 박리가 필요하다. 염증이 없으므로 세심한 지혈 및 담낭측으로의 박리를 시행하면 BDI의 위험은 낮을 것으로 기대된다.,4,4,4,3,4,3,,,
2025. 11. 30 오후 2:21:42,9,194020925,Task1,,경도의 염증이 담낭에 보인다. 간담낭 삼각이 부분적으로 정리되어 있다. 완벽한 분리는 아니지만 Cystic duct와 artery로 추정되는 구조가 보인다. 동맥 옆으로 경미한 출혈이 보인다. ,2,4,3,4,4,4,,,
2025. 11. 30 오후 2:23:48,9,197058725,Task1,,"담낭의 하부 구조와 간 사이 박리의 초기 상태이다. 담낭전반으로 심한 염증소견이 보이며, heperemia가 확인된다. 담낭관과 담낭동맥은 보이지 않는다. 출혈은 없으나, 체액의 경미한 누출이 조직 전반에 있다. ",4,4,4,4,4,4,,,
2025. 11. 30 오후 2:28:37,10,173020600,Task3,,"Calot's triangle의 후방창을 내어 담낭관과 담낭동맥의 골격화를 완료하고, 출혈을 조절하며 하부담낭을 담낭측에 붙여서 liver bed로부터 박리하여 CVS를 확보한다. 이후 clipping 및 cut을 시행할 시 합병증 없이 복강경적 수술로 완료할 수 있다.",4,3,5,5,4,4,4,3,4
2025. 11. 30 오후 2:33:24,9,200017875,Task1,,"Mild-to-modrate 염증이 보인다. 간담낭삼각의 박리 중 체액과 혈액의 누출의 경하게 보인다. Clipper로 구조물을 결찰하고 있으나, 명확한 구조물은 구분되지 않는다. ",4,4,3,4,3,3,,,
2025. 11. 30 오후 3:07:39,10,173023600,Task1,,"염증 및 유착은 없는 담낭의 hepatocystic triangle을 박리중으로, 하부 담낭이 liver bed로부터 분리되고 있다. 화면상 calot's triangle은 보이지 않아 담낭관과 담낭동맥의 골격화는 확인할 수 없으나 후방창은 열린 상태이다. 경미한 삼출성 출혈이 있으나 시야제한은 없으며, 담즙누출이나 기타 이상소견은 없다. ",3,3,2,2,3,3,,,
2025. 11. 30 오후 2:45:52,2,175072875,Task1,,"다소의 염증 calot triangle 초기박리  cystic duct, artery 는 명확하지 않음",4,3,4,3,3,3,,,
2025. 11. 27 오후 5:44:14,7,173024350,Task1,,"CVS확보 후  담낭 하부 일부가 간과 분리되어 있으며 calot's triangle은 잘 정리되어 있고, cystic duct가 명확히 노출되어 있으며, clipping을 시행하고 있다. 출혈 및 담즙 노출은 없다.",3,2,3,3,4,4,,,
2025. 11. 30 오후 2:48:51,2,175072875,Task3,,GB 후방에서 calot triangle 을 추가로 박리하여 cystic duct 와 artery 를 해부학적으로 구분하여 CVS 를 확보 후 결찰한다,4,3,4,3,4,3,3,3,3
2025. 11. 30 오후 2:49:06,6,167017950,Task3,,"GB infundibulum 혹의 body를 잡고 lateral 방향으로 견인하여 GB와 liver bed 사이 경계를 확인한 뒤 담낭의 하부를 박리한다. anterior 와 posterior windows를 만든 후 cystic artery와 cystic duct를 확인한다. 두 tubular structures를 skeletonize한 다음, CVS를 확립하면 clipping and dividing한다. 그 뒤 담낭을 liver로부터 모두 박리하면 안전한 laparoscopic cholecystectomy 가 완료된다. 구조물이 충분히 확인되지 않은 상태에서는 담도손상을 일으킬 수 있으므로 ligation 시행하지 않는 것이 좋다. ",4,3,4,4,3,3,3,4,2
2025. 11. 30 오후 2:49:48,2,176010925,Task1,,"염증 없음 tubular structure 는 각각 duct, artery 로 추정됨",4,4,4,3,4,4,,,
2025. 11. 30 오후 2:50:55,2,176010925,Task2,1,염증 없으며 subserosal area soft tissue 는 거의 제거되고 cystic duct 와 artery 는 구분되어 ligation 가능,2,3,2,3,2,3,,,
2025. 11. 30 오후 2:56:04,10,173023600,Task2,2,"이 프레임은 hepatocystic triangle의 박리의 중-후기 단계로, 하부 담낭을 liver bed로부터 박리하고 있다. 화면상 담낭관과 담낭동맥의 완전한 골격화 여부는 확인되지 않는다. 각 구조물의 확인 후 clipping 및 cut 시행 시 BDI의 가능성은 낮다.",2,3,3,2,3,3,,,
2025. 11. 30 오후 6:28:46,6,173024350,Task2,1,이 프레임은 담낭관 클립 적용 전 상태를 나타내며 측방 견인이 좋고 간담낭삼각이 잘 노출되어 있다. cystic artery가 명확하게 확인되지 않았으므로 담낭 하부를 추가적으로 박리하고 cystic artery를 노출시켜 CVS를 확립해야 한다. 현재 상태에서도 BDI risk는 매우 낮다. ,3,3,3,3,4,4,,,
2025. 11. 30 오후 2:53:51,2,177042825,Task1,,cystic duct는 확인되고 박리됨 cystic artery 는 명확하지 않음 염증은 mild,4,3,4,3,2,3,,,
2025. 11. 30 오후 2:55:03,2,177042825,Task2,2,cystic duct 는 박리 다 됨 artery 는 잘 안보임 수술 진행하는데는 문제 없이 BDI 는 낮음,2,3,4,3,2,3,,,
2025. 11. 30 오후 2:55:54,2,177042825,Task3,,cystic duct 잡으면 끝날것 같은데...,2,3,2,3,2,3,3,3,3
2025. 11. 30 오후 2:56:56,2,179015800,Task1,,"GB inflammation 은 없으나 edema, extesion 약간 있음 calot triangle 은 이제 박리 시작하는 단계",4,4,3,3,4,4,,,
2025. 11. 30 오후 2:58:05,2,179015800,Task2,3,박리 초기 단계로 GB bed 에 붙여서 박리를 진행해야 한다 아직까지 구조물이 명확히 확인되지 않아 BDI risk 는 3,4,2,4,4,4,4,,,
2025. 11. 30 오후 2:59:58,2,179015800,Task3,,"GB 후방에서 calot triangle 을 열어 GB쪽에서 박리하여 tubular structure 를 각각 확인하여 cystic duct , artery 를 각각 확보하여 CVS 를 확인한다",4,4,4,4,4,4,3,3,3
2025. 11. 30 오후 3:01:07,2,180019600,Task1,,염증 및 부종은 거의 없으며 cystic duct 와 artery 로 추정되는 구조물이 보임,2,3,4,4,2,3,,,
2025. 11. 27 오후 5:59:55,7,173024350,Task3,,"clipping을 하기 전, 현재 정도의 traction을 유지하며 cystic duct의 뒷부분을 앞뒤로 확인하여 다른 구조물이 없는 것을 확인 후 clipping을 시행한다. cystic duct를 절단한 후 담낭을 간 기저부에서 박리 완료한다. 합병증 위험이 낮아 무사히 복강경적으로 완료될 것으로 예상된다. ",3,3,3,3,4,4,3,3,4
2025. 11. 30 오후 3:04:49,2,180019600,Task3,,"cystic duct, artery 는 거의 확인된 단계이므로 GB 쪽에서 가깝게 박리를 진행하여 각각 skeletalization 을 한 후에 ligation 한다",4,4,4,4,4,4,3,3,3
2025. 11. 30 오후 3:05:53,2,181010700,Task1,,다소의 염증 및 부종 삼출성 출혈 약간 현재는 calot triangle 초기 박리상태로 확인된 구조물은 없다,2,4,2,4,2,4,,,
2025. 11. 30 오후 6:38:42,9,173023600,Task2,3,"간담낭 삼각 박리가 많이 진행된 것으로 보이며 이 프레임에서는 보이지 않으나, 담낭관의 분리는 확보되었을 것으로 추정된다. 담낭동맥은 보이지 않으나, 담낭하부 박리를 조금더 진행하면 확인될 것이다. 염증도 거의 없어 BDI는 보통이다. ",3,3,3,3,4,4,,,
2025. 11. 30 오후 3:10:19,2,181010700,Task2,3,calot triangle 초기 박리단계로 확인된 구조물은 없는 상태 tubular structure 의 일부가 확인되었으나 확인되지 않아 CVS 는 확보되지 않음,2,4,2,4,2,4,,,
2025. 11. 30 오후 6:15:54,6,172044650,Task1,,"GB fundus와 body가 liver로부터 분리되었으며, grasper가 GB fundus를 lateral side로 견인하여 hepatocystic triangle 의 일부가 확인된다. cystic duct는 명확하게 확인되지 않으나 cystic artery 로 추정되는 구조물을 clipping 하는 과정이다. ",4,2,1,2,1,3,,,
2025. 11. 30 오후 3:12:46,2,18206150,Task1,,염증 및 부종 없음 calot triangle 이 거의 다 박리되어 cystic duct artery 확인됨,1,2,2,3,4,4,,,
2025. 11. 30 오후 3:13:47,2,18206150,Task2,1,"cystic dutc, artery 명확기 확인됨 CVS 확보 ligation 바로 하면 됨",1,3,2,3,4,4,,,
2025. 11. 30 오전 1:58:34,8,173023600,Task3,,"적절한 견인과 정교한 박리를 통해 hepatocystic triangle을 확보하고, 담낭 하부 3분의 1을 간 침상으로부터 확실히 분리한다. 담낭 동맥과 담낭 관을 노출시키고 충분히 골격화하여 CVS를 달성한다. 그 전까지는 담관 손상을 예방하기 위해 가능한 cold/blunt dissection을 시행하도록 하고, 담낭 동맥과 담낭 관을 클립 절단한 이후에 나머지 담낭을 간으로부터 박리하여 수술을 마무리한다. 이를 통해 BDI risk가 낮은 복강경 담낭절제술을 완료할 수 있다.",3,3,5,4,4,3,3,4,4
2025. 11. 30 오후 3:20:20,8,176013925,Task2,1,"이 프레임은 간담낭 삼각이 비교적 잘 노출되어있고, Calot 삼각 또한 잘 분리되어 보인다. 담낭 동맥과 담낭관으로 추정되는 두개의 관상 구조물이 잘 골격화되어 현재 담낭관에 클립을 시행하려고 하고 있다. CVS 확보가 잘 된 상태로, 추가적으로 담낭 하부를 간 표면으로부터 분리하여 완전한 CVS 확인을 한다면 BDI risk를 최소화할 수 있다. ",2,4,3,3,4,4,,,
2025. 11. 30 오후 5:38:05,1,173020600,Task3,,적절한 retraction을 통해 hepatocystic triangle의 anterior와 posterior side를 모두 박리하고 추정되는 cystic duct도 조심스럽게 박리하여 CBD와의 경계를 명확하게 skeletonization 해야 한다. 이 과정에서 추가적으로 cystic artery도 명확히 확인하여 박리한 뒤 CVS를 확보한 뒤 각각의 구조물을 clipping 및 division을 시행한다. 현재 GB neck과 liver bed 사이에 출혈이 소량 있어 시야가 제한 될 수 있으므로 최대한 상기 과정을 진행 시에는 GB에 근접한 쪽으로 박리를 하여 bile duct injury 를 최소화할 수 있도록 해야 한다.,3,3,4,5,3,4,3,5,4
2025. 11. 30 오후 3:21:55,2,183025250,Task1,,inflammation 과 edema 가 경미하게 있으며 삼출성 출혈이 보임. cystic duct와 artery 로 추정되는 것이 보임 담낭 누출 없음,2,3,2,3,4,4,,,
2025. 11. 30 오후 3:23:21,8,176013925,Task3,,하부 담낭을 간 침상으로 부터 충분히 분리하여 간담낭 삼각을 명확히하여 CVS를 확보한다. 이후 담낭관과 담낭 동맥이 담낭으로 가는 유일한 관상 구조물임을 확인한 뒤 클립으로 각각 결찰 및 절단하도록 한다. 담낭관 근처에서는 전기소작기 사용을 최소화하여 담관 손상을 막는다. 위 단계들을 따르면 수술은 합병증 없이 BDI risk가 낮은 복강경 담낭절제술로 완료될 수 있다.,3,4,3,3,4,4,2,3,4
2025. 11. 30 오후 3:23:37,9,16208825,Task2,3,"간담낭 삼각이 부분적으로 분리되어 있고, Cystic duct는 구분되어 보이나,Cystic artery는 명확하지 않다. CVS를 확보하기 위해서는 두개의 구조물을 확인하고 혈관을 결찰하는 것이 안전하다. ",4,4,3,4,3,4,,,
2025. 11. 29 오후 5:33:23,4,172044650,Task1,,"담낭 경부가 견인되어 있어 간 실질과 떨어져있다.
염증변화는 경미함
담낭 관이 명확하게 보임
담낭 동맥은 명확하게 보이지는 않음",3,3,4,4,4,4,,,
2025. 11. 29 오후 5:41:49,4,172044650,Task2,1,"간담남상각의 전측 후측이 잘 노출되어있음
담낭관이 잘 노출되어있음
추가 박리 없이 담낭관을 결찰 절단해도 된다.",2,2,4,3,4,4,,,
2025. 11. 29 오후 5:43:27,4,172044650,Task3,,"담낭관을 먼저 절단 하고
담낭을 외측으로 견인하면서 담낭쪽으로 박리를 시도
박리 중 담낭동맥을 만나면 골격화 후 결찰 및 절단",3,3,3,3,3,3,2,4,4
2025. 11. 30 오후 3:26:53,8,17806325,Task1,,"이 프레임은 담낭 infundibulum을 traction하며 Calot 삼각을 박리하고 있는 과정의 초기단계이다. 잔존 섬유지방 조직으로 인해 cystic structure는 명확히 정의되지 않았다. 현재 관상 구조물로 보이는 부분이 부분적으로 골격화되는 단계이며, 담낭관의 가능성이 있으나 추가적인 박리가 필요하다. 담즙 누출이나 출혈은 없는 상태이다.",3,4,4,2,4,3,,,
2025. 11. 30 오후 3:29:58,10,173023600,Task3,,담낭 하부를 담낭측에 붙여서 박리하되 cystic plate의 fatty tissue가 얇으므로 담낭이 rupture되지 않도록 주의하며 liver bed로부터 분리한다. cystic duct와 cystic artery의 골격화가 완료되었다면 clipping 및 cut을 시행한다. CVS가 확보된 상태에서 구조물을 절단하면 BDI의 위험도는 낮고 복강경으로 완료된다.,2,3,2,4,2,3,3,4,4
2025. 11. 30 오후 3:33:05,8,17806325,Task2,4,"이 프레임은 CVS를 확보하기 전 Calot 삼각을 박리하는 초기 단계이다. 담낭관이나 담낭동맥이 명확히 노출되지 않은 상태이며 담낭 하부는 아직 간 침상에 붙어있다. 담낭관으로 추정되는 관상구조물이 부분적으로 박리 및 골격화되고 있으나, 추가적인 박리가 필요하다. 담즙 유출이나 출혈 등의 소견은 없으나, 박리 시행시 전기소작기 사용에 유의하여야한다. 현재 상태에서는 담낭관이나 총담관의 위치가 불명확하여 BDI risk가 높은 편이다.",4,4,3,4,4,4,,,
2025. 11. 30 오후 3:33:52,8,17806325,Task3,,"이 프레임은 CVS를 확보하기 전 Calot 삼각을 박리하는 초기 단계이다. 담낭관이나 담낭동맥이 명확히 노출되지 않은 상태로, 전기 소작기 사용에 유의하여야 한다. 담낭 infundibulum을 적절히 견인하면서 추가적인 박리를 시행하고, 담낭 하부를 간 표면으로 부터 분리하여 간담낭 삼각 및 Calot 삼각을 확인한다. 두 개의 관상 구조물을 충분히 골격화하기 전까지는 클립을 사용해서는 안된다. CVS를 충분히 확보한 이후 담낭동맥과 담낭관을 결찰하여야 안전한 수술로 완료할 수 있다.",4,4,3,3,4,4,4,3,4
2025. 11. 30 오후 3:36:10,3,196027525,Task1,,Calot's triangle 박리가 진행 중이며 담낭의 저명한 염증소견을 보이지 않는다.  posterior window가 확보되고 있으며 담낭담관/ 담낭동맥의 구조물이 확인되나 골격화 되어있지 않은 상태이다. 삼출성 출혈 소견은 보이나 담즙 누출은 보이지 않는다. ,2,4,4,4,4,3,,,
2025. 11. 30 오후 3:42:08,8,18205400,Task1,,"담낭 경부에 붙어있는 장간막이 분리되었고, 담낭 경부가 부분적으로 박리된 상태이다. 한개의 관상 구조물이 보이나 명확히 골격화 되어 있지 않아 어떤 구조물인지 알 수 없다. 담낭의 염증은 경미하고 출혈이나 담즙 누출은 없다. 간담낭삼각이나 Calot 삼각은 현재 분리되지 않은 상태이다.",3,3,2,2,2,3,,,
2025. 11. 30 오후 3:44:34,8,18205400,Task2,4,"이 프레임은 CVS 확보를 위한 Calot 삼각 박리 초기 단계를 보여주며, cystic structure의 노출은 이루어 지지 않았다. 추가적인 박리를 통해 간담낭 삼각과 Calot 삼각 확인이 필요하다. 담낭 동맥과 담낭관이 확인되지 않는 상태로, 지속적인 박리와 골격화가 필요하다. 현재 상태는 BDI risk가 높은 상태이다.",4,4,4,4,2,3,,,
2025. 11. 30 오후 3:44:42,10,174022700,Task1,,"염증성 변화와 경도의 유착을 보이는 담낭의 calot's triangle이 박리되어 담낭관과 담낭동맥이 골격화되어있으며, 담낭하부는 liver bed로부터 분리되지 않았다. 출혈이나 담즙 누출은 없으며 그외 기타 이상소견은 보이지 않는다.",2,3,2,4,2,2,,,
2025. 11. 30 오후 3:47:08,3,196027525,Task2,1,Calot's triangle의 박리가 monopolar hook으로 진행되고 있다. 담낭담관과 담낭동맥이 구분되며 골격화를 위한 추가 박리가 필요한 상태이다. 구조물의 구분이 잘 되어있어 BDI의 위험은 낮은 상태이다. ,3,4,4,4,4,3,,,
2025. 11. 30 오후 3:48:02,8,18205400,Task3,,"담낭에 인접한 전,후 복막 박리를 통해 간담낭 삼각과 Calot 삼각을 확보한다. 담낭 동맥과 담낭 관이 노출되지 않은 상태로 전기소작기 사용에 유의하며 cold/blunt dissection을 시행하도록 한다. 담낭 하부를 간 침상으로부터 충분히 분리하고 두개의 관상구조물은 골격화하여 CVS를 확보한 이후 클립 및 결찰을 시행하도록 한다. 이러한 과정을 통해 합병증 위험이 낮은 복강경 담낭절제술을 시행할 수 있다.",4,3,3,2,4,4,4,3,2
2025. 11. 29 오후 5:17:44,4,172040900,Task1,,"담낭관이 부분적으로 노출되어있다
담낭 염증과 섬유화가 일부 진행된 것으로 보임
담낭 동맥으로 추정되는 구조물이 보임\
담즙노출을 보이지 않음
",2,2,4,4,4,4,,,
2025. 11. 29 오후 5:21:03,4,172040900,Task2,1,"간담낭삼각의 초기-중기 박리단계
담낭관이 명확하게 보임
담낭 동맥은 명확히 보이지 않으므로 전측 및 후측 추가 박리가 필요함
담낭관은 잘 노출되어있어 BDI risk는 낮다",3,3,4,4,4,4,,,
2025. 11. 30 오후 3:53:58,2,184035125,Task3,,GB neck 에서 cystic duct 와의 연결성이 확인 되었다면 cystic artery 만 전기소작으로 조심스럽게 박리를 진행하여 골격화만 조금 더 해주면 됨,4,3,3,3,3,3,3,3,3
2025. 11. 30 오후 3:55:15,2,185012000,Task1,,GB neck portion 만 박리가 된 상태로 구조물 확인되지 않음,2,2,2,3,2,3,,,
2025. 11. 30 오후 3:56:00,3,196027525,Task3,,"담낭하부 1/3을 liver bed에서 박리하고 담낭담관/담낭동맥의 골격화를 진행하여 CVS를 확보한다. 박리 과정에서 hilum측 RHA, CHD의 열손상에 주의한다. CVS가 확보되면 클립/절단을 통해 담낭담관과 담낭동맥을 절단하고 남은 담낭은 liver bed에서 분리하여 수술을 완료한다. BDI의 위험도는 낮을 것으로 예상되면 안전한 복강경 담낭절제술의 완료가 예상된다. ",4,3,4,4,4,3,4,4,4
2025. 11. 30 오후 3:56:26,2,185012000,Task2,3,GB neck portion 만 박리된 상태로 구조물은 확인된 것 없으며 이제 수술 시작 GB neck 을 확인하여 cystic duct 를 찾으러 내려가야함,2,2,2,3,2,2,,,
2025. 11. 30 오후 3:56:33,9,163052175,Task1,,"담낭의 중등도 염증이 보이고, 간담낭삼각 박리중에 체액의 누출이 보인다. 담낭 동맥과 담낭관은 명확히 보이지 않으며, 담즙유출도 보이지 않는다. ",3,4,4,4,3,4,,,
2025. 11. 30 오후 3:59:17,2,185012000,Task3,,미량의 출혈은 전기소작으로 지지면 됨 안지져도 수술의 진행에는 영향없음 GB neck 을 traction 하여 calot triangle 을 확인하기 위한 view 를 만들고나면 GB 후방에서 전기소작으로 GB bed 에 붙여 박리를 진행하여 tubular structure 를 확인하고 CVS 를 확보한다 cystic artery duct 로 의심되는 구조물이 보이면 전기소작으로 skeletalization 하여 ligation 을 위한 구조물 정리를 한다,2,2,3,3,3,2,3,3,3
2025. 11. 30 오후 3:59:28,9,163052175,Task2,5,"담낭의 염증이 있고, 간담낭 삼각의 박리가 불완전한 상태로, 충분한 박리가 필요하다. BDI의 위험이 아직 높아 결찰 및 절제를 하기에는 부적하다. ",4,4,5,5,4,4,,,
2025. 11. 29 오전 10:51:14,3,172040900,Task2,2,Monopolar hook을 이용한 Calot's triangle 박리가  진행 중이다. 약간의 삼출성 출혈이 동반되고 있으나 담낭담관은 골격화가 이루진 상태이며 담낭동맥으로 추정되는 구조물이 확인되므로 추가적인 박리를 통해 CVS를 확보할 수 있다. ,3,2,3,4,5,4,,,
2025. 11. 30 오후 4:02:17,2,186033250,Task1,,약간의 염증 약간의 부종 calot triangle 은 거의 다 박리된 상태 cystic artery duct 로 의심되는 구조물 있음,3,2,2,3,4,4,,,
2025. 11. 28 오후 1:21:59,2,172040900,Task2,3,"carot triangle 박리중으로 cystic duct 로 추정되는 구조물은 확인되었으나 완전히 골격화는 되지 않았고, cystic artery 는 확인되지 않았으며 CVS 에 거의 도달한 정도로 보여 carot triangle 의 박리가 조금 더 필요하다",3,3,3,3,4,4,,,
2025. 11. 30 오후 4:03:48,2,186033250,Task2,2,calot triangle 은 거의 다 박리된 상태 cystic artery duct 로 의심되는 구조물 있음 완전히 skeletalization 되지는 않았으나 수술진행에는 무리 없음 CVS 는 확보되었다고 봄,2,3,2,3,2,3,,,
2025. 11. 30 오후 4:04:06,9,163052175,Task3,,"간담낭 삼각의 박리를 통해 CVS를 확보하는 것이 중요하나, 완벽한 박리는 힘들 것으로 보인다. CVS를 달성하기 힘들때는 Bail-out 기법을 통해 Subtotal-cholecystectomy를 고려해 볼 수 있다. ",4,4,4,4,4,4,4,4,4
2025. 11. 30 오후 4:04:53,3,198037950,Task2,1,Calot's triangle내에 클립 적용기가 거치된 상태로 담낭동맥의 클립 적용 단계로 추정된다. 클립 기구에 가려 target 구조물을 확인하기 어려운 상태로 CVS 확보 여부를 판단하기 어렵다. 담낭담관은 명확하게 골격화되어 posterior window도 확인되는 상태로 BDI의 위험은 낮다.,2,3,3,3,2,4,,,
2025. 11. 28 오후 1:24:29,2,172040900,Task3,,"carot triangle 후방을 다시 확인하여 cystic duct, cystic artery 의 구분을 확실히 하도록 박리를 더 하여 CVS 를 확보 후 cystic duct, artery 를 결찰, 절단한다",3,3,4,4,3,3,3,3,3
2025. 11. 30 오후 4:06:45,10,174022700,Task2,2,이 프레임은 hepatocystic triangle의 박리단계로 담낭관과 담낭동맥의 골격화가 되었으며 염증으로 인해 섬유화 된 하부 담낭을 liver bed로부터 박리하는 중으로 CVS 확보 전단계이다. 추가적인 담낭측으로의 박리 후 clipping 및 cut을 시행하여 안전성을 높이면 BDI의 위험도를 최소화할 수 있다.,3,4,2,2,2,3,,,
2025. 11. 30 오전 1:24:47,8,172037900,Task1,,"담낭 장막은 꽤 비후되어있고 충혈되어 있어 중등도 이상의 염증 소견이 있는 것으로 보인다. 수술 시야에는 oozing과 비후조직으로 인해 담낭의 경계가 불분명하고 cystic structure 구분이 어렵다. 담낭 저부는 아직 간으로 부터 분리 되지 못한 상태이고, 담즙 누출은 보이지 않는다.",3,2,4,4,3,3,,,
2025. 11. 30 오전 1:27:49,8,172037900,Task2,5,"이 프레임은 CVS 확보를 위한 박리 과정에 있으며, 담낭 장막 비후 및 유착과 수술 시야의 oozing으로 인하여 담낭 구조의 구분이 어려운 상태이다. 현 시점에서는 어떠한 구조물도 클립 및 절단하면 안되며, 적절한 견인과 섬세한 박리를 지속하여 hepatocystic triangle 및 Calot 삼각을 확보하여야 한다. 그렇지 않으면 현재 BDI risk는 매우 높은 수준이다.",3,3,4,4,3,3,,,
2025. 11. 27 오후 5:34:09,7,172037900,Task2,3,"CVS 확보를 위한 calot's triangle의 박리를 보여주고 있으며 염증으로 인해 주변 조직들이 비후되어 있는 상태이다. gallbladder traction을 최적화하여 현재 instrument앞쪽에 있는 cystic duct와 뒤쪽에 있는 cystic artery 주변 조직들을 지속적으로 dissectinon 하여 두 구조물을 정확히 확인하는 과정이 필요하다. 현재단계에서 BDI risk는 중간정도이며, 따라서 CVS 확보 후 clipping 해야 한다.",3,3,4,4,4,4,,,
2025. 11. 30 오후 4:09:41,8,186027250,Task3,,"담낭의 적절한 traction과 세심한 박리를 통해 간담낭삼각과 Calot 삼각을 충분히 분리하여야한다. 현재 담낭관으로 추정되는 한개의 관상구조물이 부분적으로 노출되어 있으나, 추가적인 박리과 골격화를 시행하여야한다. 담관 손상을 막기 위해 전기소작기 사용에 유의하고 가능한 cold/blunt 박리를 시행한다. 담낭으로 가는 두개의 관상 구조물이 유일한 것을 확인하여 CVS를 확보한 이후에 클립과 절단을 시행하도록 한다. 이 과정을 통해 BDI risk를 낮추고 안전한 복강경 담낭 절제술을 시행할 수 있다.",4,3,3,4,4,3,2,3,4
2025. 11. 28 오후 1:14:02,2,171017550,Task1,,"no inflammation, edema 없음 carot triangle 은 50%정도 박리되었으나 artery 와 cystic duct 를 구분하기에는 충분함. bleeding 없음. artery clipping 중임",3,3,3,3,4,4,,,
2025. 11. 30 오후 1:11:08,10,171017550,Task2,3,"Calot’s triangle의 박리가 진행중이나 프레임의 범위 상 calot’ triangle 이 전부 보이지 않는다. cystic duct와 cystic artery로 추정되는 구조물이 확인되나 완전한 골격화는 되지 않았으며, 후방창은 나지 않았다. CVS가 완성되지 않은 단계에서 Cystic artery로 추정되는 구조물에 clipping을 시행하였으며, 안전한 수술적 완료를 위해서는 담낭측으로의 박리 및 골격화를 완성 후 clipping 및 cut을 진행해야 BDI의 위험도를 낮출 수 있다.",2,3,3,3,3,4,,,
2025. 11. 30 오후 4:11:46,3,198037950,Task3,,클립 적용 전 CVS를 확인하다. 현재 적용 중인 클립의 타겟이 골격화된 담낭동맥이 맞다면 클립 및 절단을 진행하고 담낭담관의 클립/절단을 뒤따라 시행한다. 남은 담낭을 liver bed에서 박리한 뒤 삼출성 출혈을 안전하게 지혈한 후 수술을 종료한다. BDI의 위험은 낮으며 안전한 복강경적 담낭절제술의 완료가 예상된다.,2,4,2,4,4,4,4,2,4
2025. 11. 30 오후 4:13:25,2,193028575,Task1,,GB 터져서 bile 샘 GB의 약간의 inflammation 과 edema 있음 calot triangle 박리 중간단계로 cystic duct 로 확인되는 구조물 보이며 cystic artery 로 추정되는 구조물에 ligation 하려함,2,2,2,3,2,3,,,
2025. 11. 30 오후 4:15:09,2,193028575,Task2,2,calot triangle 중간 단계 이상 진행된 상태로 cystic duct 는 골격화 되어있으며 cystic artery 로 추정되는 구조물에 clipping 진행 전에 다시한번 확인하고 골격화를 조금더 진행하여 CVS 를 확보하는 것이 더 안전하다,2,3,2,3,2,3,,,
2025. 11. 28 오후 1:17:35,2,171017550,Task3,,내가 하고싶은 얘기를 second sample 이 거의 비슷하게 함,3,3,3,4,5,5,3,3,4
2025. 11. 30 오후 4:16:54,8,187011225,Task1,,"간담낭삼각이 부분적으로 박리가 이루어졌고, 염증소견은 경미하나 중등도의 oozing으로 인해 구조물 확인에 제한이 있다. 관상구조물로 추정되는 조직이 부분적으로 골격화되어있으나 담낭관인지는 불분명하다. 담즙누출 소견은 없는 상태이다.",4,2,2,3,3,3,,,
2025. 11. 30 오후 4:18:13,2,193046575,Task1,,약간의 염증과 부종이 있는 상태로 GB 는 터져서 bile 이 새고있고 cystic duct 와 artery 는 확인됨,2,3,2,3,4,3,,,
2025. 11. 30 오후 4:18:15,10,174022700,Task3,,섬유화된 담낭 하부를 담낭측에 붙여서 liver bed로부터 박리하여 CVS를 확보한 후 담낭관과 담낭동맥에 대해 clipping 및 cut을 시행한다. 적절한 담낭의 traction을 유지하고 총담관으로부터 떨어진 위치에 clipping 및 cut을 시행 시 BDI의 위험성은 낮으며 복강경적 수술을 완료할 수 있다.,4,3,3,4,2,4,3,2,4
2025. 11. 30 오후 4:19:31,2,193046575,Task2,2,calot triangle 거의 박히된 상태로 cystic duct 와 artery 가 구조화된 상태로 CVS 확보 BDI 낮음,2,3,2,2,3,3,,,
2025. 11. 30 오후 5:06:07,1,171017550,Task3,,"Hepatocystic triangle의 posterior side도 충분히 박리하고 담낭의 하부 또한 추가적으로 박리, 확인된 cystic artery와 cystic duct또한 완전히 skeletonization하여 CVS를 확보한 뒤 클립을 적용하고 각각의 구조물들을 division한다. 현 상황으로 보아 bile duct injury의 위험성은 매우 낮을 것으로 생각되어 합병증 업ㅈㅅ이 성공적인 복강경적 수술로 완료될 것으로 생각된다.",3,3,3,4,4,4,3,3,4
2025. 11. 30 오후 4:20:26,2,193046575,Task3,,bipolar 치워라... cystic artery 먼저 ligation 하고 cystic duct ligation 하면 수술 끝,2,3,2,3,2,3,3,3,3
2025. 11. 30 오후 4:23:09,1,16907925,Task2,4,"Calot's triangle의 anterior side와 posterior side가 일부 박리 되어 있는 상황이나 주변 조직들이 edematous하고 hyperemic 하여 박리 과정에서 oozing bleeding 이 지속되어 시야가 제한되고 있다. bile duct로 추정되는 관상 구조물이 보이나 완전히 skeletonization 되지 않았고 주변 fat tissue와도 전부 박리되지 않아 담낭의 hartmann's pouch 일 가능성도 있어 추가적인 박리가 더 필요할 것으로 생각된다.  현재는 명확한 cystic duct나 cystic artery, CBD가 모두 확인이 되지 않는 상황으로 관상 구조물에 대한 섣부른 clipping이나 division은 bile duct injury를 유발할 가능성이 높다. ",4,3,4,4,3,4,,,
2025. 11. 30 오후 4:22:44,8,187011225,Task3,,"CVS를 달성하기 위해 담낭 하부를 간 침상으로 부터 충분히 박리하여 간담낭삼각과 Calot 삼각을 확보한다. 두 개의 관상 구조물을 세심하게 골격화하여 분리하고 담낭으로 가는 유일한 2개의 관임을 확인한 이후에 클립, 절단을 시행하여야한다. CVS 확보가 어렵다면 Bailout 전략이나 IOC를 고려해 볼 수 있다. 아직 담낭관과 총담관의 노출이 충분히 이루어지지 않았으므로 전기 소작기 사용에 유의한다. 이 과정을 통해 합병증 위험이 낮은 복강경 담낭절제술을 시행할 수 있다.",4,4,4,3,4,4,3,3,4
2025. 11. 30 오후 4:25:37,8,188021625,Task1,,"이 프레임에서 기구는 보이지 않으며, 담낭 저부/체부는 팽창되어 있다. 대망 유착이 일부 박리된 모습이며 출혈이 동반되어 있다. 담즙 누출은 없으나 현재 시야에서 관상 구조물과 Calot삼각은 식별되지 않는 상태로 CVS가 평가되지 않는 상태이다.",4,3,4,4,4,4,,,
2025. 11. 30 오후 4:27:57,9,166012950,Task2,4,"간담낭삼각박리의 아주 초기 단계이며, anterior window의 박리가 시작된 단계이다. Cystic duct와 artery로 구분되는 구조가 보이지 않기때문에, 아직 BDI risk는 높다. ",3,3,4,4,2,3,,,
2025. 11. 30 오후 4:29:06,9,166012950,Task3,,"담낭벽의 전후 복막 박리를 시행하고 Cystic artery와 duct를 구분하여 CVS를 확보해야 안전한 담낭절제술이 가능해진다. 염증이 심하지 않아, 박리에는 어려움이 적을 것으로 보인다. 계획대로 복강경을 통한 담낭절제술이 가능할 것으로 보인다. ",4,4,4,4,3,3,4,4,4
2025. 11. 30 오후 4:31:03,10,174024200,Task1,,"담낭의 hartmann's pouch가 외측으로 견인되고 있으며, hepatocystic triangle의 fibro-fatty tissue에 경도-중등도의 염증으로 인한 유착이 동반되어있다. 담낭관과 담낭동맥의 골격화 및 liver bed로부터의 하부 담낭의 박리가 이루어졌다. 의미있는 출혈이나 담즙누출 및 기타이상소견은 없다.",2,3,2,4,4,5,,,
2025. 11. 30 오후 4:31:21,8,188021625,Task2,4,"이 프레임은 담낭 저부/체부의 노출/유착박리 단계를 보여주며 염증소견과 함께 출혈이 동반되어 있다. 관상 구조물과 Calot 삼각은 아직 노출되지 않은 상태로, 현재 상태에서의 클립 사용은 BDI risk를 매우 높일 수 있다. 담낭 infundibulum을 적절히 견인하고 추가적인 박리를 통해 간담낭삼각과 Calot 삼각을 확보하여야 한다.",3,4,4,4,2,3,,,
2025. 11. 30 오후 4:32:02,3,200014125,Task1,,Calot's triangle의 섬유지방조직과 유착 소견이 보이며 염증이 동반되어 있다. 박리된 삼각에 담낭담관과 담낭동맥으로 추정되는 구조물이 확인되나 골격화는 되지 않은 상태이며 담낭하부의 추가 박리가 진행 중인다. 삼출성 출혈이 동반되며 담즙 누출은 보이지 않는다. ,4,4,4,3,4,4,,,
2025. 11. 27 오후 1:24:37,7,171011550,Task2,2,"CVS확보를 위한 calot's triangle의 박리가 이루어지고 있으며, cystic duct로 보이는 구조물이 관찰된다. cystic artery는 확인되지 않는다. 완전한 CVS를 달성하기 까지 추가적인 박리가 필요하며, 출혈 및 주변 구조물 injury가 발생하지 않도록 담낭에 가까운 위치에서 지속적으로 시행해야 한다. 염증이 경미하여 CVS 달성에는 큰 어려움이 없을 것으로 판단된다. 현재 단계에서 clipping은 시행하여서는 안 된다 .",3,3,3,5,4,4,,,
2025. 11. 30 오후 4:34:24,2,194024675,Task2,1,bile duct 가 뚜렷이 보이며 cystic plate 에 soft tissue 가 적어 anatomy 가 쉽게 확인되는 구조임 cystic duct artery 가 모두 확인된 것으로 보여 CVS 는 확보되었다고 봄,2,3,2,3,4,4,,,
2025. 11. 30 오후 4:34:42,8,188021625,Task3,,"담낭을 적절히 견인하면서 대망 유착을 박리하고, 간담낭 삼각을 노출시킨다. 수술시야 확보를 위해 적절한 지혈과 흡인을 함께 시행한다. 담낭관, 총담관과 담낭동맥 구조가 전혀 노출되지 않은 상태로 전기소작기 사용에 유의하고 가능한 cold/blunt dissection을 시행하도록 한다. 클립 사용 이전에 반드시 CVS를 확보하도록 하고, CVS 확보에 어려움이 있을 경우 bailout과 같은 전략을 시도할 수 있다. CVS가 확보된 뒤에 두 개의 관상구조물에 대해 클립, 절단을 시행하여 합병증 위험을 낮추도록 한다.",3,4,3,3,4,4,3,4,4
2025. 11. 30 오후 4:35:07,3,200014125,Task2,3,담낭의 infundibulum이 외측 견인된 상태로 suction을 이용한 calot's triangle의 blunt dissection이 진행되고 있다. 담낭담관/담낭동맥으로 추정되는 구조물이 확인되나 아직 골격화가 완전하지 않고 posterior window가 확보되지 않는 상태로 담낭하부를 포함한 추가 박리를 통해 CVS를 확보하여야 한다. 현재 상태에서 클립을 적용하기에 중등도의 위험이 동반된다.,4,4,4,2,4,4,,,
2025. 11. 27 오후 11:00:17,5,170074300,Task1,,"Calot's triangle 은 부분적으로 정리되어 있으며 CVS 가 대부분 확보되어 있는 상태이다. Cystic duct 가 clipping 되고 있다. GB body 는 부어 있으며 중등도의 염증 소견이 있어 보인다. 출혈이나 담즙 누출 소견은 확인되지 않으며, 뒷쪽으로 cystic artery 로 추정되는 구조물이 있어 추후 정리가 필요하다.",3,2,3,3,4,3,,,
2025. 11. 27 오후 11:05:28,5,170074300,Task3,,clipping 시행하기 전에 cystic duct 의 조직 상태를 확인하고 clipping 을 하는 것이 중요하다. 만약 cystic duct 가 명확하게 보이지 않는다면 fundus 먼저 박리하여 retrograde 방법을 사용해야 한다. GB bed 박리를 할 때 염증 소견으로 인하여 bleeding 이 있을 수 있으므로 안전하게 지혈하면서 박리하면 안전하게 수술을 마무리 할 수 있다.,3,1,4,3,3,3,3,2,3
2025. 11. 28 오후 4:03:22,4,170074300,Task3,,"담낭쪽에서 전방 및 후박 박리를 추가적으로 진행
cystic artery가 잘 보이지 않을 시 cystic duct를 먼저 클립/ 절단 한 다음추가 박리
유착으로 해부학적 구조가 불명확 시 bile out ",3,3,4,3,4,4,4,3,4
2025. 11. 30 오후 4:36:58,8,189027300,Task1,,이 프레임은 근거리의 혈액 얼룩과 trocar로 인한 시야 제한으로 평가할 수 있는 항목이 극히 제한된다. 담낭의 체부 일부만이 관찰되며 그 외에 Calot의 어떠한 해부학적 구조도 식별할 수 없다.,4,4,2,2,3,4,,,
2025. 11. 25 오후 9:11:19,4,170057800,Task3,,"담낭의 하부를 간에서 더 박리하여 유착을 풀어준다
담낭의 하부를 견인하면서 calot tiangle view 를 확보하고 cystic duct  와 artery를 확보한다.
출혈을 조절하면서 담낭 구조를 파악
유착이 많이 심할 경우 subtotal cholecystectomy 가능성도 일부 있다.",3,2,4,4,4,3,3,4,2
2025. 11. 25 오후 8:43:49,4,170054800,Task2,3,"calot triangle의 박리 단계에서 출혈이 있었음' 지혈중
cystic duct와 atery는 명확히 보이지 않음
담낭 경부를 견인하여 더 박리한 후 CVS 를 확보해야한다.",3,3,4,4,5,4,,,
2025. 11. 30 오후 4:39:28,8,189027300,Task2,4,"이 프레임은 근거리의 혈액 얼룩과 trocar로 인한 시야 제한으로 식별가능한 구조물이 매우 제한된다. 담낭 체부의 일부만 관찰할 수 있고 그 외의 Calot 삼각과 같은 어떠한 구조물 확인이 어려우므로, 수술기구 조작은 중단하고 시야 확보를 우선적으로 시행한다.",4,4,3,4,3,3,,,
2025. 11. 28 오후 1:08:53,2,170054800,Task2,4,carot 구분안됨 bile duct 와 cystic duct 구분 안됨 CVS 확보 안됨 bipolar 로 어디 지짐?? 겁나 위험하게 수술하는거로 보임,3,3,4,3,3,3,,,
2025. 11. 30 오후 4:41:02,2,195034400,Task3,,GB 후방에서 cystic plate 를 전기소작으로 조금더 박리하여 cystic duct 를 골격화하고 cystic artery 의 구조물을 다시한번 확인한다 cystic artery 를 먼저 ligation 하는것이 안전성 및 출혈 위험을 낮추기에 더 좋지만 구분되지 않는다면 cystic duct 를 ligation 하고 수술을 진행하는것도 틀린 선택은 아니다,4,3,3,3,3,3,3,3,3
2025. 11. 30 오후 4:42:16,1,171017550,Task1,,담낭은 inflammation이 거의 없이 dry한 상태로 보이고 hepatocystic triangle의 거의 다 박리가 되었으나 posterior side가 아직 일부 박리가 덜 된 것으로 보인다. cystic artery와 cystic duct로 보여지는 구조물이 완전히 skeletonization된 것은 아니지만 명확하게 구분되어져 있고 담낭의 하부 1/3도 절반 정도 liver bed로부터 박리가 되어 있어 보인다. bile leakage나 bleeding은 관찰되지 않는다.,4,3,3,3,5,4,,,
2025. 11. 30 오후 4:42:46,3,200014125,Task3,,담낭하부를 포함하여 담낭측에서 blunt dissection을 지속한다. 삼출성 출혈을 지혈하여 시야를 안전하게 확보하되 hilum 주변에서의 RHA/CHD의 열손상에 주의한다. 담낭담관과 담낭동맥의 골격화를 통해 CVS가 확보되었을 때 클립/절단을 시행한다. 남은 담낭을 liver bed에서 제거 후 세척 및 지혈을 시행하고 수술을 종료한다. 충분한 박리에도 CVS가 확보되지 않는다면 fundus-first로 우회하여 수술을 진행하는 것이 필요하다. 신중한 판단하에 안전한 복강경 담낭절제술이 예상된다. ,4,2,4,5,4,4,4,4,4
2025. 11. 25 오후 6:28:04,4,169011675,Task2,2,"calot 삼각 전면부가 노출되어 있는 상태, 담낭관은 비교적 잘 노출되어 있어 bile duct injury 위험성은 낮은편
담낭 동맥으로 추정되는 구조물이 보이나, 담낭으로 이어지는지 명확히 확인할 필요가 있어보인다.
추가 박리 필요",3,2,3,3,3,3,,,
2025. 11. 30 오후 4:44:08,9,166014450,Task3,,"CVS가 완벽히 확보되지 않았으나, Cystic artery가 결찰되는 것으로 보인다. 절제 후 담낭하부를 박리하면서 tubular structure가 더 보이지 않는 것을 확인 후 Cystic duct를 결찰 후 절제한다면 안전한 수술이 될 수 있겠다. ",4,4,3,3,4,4,3,2,4
2025. 11. 29 오전 12:05:40,3,169011675,Task2,2,Calot's triangle 박리는 대부분 진행된 상태로 당남동맥의 클립 결찰이 진행되고 있다. 박리된 조직으로 삼출성 출혈 소견이 보이고 있으며 담낭담관도 대부분 골겨화 되어있는 상태이나 BDI를 줄이기 위해 클립 전 주변 구조물의 확인이 필요하다. ,2,3,3,3,4,3,,,
2025. 11. 30 오후 4:44:24,8,189027300,Task3,,"모든 수술기구 조작을 중단하고 우선적으로 렌즈 및 trocar를 세척하여 수술시야 확보를 시행한다. 이후 적절한 담낭 견인과 Calot 삼각 및 간담낭삼각 박리를 시행하고, 두개의 관상 구조물을 충분히 골격화하여 CVS를 확보한다. CVS가 달성되기 전에는 클립 사용과 절단을 시행하지 않는다. 노출이 어려울 경우 bailout과 같은 전략을 고려해볼 수 있다. 위의 과정은 BDI risk를 낮추기 위한 과정으로, 모든 과정을 진행하기에 앞서 확실한 수술시야 확보를 우선으로 고려한다.",4,3,4,4,3,2,4,4,4
2025. 11. 30 오후 4:45:33,2,196027525,Task3,,cystic artery 와 cystic duct 를 완전히 구분하는 정도의 골격화가 조금 더 필요한 상태이다 골격화만 진행되어 충분히 결찰 가능한 공간이 확보되면 cystic artery 를 먼저 ligation 하고 duct 를 ligation 하여 수술을 진행한다,2,3,2,3,4,3,3,3,3
2025. 11. 30 오후 4:47:05,2,200014125,Task1,,"GB 염증, 부종 중증도 삼출성 출혈 다소 있음 cystic duct 와 artery 로 의심되는 구조물이 있으나 명확하지 않은 상태",4,4,3,2,3,3,,,
2025. 11. 12 오후 3:18:09,1,168021925,Task1,,담낭은 거의 염증이 없고 유착도 거의 없는 상태로 cystic duct가 부분적으로 박리가 되어 있고 cystic artery로 추정되는 관상 구조물의 경우 Right hepatic artery의 가능성도 아직은 배제할 수 없어 좀 더 박리가 필요한 상황이다. Hepatocystic triangle의 경우 아직 부분적으로 fibrofatty tissue에 덮혀 있어 완전히 박리 되지는 않았다. 현재 gallbladder의 body와 fundus의 경우 liver bed로 부터 박리가 되지 않은 상황이다. Oozing bleeding은 거의 관찰되지 않고  bile leakage도 관찰되지 않는다. liver로 들어가는 common hepatic duct의 주행은 아직 완벽하게 확인이 되지는 않고 있다.,2,3,3,4,4,4,,,
2025. 11. 30 오후 4:48:52,10,174024200,Task3,,hepatocystic triangle의 박리가 완료되어 CVS가 확보되었으므로 담낭의 적절한 traction을 유지하며 담낭동맥과 담낭관의 clipping 및 cut을 시행 후 담낭절제술을 완료한다. 담낭관을 절단할 때는 총담관의 위치를 확인하면서 시행하여 합병증 없이 복강경적 수술을 완료한다.,3,4,3,3,4,4,4,4,4
2025. 11. 28 오후 6:50:49,10,168021925,Task2,2,"Calot’s triangle dissection이 posterior window의 형성까지 진행되어 cystic duct와 cystic artery의 부분적인 골격화가 되어있고, hepatocystic triangle의 박리 및 하부담낭의 박리는 되지 않아 CVS는 완료되지 않았다. cystic duct는 총담관의 distal쪽으로 주행하고 있다. Cystic duct와 총담관의 주행이 확인되므로 BDI의 위험성은 높지 않으나 과도한 GB traction을 하지 않도록 주의해야 한다. 완전한 CVS를 확인한 후 clipping 및 cut을 시행한다.",3,2,3,3,4,4,,,
2025. 11. 30 오후 4:52:02,2,201034800,Task1,,염증과 부종 다소 있으며 삼출성 출혈도 있음 calot triangle 박리 중간 단계인데 구조물이 각각 무엇인지 명확하지 않음,4,3,4,3,3,3,,,
2025. 11. 30 오후 4:52:36,8,189034800,Task1,,"이 프레임은 간담낭삼각을 어느정도 박리한 상태를 보여주며, 경미한 oozing이 동반되어 있다. 담낭동맥과 담낭 관으로 추정되는 두개의 관상 구조물이 노출되어 있고, 담낭 저부는 아직 간 침상으로부터 충분히 박리되지 않은 상태이다. 담즙누출이나 기타 이상소견은 관찰되지 않는다.",3,4,3,3,3,2,,,
2025. 11. 30 오후 4:55:07,2,201034800,Task2,3,calot triangle 박리 중간단계임 tubular structure 가 두개 보이나 굵기 및 위치로 추론하여 아직 명확히 해부학적으로 무엇인지 idetifiy 되지 않은 상태이다 BDI 보통으로 지금음 CVS 가 확보되지 않아 조금 더 박리가 필요하며 해부학적 위치 상관관계를 반드시 확인하여야 한다,2,3,2,3,2,3,,,
2025. 11. 28 오전 11:17:03,2,168021925,Task2,1,"carot triangle 박리는 초기단계이나 subserosal layer 가 매우 얇고 투명하여 bile duct 부터 GB 까지의 연결성 혹은 cystic duct, artery 가 모두 확인되어 CVS 는 거의 확보되었다고 봄",3,3,3,3,3,3,,,
2025. 11. 30 오후 5:16:46,10,174024950,Task1,,"Hepatocystic triangle의 경미한 염증 및 유착소견을 보이며, 담낭관은 프레임 내에 보이지 않고 담낭동맥으로 추정되는 구조물이 복강경기구에 의해 가려져있어 완전한 골격화 여부는 확인하기 어렵다.  하부 담낭은 liver bed로부터 분리되지 않았고, 그 외 출혈이나 담즙누출 및 기타 이상소견은 보이지 않는다.",4,4,3,3,5,5,,,
2025. 11. 28 오후 4:50:27,10,168021925,Task3,,"Calots’ triangle을 박리하여 cystic duct와 cystic artery의 skeletonization을 완료한다. CVS를 위해 hepatocystic triangle의 추가적인 박리를 시행하여 하부 담낭과 liver bed를 분리한다. CVS를 확인 후 clipping 및 cut을 시행하고, 적절한 tranction을 시행하여 CBD가 당겨지면서 발생할 수 있는 BDI를 주의해야 한다. 담낭의 염증이 심하지 않고 해부학적 구조가 뚜렷하므로 합병증 발생률이 낮고 복강경 수술의 완료를 기대할 수 있다.",3,3,3,3,4,4,3,4,3
2025. 11. 30 오후 4:59:05,1,171017550,Task2,1,grasper를 이용하여 담낭의 neck을 lateral side로 traction하고 있는 상태로 CVS가 완전히 확보되어 있지는 않으나 cystic artery와 cystic duct는 명확하게 확인되고 있는 상태이고 cystic artery를 clipping하려고 하고 있다. 더 안전하게 수술을 마치기 위해서는 hepatocystic triangle의 후면도 추가로 박리하고 cystic artery와 cystic duct를 완전히 skeletonization하여 CVS를 확보하는 것이 중요하다.,2,2,1,2,5,4,,,
2025. 11. 30 오후 4:59:10,9,167014950,Task2,4,아직 CVS가 확보되지 않았다. 주위 fat tissue가 적어 cystic duct는 드러나 보이기 때문에 Cystic artery를 잘 분리하면 CVS를 확보할 수 있다. 아직 BDI는 높은 상태이다. ,4,4,2,4,3,3,,,
2025. 11. 30 오후 4:59:52,8,189034800,Task3,,"클립을 시행하기 전에 담낭 하부를 추가적으로 간 침상으로부터 충분히 박리하여 들고, 지혈 및 흡인을 시행하여 두 개의 관상 구조물을 명확하게 확보하도록 한다. CVS를 달성한 이후에 담낭 동맥과 담낭 관을 클립, 절단하여 수술을 시행하면 낮은 BDI risk의 복강경 담낭절제술을 시행할 수 있다.",4,4,4,4,4,4,4,4,3
2025. 11. 30 오후 5:01:36,9,167014950,Task3,,간담낭 삼각의 주의깊은 박리가 필요하다. Cystic artery와 duct가 분리되면 결찰 및 절제 후 담낭의 박리를 이어가면 복강경하 담낭절제술을 안전히 완료할 수 있을 것으로 보인다. 염증이 심하지 않아 수술 난이도가 어렵지는 않을 것으로 보인다. ,4,4,4,4,4,4,4,4,3
2025. 11. 30 오후 5:03:57,8,191014075,Task1,,우엽 간 표면은 출혈이나 염증 소견없이 매끄럽게 관찰된다. 담낭 하부 일부가 간표면으로부터 박리되었지만 충분히 분리되지 않았다. 담낭관으로 추정가능한 관상 구조물이 분리되어 클맆으로 분리되고 있으나 어떤 구조물인지 명확하지 않다. 담즙 누출이나 출혈소견은 없으며 Calot 삼각의 구조는 관찰되지 않는다.,4,4,4,4,4,4,,,
2025. 11. 30 오후 5:16:49,10,174024950,Task2,3,Hepatocystic triangle를 박리중으로 담낭관은 프레임 내에서 보이지 않으나 담낭동맥은 일부 골격화된 것으로 추정된다. 후방창을 내어 각 구조물의 골격화를 완료하고 하부 담낭을 박리하여 CVS를 확보하여 BDI의 위험성을 낮춰야 한다. 출혈이나 담즙 누출이 없이 진행이 적절하므로 담낭측에 붙여서 박리하면 안전성을 높일 수 있다.,4,3,4,4,5,4,,,
2025. 11. 30 오후 12:28:51,6,167017950,Task2,3,"calot's triangle의 박리 단계이나 명확하게 확인된 구조물은 없다. cystic artery로 추정되는 tubular structure가 있으나 명확한 확인은 위해서는 GB neck과 infundibulum의 박리가 더 필요하고, 특히 liver bed와 GB의 분리도 필요하다. 현재로써는 CVS가 확보되지 않아 클립을 적용하는 것이 위험하며, BDI risk는 moderate이다.",3,3,4,4,3,3,,,
2025. 11. 27 오후 10:23:50,5,167017950,Task2,3,현재 Calot triangle 이 부분적으로 보이고 있으나 담낭의 벽이 간에 대부분 붙어 있어서 CVS 확보를 위해서는 GB를 bed 에서 좀 더 박리해야 할 필요성이 있다. cystic duct 와 cystic artery 로 추정되는 구조물들이 있으며 GB 쪽으로 들어가는 모습이 보이기는 하나 아직 clipping 하기에는 좀 더 주변 조직을 정리해야 할 필요성이 있어 보인다. 담도 손상을 줄이기 위하여 수술을 좀더 진행하여 명확한 구조물을 확인 후 절제하는 것이 필요하다.,3,3,4,4,3,3,,,
2025. 11. 30 오후 5:11:19,9,167020200,Task2,4,"간담낭 삼각 내 조직의 비후가 보이며, CVS가 완전히 확보되지 않은 상태이다. cystic artery와 duct가 명확히 구분되어있지 않아 BDI가 높아 보인다. ",4,4,2,3,4,4,,,
2025. 11. 30 오후 5:14:21,9,167020200,Task3,,간담낭삼각의 추가적인 박리를 통해 CVS를 확보하는 것이 중요하다. 담낭하부의 불완전한 박리는 BDI를 초래할 위험을 높인다. 충분한 박리 후에 Cystic duct와 artery가 구분된 뒤 절제를 하고 담낭절제술을 한다면 합병증 없이 수술을 완료할 수 있다. ,4,4,4,4,4,4,4,3,4
2025. 11. 30 오후 5:15:58,8,191014075,Task3,,담낭을 적절히 견인하고 담낭 표면에서 박리를 유지하여 간담낭 삼각과 Calot 삼각을 충분히 노출한다. CVS가 달성되기 전까지는 어떠한 구조물도 클립하거나 절단해서는 안된다. 현재 관상구조물이 노출되지 않은 상태이므로 전기소작기 사용에 유의하도록 한다. CVS 달성이 어려울 경우 bail-out과 같은 전략을 고려해볼 수 있다. 이와 같은 과정을 통해 BDI risk가 낮은 복강경 수술을 완료할 수 있다.,4,3,4,3,4,4,4,4,4
2025. 11. 30 오후 5:16:53,10,174024950,Task3,,"담낭의 외측으로 traction하면서 calot's triangle의 적절한 노출을 유지하여 후방창의 형성 및 담낭관과 담낭동맥의 골격화를 진행하고, 담낭측으로 박리하여 하부담낭을 liver bed로부터 분리하여 CVS를 확보한다. 총담관으로부터의 분리가 적절하지 않을 경우 ICG나 IOC등의 bailout전략을 고려할 수 있으나, 염증이 정도 및 미미한 출혈정도로 보았을 때 합병증 없이 복강경적 수술로 완료할 가능성이 높다.",5,4,5,3,4,4,3,5,4
2025. 11. 30 오후 5:22:58,1,173020600,Task1,,"담낭은 염증은 없어 보이는 상태이나 담낭벽에 두드러진 혈관들이 많이 관찰되고 있다. hepatocystic triangle의 anterior side를 박리하는 과정에서 담낭의 neck 부분에서 출혈이 발생한 것으로 보이나 bile leakage는 보이지 않는다. cystic duct로 추정되는 관상 구조물이 확인되고 있으나 완벽하게 skeletonization 되어 있지 않아 아래 보여지는 distal CBD와 명확하게 구분되어지고 있지 않은 상황이다. cystic artery는 관찰되지 않는다. Duodenum이나 colon, omentum과의 adhesion은 관찰되지 않는다. ",3,4,4,4,5,4,,,
2025. 11. 30 오후 5:18:12,8,192023825,Task1,,"Calot 삼각은 두 개의 깨끗한 창으로 잘 형성되어 노출되어 있고, 염증소견이나 출혈은 미미하다. 간담낭삼각과 Calot 삼각이 비교적 명확하게 구분되어 있고 담낭동맥과 담낭관으로 추정되는 두 개의 관상구조물이 잘 분리되어 있다. 간 표면은 출혈이나 유착없이 온전하다.",2,3,2,3,4,4,,,
2025. 11. 30 오후 5:20:24,8,192023825,Task2,1,이 프레임에서 간담낭삼각과 Calot 삼각은 비교적 명확하게 분리되어 있다. 담낭 동맥과 담낭 관으로 추정되는 두 개의 관상구조물이 비교적 명확하게 분리되어 있고 부분적으로 골격화 되어있다. 완전한 CVS 달성을 위해 담낭 하부를 간 침상으로부터 추가적으로 분리하도록 하고 두 개의 관상구조물을 더 세심하게 골격화 한다면 BDI risk를 최소화할 수 있다.,3,4,3,3,4,4,,,
2025. 11. 30 오후 5:55:16,10,176010925,Task1,,"염증 및 유착이 없는 담낭의 hepatocystic triangle을 박리중으로 후방창이 일부 형성되었으나 담낭관이나 담낭동맥의 골격화는 완성되지 않았다. 하부담낭의 전방을 liver bed로부터 박리하는 중으로 출혈 및 담즙누출, 그외 기타이상소견은 없다.",4,4,3,3,5,4,,,
2025. 11. 30 오후 5:22:16,8,192023825,Task3,,"완전한 CVS 확보를 위해 담낭 하부를 담낭측에서 추가적으로 박리한다. 두 개의 관상구조물을 추가적으로 골격화하여 완전한 CVS에 달성하도록 한 이후 담낭 동맥과 담낭 관을 클립, 절단하도록 한다. 결과는 담관 손상 위험이 매우 낮은 복강경적 완료가 예상된다.",4,4,4,4,4,4,3,3,4
2025. 11. 28 오후 10:12:47,10,167014950,Task1,,"염증이 거의 없는 담낭의 calot's triangle 초기 박리가 진행중으로, cystic duct가 부분적으로 골격화되어있고, 그 전방으로 lymph node 와 연결된 작은 혈관구조가 보이고 cystic artery는 아직 보이지 않는다. 소량의 oozing성 출혈이 있으며 담즙누출이나 유착, 기타 이상소견은 보이지 않는다.",3,3,4,4,4,3,,,
2025. 11. 30 오후 5:27:41,8,193048075,Task2,3,"이 프레임은 CVS 달성을 위한 간담낭삼각 박리 과정을 보여준다. 소량의 담즙누출과 출혈 소견이 있으며, 지방조직으로 인해 충분한 시야 확보가 되지 않았다. 두 개의 관상 구조물 또한 부분적으로 골격화 되어 있어 추가적인 박리가 필요해보인다. BDI risk를 낮추기 위해 담낭 하부를 간 침상으로부터 추가적으로 박리하고, 관상 구조물을 충분히 골격화 하여야 한다.",4,4,4,4,4,4,,,
2025. 11. 30 오후 5:30:28,1,173020600,Task2,1,초기 calot's triangle 박리 진행 중으로 grasper를 이용하여 담낭의 neck을 잡고 lateral side로 traction 하며 담낭의 하부를 liver bed로부터 박리하고 있다. 그 과정에서 일부 출혈이 발생하여 hooked bovie로 cauterization을 진행 중인 것으로 보인다. Cystic duct로 추정되는 관상 구조물이 보여지고 있으나 skeletonization 되어 있지 않아 bile duct injury를 최소화하기 위해서는 추가적인 박리가 필요한 상황이다. inflammation이 적어 liver hilum 주변으로 tissue들도 dry해보이고 fat tissue도 적어보여 CVS를 확보하는데는 큰 무리가 없어 보이며 담도 손상의 위험성도 낮아 보인다.,4,3,5,4,4,4,,,
2025. 11. 30 오후 5:30:36,8,193048075,Task3,,"염증 조직과 미세출혈을 지혈, 흡인하여 수술 시야를 확보한 이후에 담낭을 적절히 견인하며 추가적인 박리를 시행하도록 한다. 담낭 하부를 간 침상으로부터 충분히 박리하여 간담낭삼각과 Calot 삼각을 분리하여 CVS를 달성한 이후에 클립을 시행해야한다. CVS 달성이 어려울 경우 bailout과 같은 전략을 고려할 수 있다. 두 개의 관상구조물을 충분히 골격화 한 이후에 클립 및 절단을 시행하여 안전한 복강경 수술을 기대해 볼 수 있다.",4,4,4,4,4,3,4,4,4
2025. 11. 30 오후 5:32:41,8,194020925,Task1,,"간담낭삼각이 어느정도 분리되어있고, 경미한 출혈이 있으나 수술시야가 제한되지는 않는다. 담낭 동맥과 담낭 관으로 추정되는 두 개의 관상 구조물이 부분적으로 골격화되어 분리되어 있다. 담즙누출이나 간 표면의 이상소견은 확인되지 않는다.",2,3,2,2,2,3,,,
2025. 11. 30 오후 5:35:01,8,194020925,Task2,2,"이 프레임은 간담낭삼각과 Calot 삼각의 노출이 어느 정도 진행된 상태로, 경미한 염증과 삼출로 수술시야는 양호한 상태이다. 담낭 동맥과 담낭 관으로 추정되는 두 개의 관상구조물이 부분적으로 골격화되어 노출되어 있다. 양호해 보이나 CVS는 완전히 확보되지는 않았으므로 추가적인 박리가 권장된다.",1,2,3,3,2,2,,,
2025. 11. 30 오후 5:37:15,8,194020925,Task3,,완전한 CVS 달성을 위해 담낭을 적절히 견인하며 담낭 하부를 간 표면으로 부터 충분히 박리하도록 한다. 간담낭 삼각과 Calot 삼각이 충분히 분리된 이후에는 노출 되어 있는 두 개의 관상구조물을 충분히 골격화 하여 CVS를 달성한다. 이후 각각 클립과 절단을 시행하여 낮은 BDI risk의 복강경 수술을 기대해 볼 수 있다.,2,4,4,4,3,3,3,4,3
2025. 11. 30 오전 6:03:47,1,167014950,Task1,,담낭은 inflammation이 거의 없거나 mild한 정도로만 있는 것으로 보여지고 bile duct에서 담낭의 하부로 이어지는 부분에 소량의 oozing bleeding이 관찰되고 bile leakage 소견은 보이지 않고 있으며 다른 장기들과의 adhesion 소견은 보이지 않고 있다. Hepatocystic triangle의 일부가 박리되어 있고 cystic artery로 추측되는 관상 구조물이 박리되어 있는 것으로 보이며 그 뒤편으로 cystic duct로 보여지는 관상구조물이 보여지나 아직 완전히 skeletonization 되어 있지는 않아 보인다. Rouviere's sulcus로 보여지는 부분이 일부 확인되는 것으로 생각되며 hilar plate로 예측되는 구조물이 있어 CBD 주행을 예측할 수 있어 보인다. ,2,3,3,4,4,3,,,
2025. 11. 30 오후 5:39:26,8,195036650,Task1,,"담낭은 팽창되어 있으며, 염증 소견은 경미하고 출혈은 미미하다. 간담낭삼각은 부분적으로만 박리되어 있으며 담낭 동맥이나 담낭관과 같은 관상구조물은 아직 노출되지 않았다. 간 표면의 이상소견이나 담즙누출은 없는 상태이다.",4,4,4,4,4,4,,,
2025. 11. 30 오후 5:42:13,1,174022700,Task1,,담낭은 mild to moderate 정도의 inflammation으로 인해 wall이 두꺼워져 있는 상태이다. 현재 완벽하게 GB 하부 1/3은 liver bed로부터 박리되어 있고 hepatocystic triangle도 완전 박리되어 완벽하게 CVS를 확보한 상태로 cystic duct와 cystic artery가 명확하게 skeletonization되어 있어 뒷면으로 간의 실질이 관찰되고 있다. bleeding이나 삼출은 거의 없고 bile leakge도 없다.,1,3,1,2,1,1,,,
2025. 11. 30 오후 5:42:52,8,195036650,Task2,4,이 프레임은 부분적인 간담낭삼각의 분리가 이루어지고 있는 상태이다. 담낭 동맥이나 담낭 관 같은 관상 구조물은 노출되지 않은 상태로 CVS는 평가될 수 없다. 현재 상태에서 클립을 시행하는 것은 BDI risk가 매우 높다. CVS가 달성되기 전까지는 어떠한 구조물도 클립하거나 절단해서는 안된다. 안전성을 확보하기 위해 추가적인 박리를 통해 간담낭삼각과 Calot 삼각을 충분히 분리해야한다.,4,3,4,3,4,3,,,
2025. 11. 30 오후 5:45:29,1,174022700,Task2,1,현재 CVS가 완전하게 확보된 상태로 cystic artery와 cystic duct가 skeletonization 되어 있어 안전한 clipping과 division이 가능한 상태이다. Bile duct injury의 가능성은 거의 없어 보인다. ,1,2,1,2,1,1,,,
2025. 11. 30 오후 5:45:45,8,195036650,Task3,,"CVS를 달성하기 위해 담낭을 적절히 견인하며 담낭측에서의 박리를 지속한다. 간담낭삼각과 Calot 삼각을 분리하여야 하고, 현재 관상 구조물이 노출되지 않았으므로 전기소작기 사용에 유의하여 담관 손상 위험성을 최소화한다. 두 개의 관상 구조물을 확보하고 세심하게 골격화하여 CVS를 확보하기 전까지는 어떠한 구조물도 클립하거나 절단하지 않도록 한다. CVS 달성에 어려움이 있다면 담낭 감압이나 bailout과 같은 전략을 고려할 수 있다. 위 과정을 통해 합병증 위험이 낮은 상태로 복강경 수술을 완료할 수 있도록 한다.",4,4,4,3,4,3,4,4,4
2025. 11. 30 오후 5:47:35,8,197058725,Task1,,"이 프레임에서는 간 하부의 염증성 조직과 출혈만 확인할 수 있으며, 담낭 조직의 명확한 구분이 어렵다. 간 피막의 손상이 의심되나 명확한 담즙 누출은 보이지 않는다.",4,4,4,3,2,3,,,
2025. 11. 30 오후 5:49:51,8,197058725,Task2,5,"이 프레임은 염증이 심한 상태에서 간 하부의 염증 조직, 피막하 박리를 시행하고 있는 모습이다. 담낭, 담낭관, 담낭동맥 등의 어떠한 구조물도 명확히 구분되지 않는 상태로 세심한 지혈과 박리가 지속되어야하고 전기소작기 사용에 유의하여야한다. 간담낭삼각과 Calot 삼각의 구분이 이루어지지 않는 다면 BDI risk는 지속적으로 매우 높은 수준으로 유지된다.",4,4,4,4,4,4,,,
2025. 11. 30 오후 5:50:48,1,174022700,Task3,,현재 hepatocystic triangle의 anterior와 posterior side가 모두 박리 되어 CVS가 안전하게 확보된 상태이며 bile duct injury 없이 cystic artery와 cystic duct가 모두 skeletonization 되어 있는 것으로 보여 clipping후 division한 뒤 liver bed에 부착되어 있는 GB를 박리하면 성공적인 복강경적 수술로 완료할 수 있을 것으로 보인다.,2,3,2,4,1,3,3,3,4
2025. 11. 30 오후 5:51:04,10,176010925,Task2,1,Hepatocystic triangle의 박리단계로 담낭관과 담낭동맥의 골격화는 안되었으며 하부 담낭의 전방측을 박리하고 있다. 염증이나 유착이 없고 출혈이 거의 없는 상태로 calot’s triangle의 후방창을 열고 골격화하여 구조물을 확인 후 담낭측에 붙여 박리하여 CVS를 확보하면 BDI의 위험도는 매우 낮다. ,4,3,3,3,4,4,,,
2025. 11. 30 오후 5:51:40,9,168024925,Task2,2,Cystic duct와 artery가 확보되어 CVS가 거의 확보된 상태이다. 담낭하부의 박리만 조금더 진행되면 BDI risk가 낮은 체로 Cystic duct와 artery의 결찰 및 절제가 가능할 것이다. ,4,4,4,4,4,4,,,
2025. 11. 30 오후 5:53:19,8,197058725,Task3,,"지혈과 세심한 박리를 지속하여 담낭 및 관련 구조물의 식별과 분리를 최우선시 한다. 맹목적인 전기소작기 사용은 담관 손상 위험을 높일 수 있으므로 자제하고, 가능하면 cold/blunt 박리를 시행하도록 한다. 간담낭삼각과 Calot 삼각이 분리되면 관상구조물을 확보하고 골격화하여 CVS를 달성한 이후 담낭 동맥과 담낭 관을 클립 및 절단하도록 한다. 하지만 현재 상태로만 평가하기에는 CVS 확보가 매우 어려울 수 있고, 개복 전환이나 부분절제가 필요할 수 있다.",3,3,4,4,2,3,3,3,2
2025. 11. 30 오후 5:53:29,9,168024925,Task3,,"담낭측에서의 박리를 진행하여, 하부 1/3 박리를 마치면 안전한 담낭절제술이 가능할 것이다. ",4,4,4,4,4,4,4,4,4
2025. 11. 30 오후 5:56:58,10,176010925,Task3,,담낭의 적절한 traction을 유지하면서 calot's triangle의 후방창을 내어 담낭관과 담낭동맥의 골격화를 완성하고 하부담낭을 담낭측으로 박리하여 CVS를 확보한다. 이후 clipping 및 cut을 진행하면 출혈이나 담즙누출과 같은 합병증 없이 복강경적 수술을 완료할 것으로 기대한다.,5,5,4,4,4,3,3,3,5
2025. 11. 30 오후 6:00:12,9,16904175,Task2,4,"간담낭삼각의 박리를 하고 있는 과정이지만, 염증으로 과정이 쉽지 않아 보인다.  담낭 하부의 박리가 유착으로 진행에 어려움이 잇을 것으로 보이며,  담낭관의 결찰은 가능할 것으로 보이나, Cystic artery의 isolation에는 어려움이 있을 수도 있다. 그래서 BDI risk 는 높음이다. ",5,5,4,4,4,4,,,
2025. 11. 30 오후 6:01:58,10,176013925,Task1,,경미한 염증소견을 보이는 담낭의 Hepatocystic triangle이 박리 되어 담낭관과 담낭동맥이 각각 골격화 되었고 하부 담낭이 liver bed로부터 분리되어있다. 골격화된 담낭관이 담낭목 부위에서 clipping되는 중이다. 유착은 없는 상태이고 출혈이나 담즙누출 및 기타이상소견도 없다.,2,3,4,2,5,5,,,
2025. 11. 30 오후 6:02:00,9,16904175,Task3,,"담낭 하부의 유착으로 CVS 확보에 어려움이 있으면, 다른 전략을 선택하는 것도 가능하다. Bail-out기법이나,담낭조영술을 하는 것도 하나의 방법이 될 수 있다. ",5,5,4,4,4,4,4,4,4
2025. 11. 30 오후 6:03:15,1,174024200,Task1,,Moderate inflammation으로 인해 GB wall이 두꺼워져 있다. hepatocystic triangle 이 anterior side는 거의 다 박리되어 GB 하부 절반이 박리가 되어 있는 상태이고 cystic artery와 cystic duct는 완전히 skeletonization 되어 있다. Inflammation으로 인해 fibrofatty change가 calot's triangle 위치에 관찰되고 있다. 극소량의 삼출은 관찰되나 bleeding이나 bile leakage는 보이지 않는다. duodenum이나 colon 등 다른 장기와의 adhesion은 관찰되지 않는다.,2,4,2,3,3,4,,,
2025. 11. 30 오후 6:05:10,6,172044650,Task2,3,"GB의 위쪽을 ilver로부터 분리하고, GB의 아랫부분도 일부 박리를 진행한 상태이다. calot's triangle을 박리하는 단계이며, cystic artery로 추정되는 tubular structure를 clipping 중이나 cystic duct가 완전하게 확인되지 않아 CVS 는 확립되지 않았다. 현재로써는 clip 적용이 위험성이 있으므로 추가적인 박리로 CVS 를 확립한 후 ligation을 시행하는 것이 좋다.",4,4,4,3,2,2,,,
2025. 11. 30 오후 6:08:17,1,174024200,Task2,2,Calot's triangle 박리 단계에 있으며 cystic artery는 완전히 skeletonization 되어 있어 안전하게 clipping 및 division이 가능할 것으로 생각된다. cystic duct 또한 skeletonization 되어 있는 듯하나 posterior side가 완벽하게 박리 되었는지는 이 view에서는 장담하기는 어려운 상황이나 확인이 되면 안전하게 division이 가능할 것으로 생각된다. 완벽한 CVS 확보를 위해서는 liver bed로 부터 cystic plate의 완전한 분리가 필요하다. ,3,3,2,3,4,4,,,
2025. 11. 30 오후 6:11:01,9,171011550,Task2,4,"간담낭삼각 박리의 초기 단계이다. 아직 tubular structure가 명확히 보이지 않는다. 담낭 하부까지의 박리가 필요하다. CVS가 확보되지 않아, BDI가 높다. ",3,4,4,4,4,4,,,
2025. 11. 30 오후 6:16:34,10,176013925,Task2,1,"이 프레임은 Hepatocystic triangle의 박리가 완료된 뷰를 보여준다. 담낭관과 담낭동맥의 골격화 및 담낭하부의 박리도 완료되어 CVS가 확보되어 담낭관의 clipping이 시행되었다. 출혈이나 담즙유출이 없는 상태로, 각 구조물의 Clipping과 cut을 총담관과 충분한 거리를 두고 시행하여 BDI의 위험도를 최소화하면 안전성을 유지할 수 있다.",1,4,2,3,5,4,,,
2025. 11. 30 오후 6:15:05,1,174024200,Task3,,Inflammation으로 인해 전반적으로 cystic plate 에 fibrofatty change가 있어 조심스럽게 박리를 진행해야 한다. 담낭측에 붙여서 박리를 진행하되 peritoneal clearance 및 cystic plate를 분리하여 CVS를 완전히 확보하고 skeletonization 되어 있는 cystic artery와 cystic duct를 clipping 후 division 한다. 현재 cystic duct가 명확하게 CBD로부터 구분되어지고 있는 상태로 합병증 없는 성공적인 복강경적 수술로 완료할 가능성이 매우 높으나 혹 fibrofatty tissue로 인해 CVS를 확보하기 어려울 경우 bailout procedure를 고려해야 한다. bile duct injury 위험성은 매우 적을 것으로 생각된다.,3,4,2,3,4,5,3,3,4
2025. 11. 30 오후 6:16:26,6,172044650,Task3,,"추가적인 박리로 calot's triangle를 골격화하여 cystic duct와 cystic artery를 명확히 확인한다. 담낭의 하부는 박리가 많이 진행된 상황으로 2개의 tubular structure를 확인하면 CVS 를 얻을 수 있다. 그 뒤 ligation 을 시행하고,  GB를 완전히 분리할 수 있다. ",2,2,4,3,3,2,4,3,3
2025. 11. 30 오후 6:15:42,9,171011550,Task3,,"간담낭 삼각 박리의 초기 단계이지만, 염증이 없는 상태이기에 수술이 어려울 것 같지 않다. 현재 후방창을 박리 중이므로 ,CVS를 확보하면 안전하게 담낭절제술을 시행할 수 있을 것이다. ",4,3,4,4,4,4,4,4,4
2025. 11. 30 오후 6:18:12,10,176013925,Task3,,CVS가 확보된 것을 확인 후 담낭관과 담낭동맥을 총담관과의 충분한 거리를 두면서 clipping 및 절단하고 담낭을 담낭판으로부터  박리해낸다. 적절한 견인 및 세심한 박리와 지혈로 합병증 없이 복강경적 수술이 완료된다.,2,3,3,2,5,4,4,4,5
2025. 11. 30 오후 6:24:02,6,173024350,Task1,,"GB에는 거의 염증과 유착이 없는 상태이며, 담낭 경부는 측방으로 견인되어 있다. 담낭관이 명확히 노출되어 있으며 클립 어플라이가 정확하게 그 위에 위치해 있다. calot's triangle은 거의 확인 가능하며 cystic artery로 생각되는 구조물이 있으나 명확하게 정리되지 않았다. 하부 담낭의 일부가 간저에서 분리된 것으로 보인다.",4,2,4,3,5,4,,,
2025. 11. 30 오후 6:26:59,9,172037900,Task2,4,"간담낭삼각의 박리가 중간쯤 진행된 상태이나, 염증 및 조직의 부종으로 CVS 확보는 어려운 상태이다. 담낭하부로의 박리가 더 이루어져야하며, 현재는 BDI가 높다. ",4,4,5,4,4,4,,,
2025. 11. 30 오후 6:28:13,9,172037900,Task3,,"담낭 하부 박리 및 간담낭 삼각 사이 박리를 통해 확실한 CVS 확보가 중요하다.다만 이것이 어려울 경우 염증이 심하고 삼출이 많기 때문에, 무리하지 않고, Bail-out기법으로 전환하는 것이 안전할 수 있다. ",5,5,5,4,4,4,4,4,4
2025. 11. 30 오후 12:28:10,1,167014950,Task2,2,담낭의 neck을 grasper를 이용하여 lateral side로 traction하며 Calot's triangle을 dissection하고 있다. Calot's triangle의 anterior side에서 GB neck부분에 소량의 bleeding이 관찰되고 있다. 현재 cystic artery로 보여지는 관상 구조물은 명확히 관찰되고 그 뒤편으로 cystic duct로 생각되어지는 구조물이 보이고 있으나 CVS를 확보하지 못한 상태로 bile duct injury의 위험이 여전히 존재하고 있어 추가적인 박리가 필요할 것으로 보인다. ,3,3,5,4,4,4,,,
2025. 11. 28 오후 10:37:18,10,167014950,Task3,,"cystic duct 전방의 calot node를 제거하여 cystic duct의 골격화를 진행하고, 삼출성 출혈을 지혈하면서 담낭측에 붙여서 전후방에 걸쳐 조심스럽게 박리하여 총담관의 손상을 예방하면서 cystic artery의 골격화를 시행한다. 하부담낭을 liver bed로부터 들어올림으로써 CVS를 확보해야 BDI의 위험을 줄일 수 있다.",3,3,4,3,5,5,4,3,4
2025. 11. 30 오후 6:35:40,6,173024350,Task3,,"담낭의 하부를 더 박리하고 주변 조직을 정리하여 cystic artery를 명확하게 확인해야 한다. cystic artery와 duct 가 명확하게 보이면 ligation 시행 가능하고, 그 후 담낭을 간 기저부에서 박리하면 합병증의 위험이 거의 없이 복강경 담낭절제술을 할 수 있을 것으로 예상된다. ",3,2,3,2,4,3,2,3,4
2025. 11. 30 오후 6:37:03,10,177042825,Task2,2,"Calot’s triangle을 박리하는 단계로, cystic duct가 골격화 되어있으나 cystic artery는 보이지 않는다. 하부 담낭은 일부 박리되었으나 CVS는 확보되지 않았으므로 Cystic artery를 확인하여 구조물의 완전한 확인 후 clipping 및 cut을 시행해야 한다. 소량의 출혈이 있었던 것으로 보여 출혈의 origin을 확인 및 지혈과정을 거쳐야 수술의 안전성을 높일 수 있다.",3,3,3,4,3,2,,,
2025. 11. 30 오후 12:35:47,1,167014950,Task3,,"담낭의 subserosa를 open하여 하부 1/3을 liver bed로부터 추가로 박리를 하고 hepatocystic triangle의 posterior side로 추가적인 박리가 되어있는지 확인한 뒤 CVS를 정확히 확보, cystic duct 및 CBD를 명확히 확인, skeletonization 한 뒤 clipping 및 division을 진행해야 bile duct injury 없이 안전하게 수술을 진행할 수 있을 것으로 보인다.  현재 cystic duct로 보이는 구조물은 비교적 그 직경이 두꺼워 보이므로 CBD는 아닌지 정확한 감별이 필요하며 담낭 neck에 보이는 출혈을 세심하게 지혈하면서 담낭에 가까운 쪽으로 박리를 진행하여 cystic duct와 CBD를 명확히 감별한다. 비교적 합병증 및 bile duct innjury의 위험성이 낮아보이고 성공적인 복강경적 수술이 완료될 것으로 보이나 해부학적 구조의 명확한 구분이 어려울 경우 bailout procedure로 접근해야 한다.",3,3,4,4,4,5,3,4,5
2025. 11. 30 오후 6:39:26,9,173023600,Task3,,"담낭하부의 박리를 진행하면 담낭동맥의 분리를 할 수 있을 것이며, 이로써 CVS를 확보할 수 있을 것이다. 이것이 완료되면 복강경 하 담낭절제술을 안전히 완료할 수 있다. ",4,4,4,4,4,3,4,4,3
2025. 11. 30 오후 6:43:38,10,177042825,Task3,,calot's triangle의 cystic artery를 확인하기 위해 fibro-fatty tissue를 완전히 정리하고 골격화한다. 하부담낭의 박리를 통해 CVS가 확보된 후에 clipping 및 cut을 시행하여야 한다. cystic artery의 확인이 어려울 경우 출혈의 위험성이 해소되지 않아 open conversion 등의 bailout전략이 필요할 수 있으나 CVS를 확보할 경우 BDI의 위험도는 낮아 복강경적 수술의 완료를 기대할 수 있다.,3,3,2,4,4,4,4,4,3
2025. 11. 28 오후 9:39:19,10,166014450,Task1,,"담낭의 염증은 경미하며 출혈이나 담즙누출, 유착 소견은 없다. Calot's triangle가 박리되어 cystic duct가 골격화되어있고, cystic artery는 clip applier에 의해 가려져 보이지 않는다. 하부 담낭 또한 clip applier에 가려져 liver bed로부터의 박리여부는 확인할 수 없다. ",2,3,4,4,3,4,,,
2025. 11. 30 오후 6:51:41,6,176012425,Task1,,"담낭의 하부 liver bed를 박리하고 있는 과정으로 담낭의 serosal injury가 보이며, 답즙의 누출이 확인된다. The gallbladder shows mild-to-moderate inflammatory changes. cystic duct 로 보이는 관형 구조물이 박리되어 있으나 이 프레임에서는 명확하지 않다. 담낭의 하부 일부는 간에서 분리되어 있다. ",3,3,2,2,1,2,,,
2025. 11. 30 오후 6:55:50,1,175072125,Task2,3,Calot's triangle의 박리 단계에 있는 상태로 GB가 liver bed에 다소 packing되어 있는 모습으로 보여진다. grasper로 GB neck을 잡아 traction하고 hepatocystic triangle의 anterior side의 일부를 박리 중이며 cystic plate 주변 tissue 들이 fibrofatty change를 이루고 bleeding 도 있어 명확한 anatomy 구분이 다소 어려우며 CVS가 확보되지 않은 상황이다. cystic duct로 추정되어지는 관상 구조물이 확인되고 있으나 bile duct injury를 피하기 위해서는 추가적 박리가 필요하다. cystic artery가 위치할 것 같은 관상 구조물의 경우 cystic artery라고 하기에는 두께가 너무 두꺼워서 hepatic artery의 가능성도 배제할 수는 없을 것으로 보여진다. GB 하부의 일부만 liver bed로부터 dissection된 상황으로 CVS 확보를 위해 추가적인 박리가 필요하다.,3,4,4,3,2,2,,,
2025. 11. 29 오후 7:02:28,8,166014450,Task1,,"담낭은 염증 소견은 거의 없어 보이며, oozing이나 담즘 누출 없이 박리가 시행되고 있다. 프레임에서 기구에 가려져 있는 부분이 일부 있으나 Calot triangle은 비교적 형태를 잘 나타낼 것으로 보인다. 클립이 시행되고 있는 관상 구조물과 그 아래에 있는 관상 구조물이 담낭 동맥과 담낭관으로 추정된다.",2,3,3,4,3,3,,,
2025. 11. 30 오후 6:57:15,6,176012425,Task2,3,This frame represents early-to-mid hepatocystic triangle dissection aimed at achieving the critical view. cystic duct로 보이는 구조물은 박리되어 있으나 이 프레임에서 CVS 를 확인하기는 어렵다. 담낭을 liver 에서 분리하는 과정에서 담낭의 injury로 인한 담즙 누출이 보이는 상황으로 현재보다 더 간 쪽으로 dissection을 진행해야 한다. ,2,2,4,2,2,2,,,
2025. 11. 30 오후 6:58:39,9,174022700,Task2,2,CVS가 거의 확보된 상태로 cystic artery와 duct는 구분이 된다. 다만 담낭 하부 1/3의 박리가 되어야 완벽한 CVS 확보가 된다.  따라서 BDI risk는 낮다고 판단된다. ,3,4,3,4,3,3,,,
2025. 11. 30 오후 7:01:02,9,174022700,Task3,,담낭하부의 박리를 진행하여 CVS를 완벽히 확보하는 것이 필요하다. 염증 및 유착이 경하게 있어보이지만 복강경하 수술을 완료하는데는 어렵지 않을 것으로 보인다. ,4,4,4,4,4,4,4,4,4
2025. 11. 30 오후 7:02:27,1,175072125,Task3,,현재 inflammation으로 인해 GB 및 cystic plate의 주변 조직들이 edematous하고 fibrofatty change를  하고 있어 meticulous하고 안전한 박리가 필요하며 hepatic artery 및 CBD 등의 injury를 피하기 위해서 최대한 GB 쪽으로 붙여서 박리를 진행한다. 적절한 traction 과 함께  hepatocystic triangle의 anterior와 posterior side를 완전히 정리하고 GB 하부 1/3 도 조심히 박리하며 cystic duct도 skeletonization하여 CVS를 확보할 수 있도록 노력한다. cystic artery가 위치할 것으로 예상되는 구조물의 경우 hepatic artery의 가능성도 배제할 수 없는 상태이나 주변 조직의 fibrofatty change로 인해 안전한 박리가 어려울 것으로 예상될 경우 bail out procedure를 사용하는 것도 하나의 방법이다. ,4,3,4,4,4,3,4,5,4
2025. 11. 30 오후 7:04:19,6,176012425,Task3,,"담낭 측에서 박리를 시행하는 것이 원칙이나 현재 프레임은 너무 담낭에 치우쳐 박리를 시행하여 담낭 손상 및 담즙 누출을 보이는 상황이다. 따라서 현재 상황에서는 보다 간 쪽으로 박리를 시행하여 간에 남겨지는 담낭 조직을 최소한으로 분리하는 것이 필요하다. cystic duct로 추정되는 구조물은 골결화되어 있고, cystic artery를 확인하여 CVS 를 확립한 뒤 결찰 가능하다. ",2,2,2,2,3,3,3,3,4
2025. 11. 30 오후 7:08:06,1,175072875,Task1,,담낭은 중등도의 염증성 변화를 보이나 intestine이나 omentum 등과는 유착이 없어 보인다. hepatocystic triangle의 anterior side가 일부분만 박리되어 있는 상태로 보여지고 cystic duct로 생각되는 부분에 clipping을 시행하고 있는 것으로 보여지나 완벽히 skeletonization이 되어있는지 여부는 clip body에 가려져서 자세히 보이지는 않는다. cystic artery는 확인되지 않고 있고 GB가 liver bed로부터 얼마나 박리되어 있는지도 clip에 가려져서 잘 보이지 않는다.  active 한 bleeding이나 bile leakge는 관찰되지 않는다. ,3,2,3,2,3,3,,,
2025. 11. 30 오후 7:10:25,6,177039825,Task1,,"The infundibulum and Calot’s triangle show mild–moderate inflammatory changes with residual fibrofatty tissue and minor oozing; no bile spillage or obvious perforation. GB의 neck 를 견인하며 cystic duct가 거의 다 드러난 상태이나 주변에 지방 조직이 조금 남아 있고, 주변 조직에서 minor oozing bleeding을 보이고 있다.  그 외 cystic artery는 확인되지 않으며 GB fundus는 liver bed에 부착되어 있는 상태이다.  ",3,4,4,4,4,4,,,
2025. 11. 30 오후 4:39:33,9,166014450,Task2,3,CVS가 완벽히 확보된 것은 아니다. Cystic artery로 추정되는 부위를 clipper로 결찰하는 것 같다. 더 안전한 수술을 위해서는 담낭 하부의 박리를 조금 더 진행하여 CVS를 완전히 확보하는 것이 중요하다. 아직 BDI가 낮지 않다. ,3,3,4,4,5,5,,,
2025. 11. 29 오후 7:06:34,8,166014450,Task2,2,"이 프레임은 Calot 삼각 박리가 어느 정도 완성되는 단계로 보인다. Calot 삼각 박리를 시행한 후에 담낭동맥으로 생각되는 관상구조물에 클립을 시행하려고 하고 있다. BDI risk는 낮을 것으로 예상되나, 확실한 CVS를 확보하기 위해 담낭 저부의 추가적인 박리를 통해 Hepatocystic triangle을 확인하고 클립을 시행하는 것이 담도 손상 위험을 최소화할 수 있는 전략이다.",2,2,3,3,4,4,,,
2025. 11. 30 오후 7:13:19,10,177043575,Task2,3,"이 프레임은 calot’s triangle의 박리단계로 염증소견을 보이는 담낭관이 일부 골격화된 모습이며, 담낭관이나 하부 담낭의 박리여부는 확인되지 않는다. 담낭의 적절한 견인 및 지혈을 통해 담낭동맥의 확인 및 하부담낭을 추가 박리하여 CVS를 확보해야 한다. 그 전에 clipping을 시행하는 것은 피해야 하며, BDI의 위험도를 낮추기 위한 구조물이 확인이 어려울 경우 ICG/IOC 등의 bailout이 필요할 수 있다.",4,3,5,3,4,4,,,
2025. 11. 30 오후 7:13:26,9,174024950,Task3,,"담낭하부의 박리가 진행되면 무리 없이 CVS가 확보 될 것 같다. 다만 섬유조직의 유착이 있어 보이기 때문에, 수술 진행이 어려우면 bail-out 전략을 사용하는 것도 하나의 방법이 될 수 있다. ",4,4,4,4,4,4,4,4,4
2025. 11. 30 오후 7:23:13,6,177039825,Task2,2,"본 증례는 Calot’s dissection 단계로 중등도의 염증과 부분적인 박리가 되어 있는 상태이다. cystic artery가 명확하게 확인되지 않아 CVS는 충족되지 않았지만, cystic duct로 보이는 구조물은 확실히 보이며 hepatocystic triangle이 명확하게 보이므로 cystic duct를  encircling하여 skeletonization을 완료하면 클립 적용은 가능할 것으로 보인다. 현재 상태에서 BDI risk는 낮다.",3,2,2,2,3,2,,,
2025. 11. 30 오후 7:19:51,1,175072875,Task3,,"현 상황에서는 bile duct injury의 위험성이 높으므로 clipping을 하지 말고 cystic duct를 추가로 더 skeletonization하고 GB 하부 1/3 가량을 좀 더 박리하며 heptocystic triangle의 후면과 전면을 모두 박리, cystic artery를 skeletonization한 뒤 CVS를 명확하게 확보하고 cystic duct와 artery를 division해야 bile duct 및 heptatic artery injury 없이 성공적인 복강경적 수술을 완료할 수 있다. 현재 cystic plate 주변으로 inflammation으로 인한 fibrofatty change가 심하여 완벽한 anatomical dissection 및 구분이 어려울 수 있으므로 담낭측에 붙여서 조심스럽게 박리가 진행되어야 하며 anatomy가 완벽하게 구부되지 않는 경우 bailout procedure를 고려한다. ",4,4,3,3,4,3,4,3,4
2025. 11. 30 오후 7:21:08,10,177043575,Task3,,"Calot's triangle의 박리를 담낭측으로 붙여서 시행하여 담낭관과 담낭동맥의 골격화를 완료한다. 하부담낭의 박리로 CVS를 확보한 후 구조물들에 대한 clipping 및 cut을 시행하여 BDI의 안정성을 높인다. 만약 염증성 변화로 인해 총담관과의 구분이 어렵거나 담낭동맥의 골격화가 어려울 경우 ICG와 같은 bailout전략을 시행할 수 있고, CVS를 확보할 경우 합병증 위험은 낮고 안정정인 복강경 수술로 완료될 수 있다.",4,4,4,3,3,3,4,3,3
2025. 11. 30 오후 7:22:11,9,176013925,Task2,3,"간담낭 삼각의 분리의 진행기 중기를 넘어가고 있다. Cystic duct와 artery가 확인되며, 담낭하부의 박리가 조금 더 필요하다. 구조물이 명확하여 BDI는 보통이다.",3,4,4,4,3,4,,,
2025. 11. 30 오후 7:23:40,9,176013925,Task3,,"담낭하부의 박리를 완료하면 CVS가 확보되어 담낭관과 동맥을 결찰 및 절제가 가능하다. 만성염증으로 조직의 섬유화가 진행된 것으로 보이나, 복강경하 담낭절제술을 완료하기엔 어려움이 없어 보인다. ",4,4,5,4,4,4,4,4,4
2025. 11. 30 오후 7:24:05,6,177039825,Task3,,cystic duct의 skeletonization을 완료하며 조직을 정리하여 cystic artery를 확인하다. 현재 담낭의 하부 일부는 박리되어 있으므로 cystic artery를 확인하여 두 구조물이 모두 보이면 CVS를 얻을 수 있다. CVS를 얻으면 담관 손상없이 복강경 담낭절제술을 완료할 수 있을 것으로 생각된다.,3,2,3,2,3,3,3,4,3
2025. 11. 30 오후 7:24:44,1,176010925,Task1,,담낭은 염증이 거의 없이 dry한 상태이며 liver hilum과 cystic plate 주변으로 fat tissue도 매우 적다. 화면에서 우측 상부로 fissure of ligamentum teres가 일부 보이고 있고 우측 하방에는 distal CBD도 관찰되고 있다. 현재 hepatocystic triangle의 anterior side를 박리 중에 있으며 cystic duct는 skeletonization되어 있고 cystic artery로 보여지는 관상 구조물도 관찰되나 아직 완전한 박리가 이루어지지는 않았다. GB neck 부분이 liver bed로부터 박리되어 지고 있는 상황이며 bleeding 이나 bile leakage는 관찰되지 않는다.,4,3,3,3,5,4,,,
2025. 11. 30 오후 7:27:05,10,179015800,Task1,,"Distension된 담낭측을 따라 전방의 serosa를 절개하였으며 hepatocystic triangle은 노출되지 않았다. 담낭관/담낭동맥의 구조물은 확인되지 않으며, 염증 및 유착은 미미하며 출혈이나 담즙누출 및 기타이상소견은 없다.",4,3,3,3,4,4,,,
2025. 11. 30 오후 7:31:29,1,176010925,Task2,1,Calot's triangle의 anterior side가 거의 대부분 박리되어 있고 cystic duct는 skeletonization 되어 있는 상황이며 cystic artery로 추정되는 관상 구조물을 완벽하게 isolation하고 CVS를 확보하기 위해 GB 하부 1/3을 liver bed로부터 박리 중에 있다. 현재 염증이 거의 없고 fat tissue도 매우 적어 담낭 측에 붙여 섬세한 박리가 지금처럼 진행되어 CVS가 확보된다면 bile duct injury 가능성은 매우 낮을 것으로 보인다.,4,2,3,3,5,4,,,
2025. 11. 29 오후 7:09:48,8,166014450,Task3,,"클립 적용전에 간담낭삼각의 완전한 스켈레톤화를 시행하여 담낭관, 담낭동맥을 확보한다. 이 경우 blunt/cold disssection을 시행하는 것이 BDI 를 최소화하는데 기여할 수 있다. CVS가 확인되면 담낭동맥과 담낭관을 클립하고 절단한다. 해부학적인 구조가 불명확할 시에는 Bailout 전략을 시행해 볼 수 있다. 이러한 단계들을 통해 합병증 없는 복강경적 완성이 예상되고 BDI risk가 낮은 수술이 기대된다.",3,3,4,4,4,4,2,4,4
2025. 11. 27 오후 12:48:13,7,166013700,Task1,,"grasper로 gallbaldder neck을 왼쪽으로 견인하고 있으며, 동시에 다른 grasper를 이용하여 Cystic duct와 cystic artery 사이를 dissection 하여 CVS를 확보하였다. 출혈은 보이지 않으며 담즙유출도 보이지 않는다. ",2,3,3,4,5,4,,,
2025. 11. 30 오후 7:35:39,9,177043575,Task3,,"간담낭 삼각 내 조직의 염증으로 수술 중 출혈은 빈번할 수 있으며 이로 인해 CVS 확보에 어려움이 있을 수 있다. 수술 진행에 어려움이 있다면 Bail-out 기법을 선택하던지, Cholangiography를 확인해보는 것도 안전한 수술 방법이 될 수 있다. ",4,4,3,3,4,4,4,4,4
2025. 11. 30 오후 7:37:35,1,176010925,Task3,,"담낭 하부의 전, 후 복막을 담낭층에 붙여서 섬세하게 dissection하여 Calot's triangle을 완전히 정리하고 CVS를 확보 한 뒤 cystic artery와 cystic duct를 안전하게 clipping & division 시행한다. 염증이 적어 조직이 dry하고 edematous하지 않으며 cystic plate 주변으로 fat tissue가 매우 적어 bile duct injury 없이 안전하게 합병증 없이 복강경적 수술을 완료할 수 있을 것으로 생각된다.",4,4,4,3,5,4,4,3,5
2025. 11. 30 오후 7:41:12,10,179015800,Task3,,"distension된 담낭의 serosa를 전/후방으로 절개하여 적절한 traction을 하여 calot's triangle의 tension이 가해질 수 있도록 한다. 이후 calot's triangle을 담낭측으로 붙여서 박리함으로써 담낭관과 담낭동맥의 골격화를 시행하고, 하부담낭을 liver bed로부터 분리하여 CVS를 확보한다. 이후 clipping 및 cut을 시행하면 BDI의 가능성은 매우 낮고 합병증 없는 복강경적 수술의 완료를 기대할 수 있다.",4,4,4,4,4,3,4,4,4
2025. 11. 30 오후 7:54:45,1,177042825,Task1,,mild 한 inflammation을 보이는 담낭이 관찰되며 hepatocystic triangle은 anterior 와 posterior side 모두 정리되어 있는 상태로 극소량의 oozing만이 수술 부위에 관찰되고 있다. cystic duct는 skeletonization되어 grasper에 붙잡혀 lateral side로 traction되어 있고 cystic artery는 명확하게 확인되지는 않는다. GB의 하부는 대부분 liver bed로부터 박리가 되어 있는 상태이다. 현재 image에서 우측 상부로 fissure of ligamentum teres가 일부 관찰되고 있고 그 밑으로 duodenum이 관찰되나 GB에 adhesion되어 있지 않다. Rouviere's sulcus도 확인되고 있다. Bile leakage는 관찰되지 않는다. ,3,4,4,4,2,3,,,
2025. 11. 27 오후 12:51:06,7,166013700,Task2,1,"CVS가 완전하게 이루어진 상태이며 염증이 경미하여 시야가 매우 좋다. cystic artery, cystic duct의 clipping, division 으로 진행되어도 될 것으로 판단되어지고, BDI risk는 매우 낮다. ",1,2,3,3,3,4,,,
2025. 11. 30 오후 7:49:11,9,17806325,Task3,,담낭의 위축으로 간담낭삼각의 확보는 좁은 시야에서 완성될 수 있다.  다만 유착이 심하지 않아 CVS가 확보된다면 복강경하 담낭절제술이 완료 될 수 있을 것이다. 담낭하부의 박리가 더 진행되어야 한다. ,4,4,4,4,4,4,4,4,4
2025. 11. 30 오후 7:54:06,1,177042825,Task2,1,cystic duct는 완전히 skeletonization되어 있으나 cystic artery는 이미 division이 되었는지 명확하게 확인이 되지 않는다. hepatocystic triangle이 완벽하게 정리되어 있고 담낭의 하부도 거의 liver bed로부터 완전히 박리되어 있는 상태로 안전하 cystic duct의 clipping과 division이 가능한 상태이다. ,2,3,3,4,1,3,,,
2025. 11. 30 오후 7:58:04,9,179016550,Task2,4,"담낭의 구조 상 간담낭삼각의 크지 않을것으로 보인다. 이런 상황에서 CVS를 완전히 확보하지 않은체 결찰을 시행하고 있어, BDI가 높을 것으로 보인다. ",4,4,4,4,2,3,,,
2025. 11. 30 오후 7:59:13,9,179016550,Task3,,"담낭하부 1/3의 박리를 더 진행해야한다. 이를 통해 CVS를 확보하도록 노력해야 하며, 낮은 가능성으로 수술이 어려울 경우 Bail-out 기법을 적용해야 할 수도 있다. ",4,4,5,4,4,4,4,4,4
2025. 11. 29 오후 6:41:58,8,166013700,Task3,,"담낭측 박리를 추가적으로 진행하여 hepatocystic triangle을 완전히 확보하고 담낭의 하루 1/3을 박리하여 CVS를 확보한다. 이후 두개의 관상구조물이 담낭으로 가는 유일한 관임을 확인하고 클립 및 절단을 시행한다. 담관 구조물 근처에서는 BDI risk를 낮추기 위해 전기소작에 유의하고, 해부학적 구조가 불명확할 때는 bailout 전략을 사용할 수 있다. 예상 결과는 담도 손상 없이 무사히 완료되는 복강경 수술이다.",3,3,4,4,4,3,3,2,4
2025. 11. 30 오후 8:01:53,1,177042825,Task3,,본 image에서는 cystic artery가 확인되지 않고 있으나 hepatocystic triangle이 완전히 정리되어 있는 상태이므로 cystic artery가 이미 결찰되어 있는 상태라면 CVS가 완전히 확보된 상황이므로 skeletonization되어 있는 cystic duct를 clipping 후 division한다. bile duct injury 가능성은 매우 낮고 합병증 없는 성공적인 복강경 수술로 완료될 가능성이 높다.,3,4,3,3,3,3,3,3,4
2025. 11. 30 오후 8:04:22,10,179016550,Task2,2,"Calot’s triangle의 초기-중기 박리단계로, 골격화된 담낭동맥의 clipping을 시행하고 있다. 담낭관은 노출되었으나 골격화되지 않았으므로 추가 박리가 필요하며 하부담낭의 박리는 안된 상태로 CVS를 확보를 위해 담낭측으로의 박리가 이루어져야 안정성을 유지할 수 있다. ",4,4,4,3,3,4,,,
2025. 11. 30 오후 8:07:25,9,18205400,Task2,4,"간담낭 삼각의 후방창을 개방하는 과정이다. 아직 CVS가 확보 되지 않아, BDI는 높다. ",3,4,5,4,3,4,,,
2025. 11. 30 오후 8:08:47,9,18205400,Task3,,"후방창이 확보되면, Cystic artery와 duct의 Isolation을 해야 한다. 담낭 하부의 박리를 통해 CVS가 확보되면 안전히 tubular structure를 결찰 및 절제할 수 있다. ",4,4,4,4,4,4,3,4,4
2025. 11. 30 오후 8:13:59,9,184038875,Task2,3,간담낭 삼각 분리 진행의 후기단계이다. Cystic duct와 artery가 구분된다. 다만 담낭하부의 분리가 부족하다. 염증과 출혈로 시야에 제한이 있으나 수술은 BDI의 risk가 높아 보이진 않는다. ,4,4,4,4,3,3,,,
2025. 11. 30 오후 8:14:01,10,179016550,Task3,,"동맥관의 clipping 전에 Calot's triangle의 후방창을 열고 추가 박리를 시행하여 담낭관과 담낭동맥의 골격화를 완료하고, 담낭측에 붙여서 하부담낭을 liver bed로부터 분리하여 CVS를 확보한다. 이 후 담낭동맥과 담낭관을 차례로 clipping 및 cut 하고 담낭을 liver bed로부터 박리하여 담낭절제술을 완료한다. CVS 확보시 BDI의 위험도는 낮고 합병증 없는 성공적인 복강경적 수술로 완료할 수 있다.",4,4,5,5,4,4,4,4,4
2025. 11. 30 오후 8:14:49,1,177043575,Task1,,mild to moderate inflammation으로 인해 cystic plate와 GB neck이 edematous하고 두꺼워져 있으며 아주 일부분만 colot;s triangle이 박리되어 있다. cystic duct로 추정되는 구조물이 관찰되나 박리가 덜 되어 명확하지 않고 여전히 CBD와의 감별이 필요한 상태이다. 박리하는 과정에서 소량의 bleeding이 있었던 걸로 보이며 cystic duct 로 추측되는 구조물의 위쪽의 조직이 grasper로 잡혀있고 clipping이 시도되고 있는 상황으로 보여지나 어떤 구조물인지는 확인이 어렵다. ,3,4,4,4,3,2,,,
2025. 11. 27 오후 12:57:10,7,166013700,Task3,,"CVS가 확보된 상태로 추가적인 dissection은 필요하지 않을 것으로 보여, cystic artery와 cystic duct를 순차적으로 clipping, division 한다. 담도 손상 없이 무사히 완료될 가능성이 높다. ",1,3,4,5,4,4,3,4,4
2025. 11. 30 오후 8:17:43,9,184038875,Task3,,"담낭하부의 박리를 진행하면 CVS를 확보할 수 있고, 안전히 담낭동맥과 관을 자를 수 있다. CVS 확보가 이미 거의 다 진행되어 수술을 완료하는 데는 어려움이 없을 것 같다. ",4,4,4,4,3,4,4,4,3
2025. 11. 30 오후 8:18:49,6,17807075,Task2,2,"이 프레임은 calot's triangle 의 박리 중 중간 단계를 나타내며, GB 의 적절한 견인으로 구조물들이 잘 드러난다. 하지만 cystic artery가 명확하게 확인되지 않아 CVS는 확립되지 않았다. 담낭 하부의 추가적인 박리를 통해 cystic artery를 확인할 필요가 있으며, 현재에도 BDI risk는 낮다. ",4,4,5,4,4,4,,,
2025. 11. 30 오전 11:19:27,6,166013700,Task3,,"담낭 주변의 peritoneal dissection을 시행하여 담낭을 liver  bed에서 분리하여 hepatocystic triangle을 확인하는 한다. posterior window를 확인 후 CVS가 확립되면 cystic duct와 artery를 clipping 할 수 있고, 이 과정들에서 구조물들을 명확하게 확인하기 위해 현재와 같이 담낭을 적절하게 견인하여야 한다. 해부학적 구조가 불분명하면   bail-out 전략으로 전환할 수 있으나 현재로써는 합병증 발생 위험이 높지 않고, 합병증 없는 복강경 담낭절제술이 예상된다. ",3,2,4,3,4,3,3,4,4
2025. 11. 30 오후 8:27:23,9,186027250,Task2,4,"간담낭 삼각의 분리의 초기 단계이며, CVS가 확보되지 않았다. 특히 Cystic duct는 구분되나 Cystic artery가 보이지 않기 때문에, BDI가 높은 수준이다. ",4,3,4,4,4,4,,,
2025. 11. 30 오후 8:29:26,6,17807075,Task3,,cystic duct를 완전히 골격화한 뒤 측방 견인과 담낭 측 박리를 지속하여 담낭을 간에서 분리하여야 한다. cystic artery를 확인하면 CVS가 확보되기에 그 뒤 안전하게 복강경 담낭절제술을 완료할 수 있다.,4,4,2,2,3,3,4,3,3
2025. 11. 30 오후 8:30:51,9,186027250,Task3,,담낭하부까지의 박리를 진행해서 충분한 CVS를 확보해야 한다. 두개의 tubular structure가 확보되면 결찰 및 절제 후 담낭절제술을 완료할 수 있다. 주위 조직의 염증으로 CVS가 확보되지 않는다면 낮은 확률로 Bail-out 기법을 선택해야 할 수도 있다. ,4,4,3,4,4,4,4,4,4
2025. 11. 30 오후 8:46:01,10,184038875,Task1,,"경도-중등도의 염증 및 유착소견이 있는 담낭이 외측으로 traction 되고 있으며 calot's triangle이 박리된 상태로, 담낭관의 골격화가 완료되어 clipping이 적용되고 있으며, 골격화된 담낭동맥은 관찰되지 않으며 하부담낭은 간으로부터 박리되어있다. hepatocystic triangle에 섬유조직이 남아있으며 경도의 삼출성 출혈소견이 보이나 담즙누출이나 기타 이상소견은 없다.",2,4,2,4,3,3,,,
2025. 11. 30 오후 8:36:29,9,188021625,Task2,4,담낭과 주위 조직의 염증이 있어 보이기 때문에 구조의 변형이 있으며 주위 조직의 출혈로 시야에 제한이 있을 수 있다. 아직 간담낭삼각이 보이지 않으므로 BDI는 높다. ,4,2,4,4,4,4,,,
2025. 11. 30 오후 8:36:48,1,177043575,Task3,,"현재 해부학적 구조가 불분명한 상황으로 CVS 확보를 위해 Calot's triangle의 전, 후면을 추가로 박리 및 GB 하부 1/3을 liver bed로부터 박리하여 CVS를 확보할 수 있도록 한 뒤 cystic artery와 duct를 안전하게 결찰한다. 하지만 inflammation으로 인해 cystic plate 주변 조직이 부어 있고 fibrofatty change되어 있어 정확한 anatomy를 확인하기 어려울 경우 bailout procedure를 이용한다. ",4,4,4,3,2,3,4,4,3
2025. 11. 30 오후 8:38:42,9,188021625,Task3,,"염증으로 담낭의 팽창이 심하면 traction을 통한 간담낭삼각의 확보가 어려울 수 있으므로 담낭내 담즙의 배액을 먼저하는 것도 방법이 될 수 있다. 염증으로 섬세한 박리를 하지 않으면 주위 구조물의 손상이 올 수 있으므로, bail-out 기법을 고려하여, 안전한 담낭절제술을 이루도록 고려해야 한다. ",3,4,4,4,4,4,4,4,4
2025. 11. 30 오후 8:47:26,10,184038875,Task2,2,"hepatocystic triangle를 박리한 후 골격화된 cystic duct에 clipping을 시행하고 있다. 골격화된 동맥관이 보이지 않으며 프레임 내에 clip의 흔적이 잘 보이지 않으나 동맥관에 대한 clipping이 선행되었을 가능성이 있다. 또다른 가능성으로 담낭하부의 박리면을 따라 관상구조가 주행하여, 담낭동맥으로 추정할 수 있다. 하부담낭의 박리가 이루어졌으나 담낭동맥을 명확히 구분하여 CVS를 확보한 후 clipping을  시행하여야 하며, CVS가 확보되었다면 BDI의 위험성은 낮고 세심한 지혈을 통해 합병증 없이 복강경적으로 수술을 완료할 수 있다.",2,3,2,3,2,2,,,
2025. 11. 28 오후 9:30:10,10,166012950,Task1,,"담낭의 경미한 염증소견은 있으나 심한 유착이나 출혈, 담즘 누출은 없다. calot's triangle은 부분적으로 박리되었고 후방창은 열리지 않았다. cystic duct와 cystic artery의 골격화는 되지 않았으나 cystic duct는 부분적으로 노출되었으며 cystic artery는 cystic duct 후방에 있다. 담낭의 하부는 liver bed에서 분리되지 않은 상태이다.",2,2,4,4,3,4,,,
2025. 11. 30 오후 8:42:53,6,181011450,Task1,,Single-frame shows left-hand grasper retracting the gallbladder neck and right-hand dissector bluntly peeling tissue in a partially opened hepatoduodenal ligament. 담낭은 mild-to-moderate 염증 소견을 보이며 유착은 없다. cystic duct로 추정되는 구조물은 보이나 완전히 박리되지 않아 명확하지 않다. 간 표면은 정상 소견이다. ,3,3,3,2,2,3,,,
2025. 11. 30 오후 8:43:01,9,189027300,Task3,,복강경 포트 내 카메라의 시야를 제한할 만한 것들을 제거하고 올바른 시야확보 뒤에 수술계획을 다시 세운다. ,5,4,4,4,3,3,4,4,3
2025. 11. 27 오후 9:54:58,5,165024400,Task1,,담낭의 부종이 경미하게 있으나 염증 소견은 명확하지 않다. Calot's triangle 이 부분적으로 보이며 현재 cystic duct 와 cystic artery 는 확인되고 있는 상태로 clipping 하기 직전 상태이다. GB bed 는 아직 박리되지 않아 GB 의 body 가 대부분 liver 와 부착되어 있다. 현재 진행되는 출혈이나 담즙 누출은 보이지 않으며 간 표면도 정상 소견이다.,2,2,4,4,4,3,,,
2025. 11. 30 오후 8:44:13,9,189027300,Task2,5,"카메라 시야가 정확하지 않아, BDI가 매우 높다. ",5,4,4,4,2,2,,,
2025. 11. 30 오후 8:53:30,1,179015800,Task1,,담낭은 거의 inflammation이 없이 distension 되어 있는 상태이다. hepatocystic triangle은 아직 정리가 되지 않은 상태이며 GB의 medial side와 liver bed 사이의 peritoneal incision만 시행된 상태이며 bleeding이나 GB perforation은 보이지 않는다. bile leakage도 관찰되지 않고 있고 아직 명확한 cystic duct나 cystic artery의 구조물은 확인되지 않고 있으나 image의 우하방에 CBD 로 추정되는 구조물이 관찰된다.,4,3,4,3,5,4,,,
2025. 11. 30 오후 8:49:17,8,198034950,Task3,,"담낭관의 골격화를 추가적으로 시행하고, 담낭동맥을 확인하기 위해 담낭 하부를 간 표면으로 부터 박리하여 분리하도록 한다. 간담낭삼각과 Calot 삼각을 확인한 이후 담낭동맥으로 보이는 관상구조물을 식별하여 세밀하게 골격화 하여 CVS를 확보한다. 그 이후에 담낭동맥 및 담낭관을 클립해야만 BDI risk가 낮은 복강경 담낭절제술을 완료할 수 있다.",4,4,4,3,4,3,3,4,4
2025. 11. 30 오후 8:50:35,9,190028425,Task2,4,"담낭주위 조직이 두터워 복막의 박리 가 필요하다. 지금은 담낭관, 담낭동맥이 보이지 않기 때문에, BDI risk가 높다. ",4,4,4,4,4,4,,,
2025. 11. 30 오후 8:52:28,9,190028425,Task3,,간담낭삼각의 박리 및 담낭하부의 박리가 진행되어 Cystic artery와 duct가 확보된다면 안전하게 담낭절제술을 진행할 수 있다. 그러나 주위 조직의 염증으로 구조물 식별에 어려움이 있어 수술에 진행에 제한이 있으면 bail-out 기법도 고려해야 한다. ,4,4,4,4,4,4,4,4,4
2025. 11. 24 오전 8:22:51,4,165024400,Task1,,"담낭에는 경미한 부종이 있고 calot triangle의 전면부가 노출되어 있다. cystic duct, cystic artery 로 추정되는 구조물이 보이고 담낭은 대부분 아직 간에 붙어있다.",3,3,4,4,3,4,,,
2025. 11. 30 오후 8:54:26,6,181011450,Task2,4,"이 프레임은 담낭 neck의 측면 견인과 복막의 둔성 박리 과정을 보이며, calot's triangle 박리의 초기-중기 단계이다. cystic duct로 예상되는 구조물은 보이나 명확하게 확인되지 않았으므로 담낭 부근에서의 복막 박리를 지속하여 cystic duct와 artery의 확인이 필요하다. 현재까지는 CVS의 조건에 충족된 것이 없어 BDI risk가 높다. ",3,3,3,2,2,3,,,
2025. 11. 28 오후 8:41:52,3,165024400,Task1,,담낭은 경미한 충혈과 부종을 보이고 있으며 담낭담관과 담낭동맥의 부분적 골격화가 되어있는 상태이다. 담낭하부는 liver bed로부터 아직 분리되지 않은 상태이다. 경미한 삼출성 출혈은 확인되나 담즘 누출을 보이지 않는다. ,3,3,4,5,4,4,,,
2025. 11. 30 오후 8:56:11,10,184038875,Task3,,"담낭의 적절한 traction과 섬세한 지혈로 시야를 확보하고 담낭관의 clipping을 총담관으로부터 충분한 거리를 두고 시행한다. 하부담낭의 박리가 충분히 시행되었으나, 관상구조물이 담낭벽을 타고 주행하므로 추가적인 담낭동맥의 존재 여부를 확인해야 최종적인 CVS를 확보했다고 볼 수 있겠다. CVS를 확보한 경우 BDI의 위험도는 낮으며 성공적인 복강경적 수술의 완료를 기대할 수 있다.",2,4,2,3,4,3,4,5,2
2025. 11. 21 오후 12:48:39,4,165023650,Task1,,"담낭은 경미하거나 거의 염증변화가 없는 상태임
calot triangle의 전면부가 잘 노출되어있고, cystic aterty와 cystic duct 로 추정되는 구조물들이 비교적 명확히 보인다. 출혈이나 담즙유출소견은 관찰되지 않는다.",3,3,4,4,5,5,,,
2025. 11. 30 오후 9:00:09,8,199028500,Task3,,"완전한 CVS에 도달하기 위해 담낭 하부를 담낭측에서 추가적으로 박리하여 간 표면으로부터 분리하고, 간담낭삼각을 충분히 확인한다.  두 개의 관상구조물을 세밀하게 골격화하여 담낭과 연결된 유일한 관임을 확인하여 CVS를 확보한다. 이후에 담낭동맥과 담낭관을 차례로 클립 및 절단하여 BDI risk를 최소화한다. 관상 구조물 주위를 박리할 때에는 전기소작기 사용에 유의한다. 예상되는 결과는 중대한 합병증 없이 복강경 담낭절제술 완료이다.",4,3,4,4,4,4,3,4,4
2025. 11. 28 오후 5:50:14,3,165023650,Task1,,간담낭삼각의 anterior window의 박리가 진행되었으며 담낭담관과 담낭동맥의 구조로 추정되는 부분이 보이나 골격화가 완전히 이루어지지 않은 상태이다. 담낭 장막은 약간의 충혈을 보이고 있어 경미한 염증성 변화를 시사한다. 박리가 시행된 부위에 담즙 누출이나 출혈 소견은 보이고 있지 않다.,3,3,3,4,4,5,,,
2025. 11. 30 오후 9:03:09,8,201046050,Task1,,"간담낭삼각은 분리되어있고, 경미한 염증과 출혈이 동반되어 있다. 담낭관과 담낭동맥으로 보이는 관상구조물이 골격화 되어있고 담낭동맥 가능성이 있는 구조물에 클립 적용이 시도되고 있다. 담낭 하부는 간표면으로부터 박리되어 있으나 기구에 가려져있어 분리가 충분한지는 평가에 제한이 있다. 담즙누출이나 간표면의 이상소견은 없다.",2,3,2,3,4,4,,,
2025. 11. 30 오후 9:04:51,8,201046050,Task2,2,"간담낭삼각이 어느정도 분리되어 있고, 담낭관과 담낭동맥으로 추정되는 두 개의 관상구조물이 비교적 잘 골격화되어 있는 모습이다. 담낭동맥으로 추정되는 구조물에 클리핑이 시도되고 있으나, CVS가 충분히 확보되지 않은 상태이다. 담낭 하부가 간으로부터 충분히 더 박리되는 것이 권유된다.",2,3,2,4,4,4,,,
2025. 11. 23 오후 8:16:59,4,165023650,Task3,,"담낭 쪽으로 박리하여 duct ligation 시에는 GB에 더 가까이 붙여 ligation한다.
염증이 적고 비교적 구조물이 명확하게 보여 합병증 위험성이 낮을 것",2,3,4,3,4,4,2,3,5
2025. 11. 30 오후 9:05:42,6,18204650,Task1,,left-handed grasper로 담낭의 infundibulum를 측방견인하고 있으며 cystic duct가 확인되며 hepatocystic triangle이 박리되어 있다. cystic artery로 보이는 구조물이 있으나 완전히 skeletonization 되지 않았다. 담낭은 염증이나 유착이 보이지 않고 간 표면은 정상이다. ,2,4,4,4,4,3,,,
2025. 11. 21 오후 12:35:15,4,163055175,Task1,,담낭 경부가 일부 노출되어있고 cytic duct 근처로 mild inflammation 소견으로 edematous 한 양상을 보인다. 간표면은 정상이나 cystic plate 근처 박리가 더욱 필요하다.,2,2,3,3,4,4,,,
2025. 11. 21 오후 12:41:36,4,163055175,Task2,4,"calot triangle을 확보하기 위해 담낭 경부쪽에서 박리하고 있는 과정
아직 cystic duct 와  cystic artery가 명확하게 드러나지는 않았음
기구는 cystic duct로 추정되는 부분에서 담낭경부쪽으로 최대한 붙여 clipping하려는시도를 하고 있으나, CVS 가 확보지 않아 위험성이 존재한다.",3,3,4,4,5,4,,,
2025. 11. 27 오전 12:37:20,5,163055175,Task3,,"정확한 구조물 확인이 어렵다면 먼저 GB 를 bed 에서 뗀 후 cystic artery, duct 를 명확히 확인하고 clipping 하는 것이 중요하다. Cystic duct 를 찾을 때는 Rouviere's sulcus 위에서 하는 것이 BDI 를 줄일 수 있는 안전한 방법이다. GB 앞 뒤의 복막을 정리한 후 구조물들을 정리하고 GB를 bed에서 뗀다면 합병증 없는 복강경 담날절제술이 된다.",2,2,4,4,3,3,2,3,3
2025. 11. 21 오후 12:44:45,4,163055175,Task3,,"클리핑 전에 cystic plate 상에서 박리를 더욱 진행하여, CVS 를 확보하여야 한다. 견인이 잘 되지 않을 겨우 bile out strategy fh cystic duct 만 확보한 후 절제 한다음 cystic artery를 찾는다. 하지만 구조물이 명확히 보이지 않을 경우 GB근처로 최대한 붙여 박리하면서 구조물들을 clipping 하며 수술한다.",3,3,5,4,5,5,3,4,5
2025. 11. 30 오후 9:15:48,10,189027300,Task2,5,"복강경카메라의 trocar내 위치로 시야가 가려진 상태로, hepatocystic triangle의 박리정도 및 CVS는 확인할 수 없다. 카메라를 안쪽으로 더 넣어 담낭과 hepatocystic triangle이 보일 수 있도록 재배치하여 시야확보 후 박리를 시행해야 안전하게 진행할 수 있다.",4,4,4,4,3,3,,,
2025. 11. 30 오후 9:10:29,9,19108075,Task2,4,"Cystic duct와 artery로 추정되는 구조물들은 보이나 아직 담낭하부의 박리가 진행되지 않아, CVS가 확보되지 않았다. 따라서 BDI는 높다. ",4,4,4,4,4,4,,,
2025. 11. 28 오후 5:26:18,10,163052175,Task2,3,"염증으로 인해 비후해진 담낭을 medial side로 traction하여 Calot’s triangle의 박리를 외측에서 시행하고 있다. 기구의 medial side로 불분명한 관상구조가 보이며, CVS가 확보될 때까지 담낭쪽으로 붙여서 조심스럽게 박리하여 cystic duct와 cystic artery의 골격화 및 담낭 하부의 박리가 필요하다.",2,2,3,3,4,3,,,
2025. 11. 28 오후 5:39:19,10,163052175,Task3,,"비후한 담낭을 lateral/medial side로 번갈아 traction해가면서 최대한 담낭쪽으로 박리하여 BDI를 예방하고, cystic duct와 cystic artery의 완전한 골격화 및 담낭 하부를 박리하여 CVS를 확인한 후 clipping 및 cut을 해야 한다. 담낭의 hartmann’s pouch가 노출되었으므로 합병증 없이 복강경적 수술로 완료될 것을 기대하나, 노출이 어렵거나 염증으로 인해 총담관과의 유착이 있을 경우 bailout의 가능성도 있다.",3,3,4,3,5,4,2,4,3
2025. 11. 30 오후 9:12:00,9,19108075,Task3,,"간담낭삼각 후방창을 박리하면 두개의 tubular structure가 확보 될 것이며, 담낭 하부의 박리가 진행되면 CVS가 확보 될 것이다. 이로 인전한 복강경 수술이 완성될 것이다. ",4,4,4,4,4,4,4,4,4
2025. 11. 30 오후 9:13:32,5,190046425,Task3,,"CVS 를 달성하기 위해 GB fundus 를 박리하고, 박리가 되면 cystic duct 를 명확히 확인하여 clipping 하고 절제한다. 이후 cystic artery 를 확인하여 clipping 하고 절제하고 나면 GB bed 를 박리함을 통해 안전한 복강경 담낭절제술을 시행할 수 있다. ",4,4,4,3,3,3,4,3,4
2025. 11. 17 오후 2:34:36,4,163049175,Task1,,"calot triangle이 명확히 보이고 있으나, 중등도의 염증 소견으로 인해 구조물들이 명확히 보이지는 않는다. 담낭 경부를 견인하고 있어 cystic duct 는 비교적 명확히 확인되고 있다.  부종 소견이 있으나 담즙 누출이나 출혈소견은 없다",2,2,3,4,5,5,,,
2025. 11. 17 오후 2:38:27,4,163049175,Task2,2,중등도의 염증이 있는 담낭으로 cystic duct가 부분적으로 isolation 되어 있으나 cystic artery의 구조물은 명확하지 않은 상태. CVS는 아직 충족되지 않은 상태로 담낭쪽으로 좀더 박리가 필요하다. cystic duct의 구조물이 확보되었으므로 BDI risk는 낮다,3,2,3,3,4,4,,,
2025. 11. 30 오후 9:15:52,10,189027300,Task3,,복강경카메라를 더 안쪽으로 밀어넣어 담낭과 hepatocystic triangle이 보이도록 위치한 후 담낭의 외측으로의 traction을 시행하여 적절한 tension을 주어 시야를 확보한 다음 담낭측으로의 박리를 시행해야 한다. calot's triangle의 박리를 통해 담낭관과 담낭동맥의 골격화 및 하부담낭의 박리를 시행하여 CVS를 확보 후 구조물들의 clipping 및 cut을 하여 BDI의 위험도를 낮추고 안전성을 높여 복강경적 수술을 완료할 수 있도록 한다.,4,4,4,4,3,2,4,3,3
2025. 11. 30 오후 9:17:14,6,183026000,Task1,,hepatocystic triangle이 부분적으로 정리되어 보이나 이 프레임에서는 구조물이 명확하게 확인되는 각도가 아니다. cystic artery로 추정되는 구조물을 clipping 중이지만 명확하지 않으며 소량의 oozing bleeding이 있으나 심하지 않은 상태이다. 치밀한 유착이나 염증 변화는 없다. ,3,3,2,3,2,2,,,
2025. 11. 30 오후 9:17:32,9,191014075,Task3,,"먼저는 담낭하부의 박리를 통해 CVS를 확보하는 것이 중요하다. 그러나 무리하게 CVS를 확보하기 보단, 담낭 하부의 박리가 진행되지 않으면, Bail-out기법을 선택하는 것도 하나의 좋은 대안이 될 수 있다. ",3,4,4,4,3,4,4,4,3
2025. 11. 30 오후 9:18:45,5,192024575,Task2,1,현재 GB fundus 가 박리되지 않아 CVS 가 달성되지는 않았으나 cystic duct 와 cystic artery 가 명확하게 구별되고 있어 BDI risk 는 낮아 보인다. cystic artery 를 clipping 하고 있으며 이를 제거 후 GB로 들어가는 명확해 보이는 cystic duct 를 clipping 한다면 BDI risk 없이 담낭절제술을 할 수 있다. 현재 보이는 담즙 누출이나 출혈 소견은 없다.,3,2,2,4,3,3,,,
2025. 11. 30 오후 9:21:13,5,192024575,Task3,,fundus 를 GB 로 부터 박리하여 CVS 를 달성한 후 cystic duct 와 cystic artery 를 절제한다. 현재는 구조물이 명확하기 때문에 CVS 만 달성된다면 바로 clipping 해도 되는 단계이다. cystic duct  와 artery 를 차례로 절제한 후 GB bed 에서 박리하면 안전한 복강경 담낭절제술이 예상된다.,4,3,3,3,3,3,3,3,3
2025. 11. 17 오후 2:41:26,4,163049175,Task3,,"담낭 경부를 더욱 견인 한 다음 박리를 더욱 진행하여 CVS 를 확보한다. cystic artery가 확인되지 않을 경우 cystic duct를 ligation, resection 시행하여 간 외측으로 더욱 담낭을 견인하여 CVS 를 확인할 수 있다. 이경우 합병증없이 수술이 종료 될 수 있다.",3,2,4,3,4,5,2,3,4
2025. 11. 30 오후 9:21:33,10,190028425,Task1,,경도의 염증 및 유착을 동반한 담낭의 calot's triangle을 박리중이다. 담낭관이나 담낭동맥은 명확이 구분되지 않는 상태로 후방창은 열리지 않아 골격화된 구조물은 관찰되지 않는다. 경미한 삼출성 출혈이 있으나 시야제한은 없으며 그외 담즙누출이나 기타이상소견은 없다.,4,4,4,3,3,3,,,
2025. 11. 30 오후 9:21:59,6,183026000,Task2,2,이 프레임은 삼각부가 대부분 정리되고 cystic artery로 추정되는 구조물을 clipping 하는 단계를 보여준다. cystic artery와 duct로 추정되는 구조물이 있으나 명확하게 확인하기 위해서는 담낭의 측방견인 후 주변 조직의 박리가 필요하다. 담낭의 하부 1/3을 분리하여 CVS 를 확립하면 합병증 위험이 더욱 낮아질 것이다. ,4,4,3,2,2,4,,,
2025. 11. 30 오후 9:22:54,9,192023825,Task2,3,간담낭삼각 내에 2개의 tubular structure가 확보되었다. 다만 GB bed의 박리가 불완전하여 BDI는 보통이거나 낮다고 봐도 된다. ,4,4,4,4,4,4,,,
2025. 11. 30 오후 9:23:27,9,192023825,Task3,,"담낭하부의 박리를 진행하여 완벽한 CVS를 확보한다면, 안전하게 복강경하 담낭절제술을 완료할 수 있다. ",4,4,4,4,4,4,4,4,4
2025. 11. 30 오후 9:26:41,6,183026000,Task3,,담낭의 측방견인 후 담낭측에서 calot's triangle을 정리하며 cystic artery와 duct를 완전히 skeletonization 시행한다. 이후 담낭 하부 1/3을 박리하여 CVS를 확인하면 안전하게 복강경 담낭절제술을 완료할 수 있다. ,5,4,4,3,3,2,4,3,3
2025. 11. 30 오후 11:31:35,1,19108075,Task2,1,grasper를 이용하여 infundibulum을 잡고 lateral side로 traction을 하고 있으며 hepatocystic triangle의 anterior side가 일부 박리되었으나 아직 CVS를 확보하지는 못한 상황이다. cystic artery와 cystic duct로 보여지는 구조물이 확인되고 있으나 CVS 확보를 위해서는 이 둘의 skeletonization과 함께 GB 하부 1/3의 liver bed로부터의 박리가 필요하다. 하지만 cystic artery와 cystic duct 사이에 posterior window가 이제 막 확보된 것으로 보여지고 있어 bile duct injury 위험성은 매우 낮다.,2,2,3,4,4,4,,,
2025. 11. 30 오후 9:27:41,5,196036525,Task1,,"GB bed는 어느 정도 박리되어 있는 상태로, GB로 들어가는 관 구조물인 cystic duct 가 명확하게 보이고 있다. cystic duct 는 clip으로 ligation 되기 직전이다. 염증 소견은 명확해 보이지 않으며 출혈이나 담즙 누출 소견은 없다. GB fundus 쪽은 GB bed 에 여전히 붙어 있고 GB neck 쪽의 GB bed만 박리되어 있다.",3,4,4,4,3,3,,,
2025. 11. 30 오후 9:28:14,9,193048075,Task2,5,"담낭의 염증성 변화와 박리된 조직의 출혈, 미세한 담즙의 누출로 보아 불완전한 CVS를 확보하였어도 명확한 구조 구분전까지는 BDI가 높을 것으로 보인다. ",4,4,4,4,4,4,,,
2025. 11. 30 오후 9:29:43,9,193048075,Task3,,"유착이 심하진 않아, 담낭 하부의 박리에 어려움은 없을 것으로 보이나, 출혈로 시야에 제한이 있을 것으로 보인다. CVS를 확보하였으나, Cystic duct와 artery 구분에 확신이 없다면, cholangiography를 보는 것도 방법이 될 수 있다. ",4,4,4,4,4,4,4,4,4
2025. 11. 30 오후 9:29:50,10,190028425,Task2,3,"calot's triangle의 박리 초기단계로 내측 복막을 절개하였으나 후방창은 열리지 않았으며, 담낭관/담낭동맥의 구분 및 하부담낭의 박리도 이루어지지 않았다. 두 구조물의 완전한 골격화 및 하부담낭의 박리 후 CVS를 확보해야 BDI의 위험도를 낮출 수 있으며, 그전까지 어떠한 clipping도 시행되어선 안된다.",4,3,5,5,5,4,,,
2025. 11. 30 오후 12:04:48,4,18206150,Task1,,"감담낭삼각의 전측 윈도우가 확보되었음
담낭관과 담낭 동맥이 비교적 명확히 보임
담낭에는 염증소견이나 유착소견은 없어보임
",1,1,3,3,4,5,,,
2025. 11. 30 오후 12:09:59,4,18206150,Task3,,"외측으로 견인하며 담낭관을 절단
담낭 동맥을 더 명확히 하여 결찰 및 절단
합병증없는 수술이 예측됨",1,2,3,3,4,4,1,2,5
2025. 11. 30 오후 9:35:36,9,194020925,Task2,4,"Cystic duct는 구분되나 아직 cystic artery가 명확히 구분되지 않으며, liver bed의 박리가 진행되지 않아, CVS가 제한된다. BDI가 높다. ",3,4,4,4,4,4,,,
2025. 11. 30 오후 3:20:21,2,18206150,Task3,,cystic artery 부터 ligation 하여 출혈을 최소화하고 duct를 ligation 한다,3,3,3,3,3,3,3,3,3
2025. 11. 30 오후 9:36:15,6,184032125,Task1,,"담낭이 전반적으로 edematous 하며 삼출과 유착을 동반한 염증 상태이다. 담낭의 경구부에 mucosal opening을 보이나 담즙 유출은 보이지 않는다. calot's triangle이 명확하게 확인되지 않고, 담낭으로 향하는 관상 구조물이 하나 보이지만 충분히 박리되지 않아 명확한 구분이 어려운 상태이다. 담낭은 간에서 분리되지 않았다.",4,3,4,4,2,3,,,
2025. 11. 30 오후 9:36:25,1,179016550,Task3,,더운 안전한 clipping 및 division을 위해서 hepatocystic triangle의 anterior와 posterior side를 완전히 박리하고 GB의 하부 1/3을 liver bed로부터 박리한 뒤 cystic artery와 cystic duct를 완전히 skeletonization하여 CVS를 확실히 확보환 뒤 안전하게 cystic artery와 duct를 clipping & division 시행한다. 이 과정에서 cystic duct injury를 최소화 하기 위해 GB에 붙여서 박리가 필요하며 CBD를 향한 medial side로의 cauterization은 피해야 한다. 현재 상태로 보아서는 문제 없이 합병증 없는 복강경적 수술이 완료될 것으로 생각되나 혹시 명확한 anatomy 확인이 어려울 경우 bailout procedure를 이용한다.,4,5,5,5,4,4,3,5,4
2025. 11. 30 오후 9:36:57,9,194020925,Task3,,"이미 담낭관과 담낭동맥으로 추정되는 구조물이 간접적으로 보이기 때문에, 간담낭삼각의 박리를 진행하면 무리 없이 CVS를 확보 할 수 있을 것이다. 이를 통해 안전한 복강경 수술의 완성을 이룰 수 있다. ",4,4,4,4,4,3,4,4,4
2025. 11. 30 오후 9:37:56,10,190028425,Task3,,"담낭의 외측으로의 traction을 유지하며 후방창을 만들어 담낭관과 담낭동맥의 골격화를 완료하고 CVS를 확보하기 위해 하부담낭을 liver bed로부터 박리한다. 모든 과정은 BDI를 최소화하기 위해 담낭측에서 박리를 시행해야 하며 CVS 확보전에는 clipping을 시행하지 않도록 한다. 구조물들의 확보가 안될 경우 ICG와 같은 bailout을 시행해야 하며, CVS가 확보되면 합병증 없이 복강경적 수술로 완료될 수 있다.",4,4,4,4,5,5,4,5,4
2025. 11. 30 오후 9:39:22,6,184032125,Task2,4,"염증이 있는 calot's triangle의 박리로 구조물 구분이 매우 어려운 상태이다. 담낭 경구에 mucosal opening 이 있으며, cystic duct와 artery의 위치가 명확하지 않아 주의 깊은 박리가 필요한 상태이다. BDI risk 가 높다. ",3,3,2,2,2,3,,,
2025. 11. 30 오후 9:41:06,9,197058725,Task2,5,"담낭의 심한 염증이 보인다. 조직의 염증으로 tubular structure의 구분에 어려움이 클 수 있다. 세밀한 박리에도 BDI가 올 수 있어, Risk가 매우 높은 상태 이다. ",4,4,4,4,4,4,,,
2025. 11. 30 오후 9:41:55,10,19108075,Task1,,"경도의 염증이 있는 담낭의 calot's triangle 박리단계로, 담낭은 외측으로 traction되고 있으며, 담낭관과 담낭동맥은 확인되나 골격화는 되지 않았다. 하부 담낭은 liver bed에서 분리되지 않았으며 출혈이나 담즙누출 및 기타이상소견은 없다.",3,4,3,2,4,4,,,
2025. 11. 30 오후 9:42:02,9,197058725,Task3,,"CVS 확보를 위한 박리를 시행하지만 심한 염증으로 수술 진행에 어려움이 있을 수 있다. 무리하지 않고, bail-out 기법을 조기에 선택하는 것이 좋을 수 있다. ",5,4,4,4,2,3,4,4,4
2025. 11. 30 오후 9:43:11,1,181010700,Task1,,담낭은 mild to moderate한 inflammation으로 인해 wall 이 두꺼워져 있고 edematous한 상태이다. GB의 medial side에 일부 peritoneal incision이 되어 있으나 GB 하부는 liver bed로부터 전혀 박리되어 있지 않다. distal CBD의 주행이 어느 정도 예측되나 liver hilum과 cystic structure 주변으로 fat을 포함한 edematous한 tissue가 둘러싸고 있어 cystic duct나 cystic artery를 명확하게 구분하기는 어려운 상태이다. 일부 oozing이 보이나 bile leakage는 보이지 않는다.,2,2,3,3,2,3,,,
2025. 11. 30 오후 9:08:20,6,18204650,Task2,2,"calot's triangle 박리가 진행 중이며, posterior window가 잘 노출되어 있다. cystic duct는 비교적 명확하게 확인되나 cystic artery는 주변 조직의 박리가 더 필요하다. 담낭 하부 1/3 박리를 진행하여 CVS를 완성하면 합병증 위험성은 낮다. ",2,3,4,4,3,4,,,
2025. 11. 30 오후 9:46:30,9,200017875,Task2,5,"담낭과 주위 조직의 염증이 중등도이고, CVS 가 확보되지 않은 상태에서 Clipper를 적용하는 것은 BDI 위험이 높다. ",4,3,4,4,4,4,,,
2025. 11. 30 오후 9:46:31,6,185012750,Task1,,담낭은 비후되고 충혈되어 염증소견을 보이는 상태이다. hepatocystic triangle이 확인되며 cystic duct로 확인되는 구조물을 clip하는 상태이다. cystic artery로 추정되는 구조물이 보이지만 명확하게 박리된 것은 아니다. 담낭의 하부 일부는 간에서 분리되었으나 여전히 간에 붙어있다. ,2,2,2,3,4,4,,,
2025. 11. 30 오후 9:47:23,9,200017875,Task3,,"CVS의 확보를 위해 간담낭삼각의 박리를 진행하고 담낭하부 박리를 하여 안전한 수술을 할 수 있지만, 담낭의 염증으로 CVS 확보가 어려우면 bail-out 기법도 고려해야 한다.",4,4,4,4,4,4,4,4,4
2025. 11. 30 오후 9:49:07,6,185012750,Task2,2,hepatocystic triangle이 확인되며 cystic duct로 확인되는 구조물을 clipping하는 상태이다. 전반적으로 염증 소견을 보여 CVS가 명확하게 확인되지 않으므로 추가적인 박리로 cystic artery를 확인하고 담낭 하부를 간에서 더 박리한다면 CVS를 확립할 수 있다. ,3,3,3,2,4,4,,,
2025. 11. 28 오후 2:09:49,5,18204650,Task2,2,"Calot's triangle 을 확인하기 위해 접근 중으로, cystic duct와 cystic artery 는 어느 정도 노출되어 구별이 가능하지만 주변 조직의 정리가 필요한 상태이다. CVS 를 달성하기 위해서는 fundus 가 liver 에서 좀 더 박리되어야 한다. GB의 posterior window 가 좀 더 정리되어 cystic duct 가 구조화되면, 그 뒤에 clipping 을 시행하는 것이 BDI risk 는 방법이 될 것이다. CVS 를 달성하기 위해 GB 의 anterior, posterior 조직을 좀 더 박리할 필요성이 있다.",3,3,3,4,4,3,,,
2025. 11. 30 오후 9:51:41,10,19108075,Task2,2,Calot’s triangle의 초-중기 박리단계로 담낭관과 담낭동맥이 구별되나 골격화는 진행되지 않았으며 담낭 하부의 박리는 시행되지 않았다. 출혈이 없고 및 염증상태가 심하지 않으므로 담낭측으로의 박리를 유지하여 CVS를 확보하면 BDI의 위험도는 낮고 합병증 없이 복강경적 수술의 완료를 시행할 수 있다.,4,3,3,4,3,4,,,
2025. 11. 30 오후 9:51:50,5,197062475,Task2,3,"현재 fundus 가 GB bed 에 붇어 있으며 주변 유착으로 인하여 잘 traction 이 안되는 것으로 보인다. 이로 인해 CVS 는 아직 달성되지 않았다. cystic duct 와 cystic artery 로 보이는 구조물이 확인되고 있으나 좀 더 주변 조직을 정리해야 명확한 구조물을 확인할 수 있을 것이다. 현재 염증 소견은 많지 않으며, 절제해야할 관 구조물 주변으로는 유착이 없어 clipping 하는 데에는 큰 문제가 없다. CBD 로부터 올라오는 부위를 조심하며 clipping 해야 BDI risk 를 줄일 수 있다.",4,2,3,3,4,4,,,
2025. 11. 30 오후 9:53:48,6,185012750,Task3,,CVS가 완벽하지는 않으나 hepatocystic triangle은 확인되어 cystic duct의 클립 및 절단을 진행하여도 된다. 조금 더 안전을 위해서는 cystic artery를 완전하게 박리하고 담낭의 하부를 분리하는 것이 좋다. 합병증 발생 위험은 높지 않다. ,3,3,2,3,4,4,3,2,4
2025. 11. 30 오후 9:11:37,6,18204650,Task3,,"담낭벽에서 주의 깊은 박리를 지속하여 posterior window를 확대하고, 담낭 하부 1/3을 박리한다. cystic artery 주변 조직을 정리하여 명확히 하면 CVS가 확보되고 이후 cystic duct와 artery를 clip하고 절단하면 안전하게 복강경 담낭절제술을 완료한다. ",3,3,4,4,3,4,3,4,3
2025. 11. 29 오후 6:00:39,4,18204650,Task3,,"담낭 측에서  박리를 지속하여 후방 창을 확보
담낭관과 담낭 동맥을 골격화 후 담낭 절제술
담관 손상 위험은 낮다.",3,2,4,4,3,3,3,4,3
2025. 11. 30 오후 9:57:39,5,198037950,Task1,,"GB infundibulum 이 traction 되고 있으며, GB anterior, posterior wall 은 박리되어 있음. cystic duct 가 명확하게 isolation 되어 있고, 현재 clip 으로는 cystic artery 구조물을 clipping 하려고 하는 것으로 보임. 염증이나 출혈, 담즙누출 소견은 없다. 간도 정상 소견이다.",4,3,4,3,4,4,,,
2025. 11. 30 오후 9:58:05,10,19108075,Task3,,"hepatocystic triangle의 박리를 담낭측에 붙여서 시행하고, 담낭의 전/후방 window를 내서 담낭관과 담낭동맥의 골격화를 완료한다. 하부담낭의 박리를 충분히 시행하여 CVS를 확보한 후 관/동맥에 대한 clipping을 시행하여 안전성을 높인다. 구조물의 확인 및 구분이 어려울 경우 ICG와 같은 bailout전략을 고려해야 하나 CVS가 확보될 경우 BDI의 위험도는 낮고 합병증 없이 복강경적 수술로 완료된다.",4,3,5,4,5,5,5,3,4
2025. 11. 30 오후 10:00:01,5,198037950,Task2,2,CVS 를 달성하기 위해서는 GB fundus 의 부분적인 박리가 필요하다. CVS 를 달성하고 나면 cystic duct 를 clipping 할 수 있다. 현재 cystic duct 가 명확하게 보이기 때문에 BDI risk 는 낮은 편이다. ,4,4,4,3,4,4,,,
2025. 11. 30 오후 10:01:52,1,183025250,Task1,,담낭은 mild inflammation과 함께 distension되어 있고 hepatocystic triangle이 완전하지는 않지만 어느정도 박리가 이루어져 있으며 cystic duct로 보여지는 관상 구조물이 명확히 확인되고 있고 그 뒤로 cystic artery 로 보여지는 구조물이 보여지나 그 직경이 커서 hepatic artery와의 감별이 필요하다. GB의 하부는 liver bed로 부터 아직 박리가 완전히 이루어지지 않은 상태이다. intestine혹은 omentum 등 다른 조직과의 dense adhesion은 보이지 않고 있다. Sulcus of Rouviere가 확인되고 있고 Fissure of ligamentum teres도 보이고 있다. 박리되어진 부분에서 oozing bleeding이 관찰되나 bile leakage는 확인되지 않는다. ,3,4,3,3,4,4,,,
2025. 11. 28 오전 10:49:27,5,17807825,Task1,,"수술 기구를 통해 GB infundibulum 이 견인되고 있으나 GB가 bed에 완전히 부탁되어 있어 효과적인 견인은 안되는 상태이다. 확인되는 cystic duct 에 대해 clipping 이 진행되고 있다. 아직 cystic artery 는 보이지 않는다. 현재 보이는 출혈, 담즙누출 소견은 없다.",2,3,4,4,4,4,,,
2025. 11. 30 오후 12:47:05,4,17807825,Task1,,"담낭에 염증소견은 거의 보이지 않음
담낭관이 명확히 보여 클립 단계
담낭 동맥으로 추정되는 구조물들도 보임",2,3,3,3,3,3,,,
2025. 11. 30 오후 10:04:34,6,186022750,Task1,,"The field shows the hepatocystic triangle with mild inflammatory hyperemia and minor oozing. cystic duct나 artery는 명확하게 확인되지 않으며, 담낭은 간에서 분리되지 않았다. 간 표면은 정상이다.",4,2,4,4,3,3,,,
2025. 11. 28 오전 10:51:44,5,17807825,Task2,2,"현재 CVS 가 달성된 상태는 아니지만, cystic duct 가 명확하게 보이므로 지금처럼 clipping 을 진행한다고 해도 BDI risk 는 낮아보인다. 하지만 fundus 를 좀더 박리하여 CVS 를 확보 후 ligation 을 한다면 좀 더 안전하게 진행할 수 있어 보인다. 현재 보이는 과정에서는 출혈 소견과 담즙누출 소견은 없다.",1,1,4,4,4,3,,,
2025. 12. 1 오후 1:04:33,3,17807825,Task2,1,담낭담관에 클립핑이 시행되고 있는 장면이다. 프레임의 뷰에서는 CVS가 확보되었는지 판단하기 어려운 부분이 있지만 담낭하부의 박리가 어느정도 진행되어 있는 것으로 추정되어 posterior window과 확보된 상태에서 담낭담관과 담낭동맥이 골격화 되어있을 것으로 추정된다. clipping을 진행하더라도 BDI의 위험은 낮을 것으로 판단된다.,3,3,4,4,4,4,,,
2025. 11. 30 오후 10:08:02,5,199027000,Task1,,"현재 GB neck 쪽의 구조물을 보여주는 사진이다. cystic duct와 cystic artery 로 보이는 관상 구조물이 일부 박리되어 있으며, monopolar 수술 기구를 통하여 anterior wall 이 dissection 되고 있다. 현재 염증 소견이나 출혈, 담즙 누출 소견은 명확하지 않다. ",4,3,4,3,4,4,,,
2025. 11. 30 오후 10:09:42,6,186022750,Task3,,"hepatocystic triangle에서 전·후 복막을 체계적으로 개방하고 지방을 제거한다. 담낭 측에서 박리를 충분히 하여 calot's traingle의 구조물이 명확하게 확인되고, CVS가 확립되면 합병증 위험성은 낮아질 것이다. ",4,4,4,3,3,2,3,4,4
2025. 11. 30 오후 10:12:09,10,192023825,Task2,1,"Hepatocystic triangle의 후기 박리단계로, 담낭관과 담낭동맥의 부분적인 골격화가 되었으며, 하부담낭의 박리도 시행되었다. 골격화를 완성하고 하부담낭의 박리를 충분히 하여 CVS를 확보한 후 clipping을 시행해 BDI의 위험도를 최소화한다.",2,4,3,3,4,4,,,
2025. 11. 30 오후 10:12:39,1,183025250,Task3,,Hepatocystic triangle의 전 후복막을 GB에 붙여서 세심하게 박리하고 GB 하부를 liver bed로 부터 박리하여 posterior window를 확보해야 한다. GB neck의 medial side의 peritoneal dissection을 진행하여 cystic artery를 완전히 skeletonization하여 right hepatic artery 와 감별하고 injury를 피할 수 있도록 해야한다. 상기 과정을 통해 CVS를 확보한 뒤 안전하게 cyst duct와 cystic artery를 clipping 후 division한다. 정확한 anatomy의 구분이 어려운 경우 bailout procedure를 고려한다. ,4,3,4,3,5,4,3,4,5
2025. 11. 27 오후 8:29:20,7,17807075,Task1,,"적절한 견인을 유지한 상태에서 간담낭삼각이 박리되었으며, 출혈, 염증, 유착, 담즙 누출 등의 소견은 관찰되지 않는다. cystic duct가 노출되었으며, cystic artery도 대부분 노출되어있다.",3,2,3,3,3,3,,,
2025. 11. 30 오후 10:16:52,6,187011975,Task2,2,"cystic duct에 clip을 적용하고 있는 단계로 cystic artery가 명확하게 확인되지 않았고, 담낭 하부가 완전히 분리되지 않아 CVS는 확보되지 않았다. 담낭 쪽에서의 추가적 박리를 지속하여 CVS를 확립하면 BDI risk를 낮출 수 있지만, 현재에도 BDI risk는 높지 않다.",2,4,4,3,3,2,,,
2025. 11. 30 오후 10:18:58,10,192023825,Task3,,"calot's triangle의 추가적인 박리로 담낭관 및 담낭동맥을 완전히 골격화하고 하부담낭의 박리를 완료한다. CVS를 확보한 후 담낭을 외측으로 적절한 힘으로 traction하여 총담관이 끌려오지 않도록 해야 하며, 담낭측에 붙여서 담낭관의 clipping을 시행해야 BDI의 위험성을 최소화할 수 있다.",5,4,5,5,4,4,4,3,5
2025. 11. 30 오후 8:15:05,6,17807075,Task1,,"담낭이 lateral side로 견인되는 상태에서 hepatocystic triangle이 거의 다 정리되어 보인다. cystic duct를 정리하는 중이나 아직 충분한 박리가 더 필요한 상태이다. 담낭의 하부가 liver에서 분리되어 있으며, 담낭은 유의미한 염증이나 유착은 없다. 간 표면은 온전하다. ",3,2,4,3,4,3,,,
2025. 11. 30 오후 10:20:11,5,199027000,Task2,2,"현재 GB fundus 가 아직 박리되어 있지 않아 CVS 는 달성되지 않은 상태이다. Calot's triangle 은 부분적으로 확인되고 있으며 cystic duct와 artery 구조물이 확인되고 있다. 수술 기구를 이용하여 GB anterior wall, posterior wall 을 좀 더 박리하여 시야를 확보하고 관상 구조물 두 개의 skeletonization 을 완성하여 clipping 한다면 BDI risk 를 줄일 수 있다.",4,3,4,4,4,4,,,
2025. 11. 30 오후 10:20:14,1,184038875,Task1,,GB는 inflammation으로 인해 wall이 두꺼워져 있고 fibrotic change를 동반하고 있다. hepatocystic triangle이 박리되어 있고 cystic duct로 보이는 구조물이 skeletonization 되어 있어 이에 clip이 적용되고 있다. 명확히 관찰되는 cystic artery는 확인되고 있지 않아 cystic artery는 이미 division이 된 것으로 생각된다. GB 하부는 liver bed로 부터 박리가 되어 있다. Sulcus of Rouviere 및 Fissure of ligamentum teres가 확인되고 있고 CBD의 주행이 비교적 명확하게 확인되고 있다. 박리가 이루어진 부위에 oozing bleeing이 소량 있으나 bile leakage는 확인 되지 않고 있다. ,3,4,2,3,4,3,,,
2025. 11. 30 오후 10:22:10,5,199027000,Task3,,담낭의 fundus 를 먼저 박리한 후 Calot's triangle 을 명확히 한다. 이후 cystic duct 와 artery  주변의 조직을 정리하여 시야를 확보한다. 주변 조직을 정리하여 확실해 지면 cystic duct 와 artery 를 차례로 clipping 하여 정리한다. hilum 과 연결되는 구조물이 모두 정리되면 이후로 GB bed 에서 박리하여 안전한 복강경 담낭절제술을 완성한다.,4,4,4,4,4,4,4,4,3
2025. 11. 30 오후 10:23:26,6,187011225,Task1,,"hepatocystic triangle에서 부분적인 복막박리가 시행되었으며, mild bleeding이 있는 상태이다. infundibulum이 노출되어 있으며 하나의 관상 조직이 보이고 이는 cystic duct로 추정된다. cystic plate가 일부 노출되었으나 담낭은 간에 부착되어 있는 상태이다. ",2,2,3,4,2,3,,,
2025. 11. 30 오후 7:46:35,9,17806325,Task2,4,간담낭 삼각의 분리가 초기 단계이다. 담낭관으로 추정되는 구조가 보기이기 시작하나 담낭동맥은 보이지 않는다. 아직 CVS를 확보하기에는 담낭하부조직의 박리의 진행 및 담낭동맥의 확보가 중요하다. 아직 BDI는 높다. ,3,3,4,4,4,3,,,
2025. 11. 30 오후 10:26:08,1,184038875,Task2,2,현재 hepatocystic triangle이 완전히 확보되어 있고 현재 image에서는 cystic artery는 명확히 확인되지 않으나 active bleeding이 없는 것으로 보아 이미 division되어 있는 상태로 보이며 CVS가 확보되어 있는 상태에서 skeletonization되어 있는 cystic duct를 clipping하고 있는 상태로 보여진다. distal to proximal CBD의 주행이 명확히 보이고 있어 안전한 cystic duct의 결찰이 가능할 것으로 생각된다. ,2,3,2,3,3,3,,,
2025. 11. 30 오후 4:31:27,1,16907925,Task1,,중등도의 염증소견을 동반한 edematous한 GB가 관찰되고 있고 liver hilum 주변에서 GB로 이어지는 부분의 주변 tissue 들도 edema가 있어 보인다. Duodenum이나 colon 혹은 omentum과 같은 주변 장기들과이 adhesion은 관찰되지 않는다. GB도 inflammation으로 인해 edematous하여 grasper로 GB neck으로 추정되는 부분을 잡고 traction하나 잘 잡히지 않는 모습이다. Hepatocystic triangle의 posterior side를 박리 중에 있으며 edematous한 tissue를 박리하는 과정에서 ㅍvenous bleeding이 발생한 것으로 보이고 이로 인해 시야 확보가 어려워 cystic duct나 artery와 같은 구조물들을 아직 분리하지 못한 상태이다. 담낭 하부 또한 아직 liver bed에서 분리되지 못한 상황이다. ,3,3,4,3,4,4,,,
2025. 11. 30 오후 10:30:42,10,194024675,Task1,,"Hepatocystic triangle의 박리가 시행되었으며 담낭관의 골격화가 완료되었으며, 담낭동맥은 clip applier에 가려져 골격화의 완료 여부를 확신할 수 없다. 하부담낭은 간으로부터 일부 박리되었다. 담낭의 염증 및 유착은 미미하며 출혈이나 담즙누출 및 기타 이상소견은 없다.",4,4,3,3,2,3,,,
2025. 11. 30 오후 10:37:22,6,190046425,Task1,,hepatocystic triangle이 부분적으로 박리되어 있으나 구조물이 명확하지 않다. cystic duct 와 artery는 명확하지 않으며 담낭이 간에 부착되어 있는 상태이다.  다만 CBD가 확인되며 cystic duct로 추정되는 구조물이 있어 이를 clipping 하고 있는 모습이다.  담낭은 moderate 염증 소견을 보인다.,3,3,3,2,2,3,,,
2025. 11. 30 오후 10:33:40,10,194024675,Task2,1,"담낭의 적절한 외측으로의 traction을 유지하며 hepatocystic triangle이 박리되었으며, 담낭동맥에 clipping을 시행하고 있다. 하부담낭의 박리를 더 충분히 시행하여 CVS를 확보한 후 clipping을 시행할 경우 안전성은 더 높아질 수 있다.",4,4,3,3,4,4,,,
2025. 11. 30 오후 10:34:37,1,184038875,Task3,,CVS가 확보된 상황으로 cystic artery는 이미 안전하게 division이 된 것으로 보이며 현재 CBD의 주행도 명확히 확인되고 있어 grasper를 이용하여 GB를 잡고 lateral side로 적절한 traction을 하여 skeletonization 된 cystic duct 명확히 확인 후 안전하고 성공적으로 clipping하고 division 할 수 있을 것으로 보인다. 현 상황에서는 bailout procedure가 필요하지 않을 것으로 생각된다. ,1,4,1,3,3,3,3,3,4
2025. 11. 30 오후 10:35:57,10,194024675,Task3,,Hepatocystic triangle의 하부담낭을 liver bed로부터 충분히 박리하여 CVS를 확보한 후 담낭동맥과 담낭관에 대해 각각 clipping을 시행한 후 cut을 한다. 총담관으로부터 먼 거리의 담낭관에 clipping 및 cut을 시행하여 BDI의 위험도를 최소화할 경우 합병증 없이 복강경적 수술을 완료할 수 있다.,4,4,4,4,5,4,4,4,5
2025. 11. 30 오후 10:38:53,6,190046425,Task2,2,"이 프레임은 Calot’s triangle dissection 의 초기 박리이나 명확하게 확인되는 구조물은 없다.  cystic duct로 추정되는 구조물에 클립을 적용하고 있으나 안전을 위해서는 cystic duct의 skeletonization과 cystic artery의 확인, 담낭 하부의 박리 등을 시행하여 CVS를 달성해야 한다. 현재 BDI risk는 높지 않다.  ",4,3,2,3,2,3,,,
2025. 11. 30 오후 10:40:01,1,188023125,Task1,,GB는 mild inflammation 소견이 관찰되며 Calot's triangle의 부분적 박리가 이루어져 있는 상태이다. GB 하부는 liver bed에 여전히 붙어서 박리되어 있지 않다. cystic artery가 명확히 관찰되지 않고 있고 cystic duct도 완전히 skeletonization이 되어 있지 않은 상태인 듯하여 CVS가 확보되지 않은 상태에서 cystic duct에 clipping이 진행되고 있는 것으로 보인다. Calot's triangle 박리된 된 부분으로 소량의 oozing bleeding이 관찰되나 bile leakage는 보이지 않는다. ,4,4,5,5,2,3,,,
2025. 11. 28 오전 11:52:32,2,16907925,Task3,,"왼손을 GB neck 이 맞는지 해부학적 위치를 다시한번 확인 후 traction, 왼손 traction 을 화면의 우상방으로 하여 담낭 후면에서 CVS 를 확보하는게 중요하다 후면에서 dissection 하여 cystic artery 와 cystic duct 를 확인해야 BDI 의 위험도를 확실히 줄일수 있으며 중증도 inflammation 으로 soft tissue edema 가 꽤 있는 편이라서 cystic duct 를 자르기 직전까지 GB 와의 연결성 및 bile duct 와의 위치를 반드시 확인해야 한다",3,3,3,3,3,3,3,3,3
2025. 11. 30 오후 4:36:57,1,16907925,Task3,,"적절한 suction과 cauterization을 통해서 섬세하게 지혈하며 view를 확보하고 안전한 박리를 위하여 담낭에 붙여서 담낭의 하부 1/3을 liver bed로부터 박리한다. 보여지는 관 구조물이 cystic duct인지 GB의 hartmann's pouch인지 혹은 CBD인지 감별을 위해서도 suction과 blunt dissection을 이용하여 주변의 edematous한 fatty tissue를  제거, 박리하고 Calot's triangle을 추가적으로 정리하여 CVS를 확보할 수 있도록 한다. 현재 omentum 등의 지방 조직으로 인해 Rouviere's sulcus 등이 잘 보이지는 않으나 확인이 가능하다면 그 위쪽에서 박리를 유지할 수 있도록 하여 bile duct injury를 최소화 하도록 해야한다. 현 상황으로 보았을 edematous한 fatty tissue들과 지속되는 bleeding과 oozing으로 시야가 제한되어 cystic duct나 cystic artery 등을 명확하게 skeletonization을 하기 어려울 수도 있을 것으로 보여 CVS를 확보하지 못하게 될 경우 bailout procedure를 사용하는 것이 더 안전할 수도 있을 것으로 보인다. ",3,3,3,4,4,5,4,4,3
2025. 11. 30 오후 10:46:33,6,189034800,Task1,,"Calot’s triangle 은 부종과 염증소견을 보이고 있으며,  구조물이 명확하게 확인되고 있지 않다. cystic duct로 추정되는 관상 구조가 있으며, cystic artery로 추정되는 구조물은 clipping하고 있는 상태이다. 담낭은 간에 부착되어 있으나 그 경계는 확인되는 상태이다. ",2,4,3,3,4,3,,,
2025. 11. 30 오후 10:50:13,10,197058725,Task2,4,"염증이 있는 담낭의 간으로부터의 박리중인 상태로, hepatocystic triangle의 시야는 확보되지 않았다. 심한 염증으로 세심한 지혈을 유지하고, calot’s triangle의 구조물의 완전한 골격화 및 하부담낭의 충분한 박리를 통한 CVS를 확보해야 BDI의 위험도를 낮추고 안전한 복강경적 수술을 완료할 수 있다.",4,3,4,4,4,3,,,
2025. 11. 30 오전 12:49:35,8,16904175,Task1,,"Calot 삼각은 부분적으로 박리되어 있고, 경도에서 중증도의 염증 변화 및 지방조직이 관찰된다. 담낭 동맥과 담낭관으로 추정가능한 두 개의 관상 구조물이 부분적으로 박리되어 있으나 완전히 골격화 되어 있지는 않다. 담낭 하부는 아직 간 침상에 붙어 있으며 경미한 oozing이 있으나 담즙 누출은 관찰되지 않는다.",2,3,4,3,4,4,,,
2025. 11. 30 오후 10:54:02,6,189034800,Task3,,"담낭 측에서 Calot의 삼각을 완전히 정리하고, posterior window를 통해 cystic artery와 duct를 확인한 다음, 하부 담낭을 박리하여 CVS를 달성한다. 그 뒤 cystic artery와 duct를 클립 후 절단하면 합병증 발생 위험성은 적을 것이다. ",4,3,3,3,4,4,3,3,4
2025. 11. 30 오후 10:56:48,1,188023125,Task2,3,Calot's triangle이 부분적으로 박리되어 있으나 CVS를 확보하지 못하였고 cystic duct가 완전히 skeletonization 되지 않은 상태에서 clipping이 시도되어지고 있다. GB 하부가 liver bed로부터 박리가 이루어지지 않은 상태이며 cystic artery도 확인되지 않고 있어 아직 bile duct 및 hepatic artery의 injury의 위험성이 있다. ,4,3,4,4,3,3,,,
2025. 11. 30 오후 10:59:17,10,197058725,Task3,,"적절한 traction 및 세심한 지혈과 함께 담낭측으로의 박리를 유지하며, hepatocystic triagle 내의 구조물을 골격화하고, CVS가 확보될 때까지 clipping 및 cut을 시행하지 않도록 한다. 구조물의 분리가 명확히 확보되지 않을 경우, fundus-first 또는 ICG나 open conversion 등 bailout 전략을 고려해야 한다.",4,3,5,5,4,4,4,4,4
2025. 11. 30 오후 11:02:11,6,192024575,Task1,,"The hepatocystic triangle is substantially dissected with two windows, showing mild inflammatory changes and minor oozing but no bile leak. cystic artery와 duct가 확인되며, cystic artery가 clipping되고 있는 상황이다. 담낭은 간으로부터 분리되지 않았다. ",2,3,2,3,4,3,,,
2025. 11. 30 오후 11:03:05,1,188023125,Task3,,clip 적용을 중지하고 hepatocystic triangle의 posterior side도 추가로 박리한다. 또한 GB 하부 1/3을 liver bed로부터 박리하여 posterior window를 확보하고 cystic duct 및 cystic artery의 완전 skeletonization을 하여 CVS를 확보하도록 한다. 상기 과정을 진행함에 있어서 안전한 박리를 위해 저에너지로 GB 쪽에 붙여서 박리를 진행하여 cystic duct나 artery의 injury를 최소화할 수 있도록 한다. 이 후 안전하게 cystic duct와 cystic artery를 clipping 및 division 시행한다. 만약 inflammatory tissue로 인해 anatomy가 명확히 확인이 되지 않는 경우에는 bailout procedure 혹은 subtotal cholecystectomy를 고려한다. ,4,4,4,4,4,3,4,5,3
2025. 11. 30 오후 11:08:04,1,190028425,Task1,,GB는 mild inflammation을 보이고 있으나 다른 장기와의 dense adhesion은 보이지 않고 있다. Sulcus of Rouviere와 Fissure of ligamentum teres를 잇는 R4U line의 상방으로 박리가 안전하게 진행되어지고 있는 상황으로 보인다. hepatocystic triangle의 anterior side가 박리되고 있는 중인 것으로 보여지나 아직 cystic duct나 artery로 보여지는 구조물은 보이지 않는다. bleeding은 거의 없고 bile leakage 소견도 관찰되지 않는다. ,4,4,4,3,3,3,,,
2025. 11. 30 오후 11:08:41,6,192024575,Task2,1,이 증례는 Calot 삼각 박리 단계에 있으며 일부 노출과 창이 형성되는 중이다. 구조물이 매우 잘 보여 현재에도 BDI risk는 낮은 상태이며 CVS를 충족하기 위해서는 하부 담낭을 분리하는 과정이 필요하다. ,2,3,2,3,3,3,,,
2025. 11. 30 오후 11:10:04,10,200017875,Task1,,"중등도의 염증 및 유착소견을 보이는 담낭을 외측으로 traction하고 있으며 hepatocystic triangle의 담낭관 및 동맥관은 뚜렷이 보이지 않으며, 흰색의 결석으로 추정되는 구조도 보인다. 삼출성 출혈이 있으나 시야제한은 없으며 담즙누출은 없다.",4,3,4,4,3,4,,,
2025. 11. 30 오후 11:13:03,1,190028425,Task2,2,assistant 가 GB fundus를 ventral side로 traction하고 있는 것으로 생각되고 surgeon의 grasper가 GB neck을 lateral side로 traction 하며 hepatocystic triangle을 박리하고 있는 과정이로 초기 단계로 생각된다. GB의 medial side의 peritoneum이 박리되고 있으며 GB 하부는 liver bed에서 아직 박리되지 않은 상태이고 cystic duct나 cystic artery로 보여지는 구조물들은 확인되지 않는다. CVS 확보를 위해 추가적인 박리가 필요한 상황이다. ,4,3,4,4,4,5,,,
2025. 11. 30 오후 11:14:41,10,200017875,Task2,4,"이 프레임은 Hepatocystic triangle의 초기-중기 박리단계로, 담낭관, 담낭동맥과 같은 구조물이 뚜렷이 구분되지 않으며 하부 담낭의 박리도 이루어지지 않은 상태로 CVS가 확보되지 않았다. 담낭 또는 담낭관으로부터 담석이 노출되었을 가능성이 있으므로 담낭관의 명확한 골격화 이후에 clipping을 시행해야만 BDI의 위험도를 낮출 수 있다.",3,4,5,5,3,4,,,
2025. 11. 30 오후 11:16:50,6,192024575,Task3,,Calot’s triangle의 앞/뒤 복막 박리와 담낭 하부의 부분 박리를 추가로 시행하여 CVS를 확립한다. 담낭측에서의 박리를 충분히 시행하여 주요 해부학적 구조를 명확하게 확인한 뒤 클립 및 절단하면 합병증의 위험성은 거의 없을 것이다. ,4,4,3,3,4,4,3,2,4
2025. 11. 30 오후 11:17:28,10,200017875,Task3,,"hepatocystic triangle내의 담낭관, 담낭동맥의 골격화 및 하부담낭의 박리가 완료되어 CVS를 확보한 후에 clipping을 시행해야 하며 이를 위해 담낭측으로 박리를 시행해야 BDI의 위험도를 낮출 수 있으며, 구조물의 분리가 불가능할 경우 fundus-first 또는 ICG와 같은 bailout 전략을 고려해야 합병증 발생률을 낮출 수 있다.",4,4,4,3,5,5,4,5,4
2025. 11. 30 오후 11:20:14,6,199028500,Task1,,"hepatocystic triangle 이 명확하게 확인되나 염증성 조직을 보인다. cystic artery는 완전히 박리되지 않았고, cystic duct는 골결화되어 명확히 확인된다. 담낭 하부는 간에서 부분적으로 박리되어 있다. ",2,3,4,3,2,4,,,
2025. 11. 30 오후 11:21:54,1,190028425,Task3,,"적절한 traction을 하여 GB 하부 1/3을 liver bed로 부터 박리하고 hepatocystic triangle의 anterior와 posterior side를 모두 박리하여 posterior window를 확보한다. 현재 cystic duct와 artery가 명확히 확인이 되고 있지 않으므로 injury를 최소화하기 위해 GB 에 가까이 저에너지로 세밀한 박리를 진행한다. 또한 cystic duct와 cystic artery를 박리, skeletonization 하여 CVS 를 확보한 뒤 안전하게 clipping 및 division을 시행한다. 만약 cystic structure들의 해부학적 구조가 불분명하다면 bailout procedure를 고려하거나 IOC/ICG등을 이용하여 구조물을 확인하고 안전하게 박리한다.",4,3,4,4,4,5,4,4,4
2025. 11. 30 오후 11:22:50,6,199028500,Task2,1,"이 프레임은 Calot 박리를 나타내며, cystic duct가 골격화되어 명확히 확인된다. cystic artery는 명확하게 확인되지 않아 CVS는 불완전하지만 BDI risk는 매우 낮다. 안전을 위해 삼각부의 추가 정리와 담낭판의 추가 박리를 진행하면 합병증 위험성이 더 낮아질 것이다.",2,2,4,4,2,3,,,
2025. 11. 30 오후 12:24:15,10,16904175,Task2,3,Calot’s triangle의 박리가 진행중이며 cystic duct와 cystic artery가 구분되나 후방창은 만들어지지 않아 완전한 골격화는 되지 않았다. 담낭측으로의 주의깊은 박리 및 세심한 지혈을 하면서 clipping 및 cut 전에 골격화를 완료하여야 BDI의 위험도를 낮출 수 있다.,3,3,3,3,4,3,,,
2025. 11. 30 오후 11:27:27,1,19108075,Task1,,GB는 mild inflammation이 있는 상태이고 현재 calot's triangle 박리가 진행 중이다. GB 하부는 liver bed로 부터 박리가 되어 있지 않으나 GB medial side의 peritoneum은 일부 open 되어 있는 상태이다. cystic artery와 cystic duct로 보여지는 구조물이 확인되고 있으나 완전히 skeletonization 되어 있진 않고 cystic artery와 cystic duct 사이의 posterior window가 막 확보되고 있는 상황이다. bleeding은 거의 없으며 bile leakage도 관찰되지 않는다. ,3,3,3,2,4,3,,,
2025. 11. 27 오전 11:34:45,7,16403450,Task1,,"CVS 확보 후 cystic artery의 clipping을 시행하고 있다. cystic duct는 명확히 식별되지 않으나 아래쪽으로 의심되는 구조물이 보이고 있다. 유착, CVS확보를 위한 박리과정에서의 불완전함, 출혈, 담즙 누출 소견은 보이지 않는다.",1,2,3,3,4,4,,,
2025. 11. 30 오후 11:36:00,6,196036525,Task1,, hepatocystic triangle은 부분적으로 정리되어 있고 염증으로 인해 비후해진 담낭은 liver bed에서 일부 분리되어 있다.  cystic duct는 골격화되어 clipping 중이며 cystic artery로 추정되는 구조물이 있으나 명확하지 않은 상태이다. ,3,4,4,4,3,3,,,
2025. 11. 30 오후 11:38:04,1,19108075,Task3,,GB 하부 1/3을 liver bed로 부터 완전히 박리하고 cystic artery와 cystic duct를 완전히 skeletonization하여 완전한 hepatocystic triangle을 박리하고 CVS를 확보한다. 이후 안전하게 cystic artery와 cystic duct를 clipping 및 division한다. 현재로써는 구조물들이 비교적 명확하게 보이고 있어 bail out procedure가 필요하지 않고 안전하고 성공적인 복강경적 수술로 완료될 것으로 생각된다. ,4,3,3,3,4,4,4,3,5
2025. 11. 27 오전 11:39:22,7,16403450,Task2,2,CVS 확보 후 cystic artery를 clipping하는 과정이며 cystic duct는 명확히 확인되지 않으나 의심되는 구조물이 일부 관찰된다. 담낭의 하부는 cystic artery와 clip instrument 에 가려져 있는 것처럼 보이며 clip instrument의 tip이 cystic artery 뒤쪽으로 명확히 나온 것으로 보아 CVS는 뒤쪽 구조물의 손상은 없을 것으로 보인다. cystic duct를 육안으로 확실히 확인 후 clipping 하는 것이 보다 안전하게 수술을 끝낼 수 있을 것으로 판단된다.  ,2,2,3,4,4,4,,,
2025. 11. 30 오후 11:39:56,10,201034800,Task3,,담낭의 염증 및 주위 조직의 출혈로 시야가 안전하지 않다면 IOC 또는 Bailout전략을 사용해야 한다. 현재 진행중인 후방박리를 완료한다면 복강경적 수술을 완료할 수 있다. ,4,4,4,3,4,4,3,4,4
2025. 11. 30 오전 2:16:42,6,16403450,Task2,4,"이 케이스는 calot's triangle 을 확인하는 단계로 cystic artery의 clipping 하는 중이다. cystic artery 외에 다른 특이 구조물은 명확히 확인되지 않은 상태로 CVS 를 확립하기 위해서는 GB의 lower border를 박리하고, GB와 liver bed를 분리하고, cystic duct를 확인하는 과정이 필요하다. 현재 상태에서는 BDI risk가 moderate-to-high 이다. ",2,3,5,4,4,3,,,
2025. 11. 27 오전 11:44:27,7,16403450,Task3,,담낭의 하부는 cystic artery와 clip instrument 에 가려져 있는 것처럼 보이며 clip instrument의 tip이 cystic artery 뒤쪽으로 명확히 나온 것으로 보아 CVS 뒤쪽 구조물의 손상은 없을 것으로 보인다. 하지만 현재 cystic duct과 확실하게 구분되지 않는 상태로 duct가 있을 것으로 예상되는 부위를 추가적으로 dissection 하여 cystic duct를 artery처럼 확보 후 clipping 하는 것이 좋을 것으로 판단된다. 현재 상황에서도 안전하게 복강경적 수술이 완료될 가능성이 높을 것으로 보이지만 cystic duct의 확실한 구분은 꼭 필요하다. ,2,3,3,4,3,3,4,4,4
2025. 11. 27 오전 12:44:35,7,16402700,Task1,,"hepatocystic triangle의 cystic duct와 cystic artery는 완벽하게 노출되었으며, 주변 soft tissue에서 미미한 출혈 또는 oozing을 보이고 있어 지혈이 필요할 수도 있다. 염증 등으로 인한 유착, 담즙 누출, pus는 관찰되지 않는다. ",3,2,5,5,4,3,,,
2025. 11. 30 오후 11:42:54,1,193028575,Task1,,GB는 경미한 염증소견을 보이고 있으며 현재 cystic duct는 완전히 skeletonization 되어있는 것으로 보여지나 cystic artery는 확인되지 않고 있다. 명확한 perforation 위치나 bile duct injury site가 관찰되지는 않으나 아래쪽에 gauze가 bile 에 staining이 된 것으로 보아 bile leakage가 있을 것으로 생각된다. active한 bleeding은 관찰되지 않는다. hepatocystic triangle은 박리되어 posterior window가 확보되어 있다. ,1,2,1,2,2,3,,,
2025. 11. 30 오후 11:46:45,6,197062475,Task1,,"hepatocystic triangle는 전반적으로 염증과 유착이 심한 상태로 담낭벽의 경계도 완전하게 구분되지 않는다. cystic duct와 artey가 각각 보이지만 완전히 골격화되지 않았고, cystic artery는 클립 결찰중이다. 담낭은 간에서 박리되지 않았다. ",2,3,2,4,4,4,,,
2025. 11. 30 오전 1:28:22,6,16402700,Task1,,cystic duct와 artery가 거의 다 정리되어 hepatocystic triangle 이 거의 명확하게 확인된다. 염증은 mild하며 소량의 oozing bleeding 이 있으나 심하지 않은 상태이다. 유착은 거의 없다. GB 와 liver 는 거의 분리되지 않아 담낭의 경계가 명확하지 않다,3,3,3,4,4,4,,,
2025. 11. 30 오후 11:52:52,1,193028575,Task2,3,cystic artery가 명확하게 관찰되지는 않으나 active bleeding이 없는 것으로 보아 division이 된 상태인 것으로 추측되고 cystic duct는 완전히 skeletonization 되어 있고 intact한 것으로 보아 injury는 없는 것으로 생각되며 posterior window가 확보되어 hepatocystic triangle이 완전히 박리되었고 CVS가 확보된 것으로 보여진다. 아래쪽 gauze가 bile에 상당부분 staining 되어 있는 것으로 보아 massive bile leakage가 있었던 것으로 생각되고 GB body 부분의 medial side의 pertioneum이 open 되어 있으면서 wall에 소작되어진 부분이 보이는 것으로 보아 이 부분이 GB perforation site가 아닐까 추측된다. ,1,2,2,3,2,4,,,
2025. 11. 27 오전 12:42:53,5,16402700,Task2,3,"이 증례는 cystic duct와 artery 가 노출되어 있으며, GB와 연결되어 있는 것이 확인된다. 다만 cystic duct 가 CBD 에서 기시하는 부위가 짧은 편으로 clipping 할 때 주의를 요한다. hilum 가까운 부위에 약간의 bleeding 흔적이 있으며 지혈이 필요할 가능성이 있다.",3,3,4,4,4,4,,,
2025. 11. 27 오전 11:28:12,7,16402700,Task3,,"현재 CVS는 어느 정도 확보된 상태로 보인다. cystic duct와 cystic artery의 후방에 있는 soft tissue들이 완벽히 dissection 되었는 지 육안으로 확인 후 cystic artery, cystic duct 순서로 clipping&division 한다. 복강경 담낭절제술이 매우 높은 확률로 안전하게 완료될 것으로 예상된다. ",3,3,4,5,3,3,3,4,3
2025. 11. 30 오후 11:55:46,1,193028575,Task3,,비록 GB perforation에 의한 massive bile leakage가 있었을 것으로 추측되어지나 CVS가 확보된 상태로 안전하게 cystic duct를 clipping 후 ligation할 수 있을 것으로 생각된다. cystic artery는 이미 안전하게 division이 되었을 것으로 생각되지만 division이 되지 않았거나  artery를 확인하지 못한 경우 bailout procedure를 고려해볼 수 있다. ,1,2,2,4,2,3,2,3,3
2025. 11. 27 오전 12:45:43,5,16402700,Task3,,hilum 주위 소작술이 필요해 보인다. 이 때는 주의를 요한다. cystic duct 가 CBD 에서 나오는 부위를 잘 확인 후 너무 가까워서 CBD가 좁아지지 않게 Clipping 을 해야 한다. cystic duct 를 clipping 하고 자른 후에 뒤쪽에서 나오는 cystic artery 를 ligation 하고 cystic plate 를 박리하면 큰 합병증 없는 복강경 담낭절제술이 된다. ,2,2,3,4,4,4,3,3,4
2025. 11. 27 오전 12:39:02,7,16401950,Task3,,"일부 oozing을 지혈하고 gall bladder의 traction을 보다 명확히 하여 cystic duct와 cystic artery를 차례로 결찰한다. 이후 infundibulum부터 gallbladder의 박리를 진행해 나간다. 현재 crtical view of safety가 이루어진 상태로 bail-out strategy로 전환될 가능성은 매우 낮고, 안전하게 laparoscopic cholecystectomy가 이루어질 가능성이 매우 높다. ",2,2,4,3,4,3,2,3,3
2025. 12. 1 오전 12:04:02,1,193046575,Task1,,GB는 mild inflammation으로 인해 wall이 두꺼워져 있고 전반적으로 cystic plate와 calot's triangle 주변 조직들은 fibrofatty change 되어 있다.   cystic artery와 cystic duct로 보여지는 구조물들은 skeletonization 되어 있으며 hepatocystic triangle은 완전히 박리 되어 CVS를 확보하고 있다. 다만 GB body 부터 bile이 stain 되어 있고 bipolar의 tip의 일부가 GB 안으로 들어가 있는 것으로 보아 GB가 perforation 되어 있는 것을 알 수 있다. 박리되어진 부분에는 oozing bleeding이 관찰된다. ,1,3,1,2,2,3,,,
2025. 12. 1 오전 12:03:19,6,199027000,Task1,,Calot’s triangle 이 부분적으로 박리되어 있어 cystic duct와 cystic artery가 부분적으로 노출되어 있으나 완전히 골격화되지는 않아 있다. 담낭 하부의 일부를 간에서 분리하고 있는 단계로 cystic plate가 일부 노출되었다.  아직까지 posterior window가 명확하게 형성되지 않았다. ,2,3,2,3,4,4,,,
2025. 12. 1 오전 12:05:41,6,199027000,Task2,2,"이 프레임은  Calot’s triangle의 중간 박리 상태를 보여주며 cystic artery와 cystic duct 가 일부 노출되어 있으나 완전히 박리된 것은 아니다. 또한 담낭 하부도 일부만 박리되어 CVS를 충족하지 않았다. 하지만 구조물이 어느 정도 확인되어 BDI risk는 낮고, 위험성을 줄이기 위해서는 추가적 박리로 CVS를 충족해야한다.",3,2,2,3,4,3,,,
2025. 12. 1 오전 12:08:39,6,199027000,Task3,,담낭 측의 세심한 박리를 시행하여 담낭관과 담낭동맥을 완전히 골격화한다. 후방 창을 형성하며 담낭의 하부 1/3을 간에서 박리하여 CVS를 확보한 후 주요 구조물을 클립 및 절단하면 합병증 발생 위험성이 매우 낮아질 것이다. ,4,2,4,3,3,3,2,3,4
2025. 12. 1 오전 12:09:05,1,193046575,Task3,,hepatocystic triangle이 완전히 박리된 상태로 CVS를 확보하고 있어 cystic artery와 cystic duct의 안전한 clipping 및 division이 가능할 것으로 생각된다. 다만 GB perforation으로 인한 massive bile leakage가 동반되어 있기 때문에 massive irrigation 혹은 bile을 gauze로 깨끗이 닦아내지 않는다면 수술 후 발열 및 infection의 risk가 높아질 것으로 생각된다.,2,2,2,3,2,3,3,3,3
2025. 12. 1 오전 12:13:29,6,195036650,Task1,," hepatocystic triangle은 부종과 염증 상태를 보이며, 담낭이 liver bed에서 일부 분리되어 cystic plate가 일부 노출되어 있다. 그 외 명확한 구조물은 확인되지 않는다. ",3,2,3,3,3,2,,,
2025. 12. 1 오전 12:13:43,1,193046575,Task2,2,grasper를 이용하여 GB의 hartmann's pouch를 잡아 lateral side로 traction하여 완전히 skeletonization 되어 있는 cystic artery와 cystic duct가 잘 보이고 있는 상태이며 GB의 하부 1/3또한 liver bed로 부터 완전한 박리가 이루어져 posterior window도 확보되어 hepatocystic triangle의 완전한 박리 및 CVS가 확보된 상태이다. 다만 inflammation으로 인해 GB와 liver bed 사이 조직이 fibrotic 하게 변한 것으로 보여지고 GB의 medial side를 biopolar를 이용하여 박리하던 과정에서 GB perforation이 된 것으로 추측된다. ,1,2,1,1,2,3,,,
2025. 12. 1 오전 12:16:13,6,195036650,Task2,4," Calot’s triangle의 초기 단계이며 담낭을 liver bed에서 일부 박리하여 cystic plate가 노출되어 있으나 그 외 구조물은 명확히 확인되지 않은 상태이다.  hepatocystic triangle은 확인되나 담낭 하부의 분리가 완전하지 않고, CVS가 충족되지 않아 BDI risk는 높은 상태이다. ",3,3,2,3,3,3,,,
2025. 12. 1 오전 12:19:10,1,194024675,Task1,,GB는 mild 한 inflammation 및 distension을 보이고 있고 hepatocystic triangle이 일부 박리되어 있는 상태이다. cystic duct는 완전하게 skeletonization 되어 있고 cystic artery로 보여지는 관상 구조물도 확인되나 완전한 박리가 이루어지지는 않은 상태이고 이에 대해 clipping이 시도되고 있다. GB의 하부 일부 liver bed로 부터 박리되어져 있으나 아직 많은 부분 부착되어 있다. Sulcus of Rouviere 및 Fissure of ligamentum teres가 관찰되고 있고 liver hilum에는 fat tissue가 매우 적어 CBD의 주행이 비교적 잘 관찰되고 있다.,3,4,4,3,3,4,,,
2025. 12. 1 오전 12:19:20,6,195036650,Task3,,전반적인 구조물의 확인을 위해 담낭 측에서의 조심스러운 박리로 anterior/posterior window의 확보가 필요하다. 그 뒤 추가적 박리로 cystic artery와 duct의 확인과 담낭 하부 1/3의 박리로 CVS를 충족하면 합병증 발생 위험을 낮출 수 있다. ,4,3,4,2,3,2,3,3,3
2025. 12. 1 오전 12:21:21,6,201046050,Task1,,Calot’s triangle이 확인되고 있으며 cystic duct와 cystic artery가 골격화되어 명확하게 확인된다. cystic artery는 clipping 중이며 posterior window가 형성되어 있다. 담낭은 일부 간에 붙어있는 상태이다. ,2,2,2,3,4,3,,,
2025. 12. 1 오전 12:25:58,1,194024675,Task2,1,Hepatocystic triangle이 거의 박리가 완료된 상태이나 cystic artery가 완전히 skeletonization 되지 않은 상황에서 clipping이 시도되어 지고 있다. cystic duct는 skeletonization 되어 있으며 cystic artery와 cystic duct 사이에 posterior window가 확보되어 있어 Calot's triangle은 완전 박리 된 상태로 duct injury 가능성은 매우 낮을 것으로 생각된다. 좀 더 확실한 CVS를 확보한 뒤 cystic 구조물들에 대한 clipping 및 division이 되어져야 한다. ,1,3,2,2,4,4,,,
2025. 11. 30 오후 3:25:42,9,16208825,Task3,,"간담낭 삼각의 박리를 더 진행하여 담낭동맥을 정확히 구분해야 한다. 동맥 구분에 어려움이 있다면, 간담낭 하부를 더 박리하여, 담낭혈관의 주행이 담낭으로 들어가는지 확인하는 방법이 있을 수 있겠다. ",3,3,5,4,4,4,3,5,4
2025. 11. 29 오후 5:23:08,8,16208825,Task3,,"추가적인 박리를 통해 간 박리면으로부터 담낭 저부를 명확히 분리시키고, 담낭으로 들어가는 구조가 오직 담낭관과 담낭 동맥인 것을 확인한다. 이를 통해 반드시 CVS 기준을 모두 충족 시킨 이후에 담낭 동맥과 담낭관을 클립하고 절단할 수 있도록 한다. (BDI 위험도를 낮추기 위해 CVS 기준 확보가 어려운 경우에는 IOC를 고려해 볼 수 있다.) 이후 기저부 분리를 완료하고 지혈을 확보한다. 예상 결과는 최소한의 출혈량과 낮은 위험도의 BID를 만족하는 복강경적 완료이다.",3,3,3,4,4,4,3,3,4
2025. 12. 1 오전 12:28:31,1,194024675,Task3,,"현재 clipping을 잠시 멈추고 GB 하부를 liver bed로 부터 추가적으로 박리하여 더욱 완전한 hepatocystic triangle의 박리를 진행하고 CVS를 확보한 뒤 안전하게 cystic artery를 clipping 후 division한다. cystic duct는 이미 완전히 skeletonization 되어 있어 안전하게 clipping, division이 가능할 것으로 생각된다. 수술은 큰 무리 없이 성공적인 복강경적 수술로 완료될 것으로 생각된다. ",4,4,4,4,4,3,3,3,4
2025. 12. 1 오전 12:33:16,1,195034400,Task1,,GB는 경미하게 hyperemic하고 매우 경미한 inflammation을 동반하고 있는 것으로 생각된다. hepatocystic triangle이 박리되어 있고 cystic duct로 보여지는 구조물은 완전히 skeletonization 되어 있으며 그 위로 cystic artery로 생각되는 구조물은 이미 clipping 후 division 되어 있으며 주변으로 약간의 oozing bleeding이 관찰된다. bile leakage는 관찰되지 않는다. ,1,2,2,3,3,2,,,
2025. 12. 1 오전 12:36:09,1,195034400,Task2,1,현재 cystic artery는 이미 clipping 후 division 되어 있는 상태이며 cystic duct는 완전히 skeletonization 되어 있고 GB 하부가 일부 liver bed로부터 박리 되어 posterior window가 확보되어 hepatocystic triangle이 완전 박리된 상태이다. cystic duct는 안전한 clipping 및 division이 가능한 상태로 박리되어 있다. ,1,2,2,3,2,3,,,
2025. 12. 1 오전 12:39:10,1,195034400,Task3,,현재 hepatocystic triangle이 완전히 박리된 상태이며 cystic artery 또한 division 되어 있는 상태로 CVS가 확보되어 있고 cystic duct를 clipping & division 시행하면 된다. ,2,4,2,4,2,3,3,3,4
2025. 11. 17 오후 2:25:48,4,16208075,Task2,2,담낭 경부가 일부 노출되었으나 cystic duct를 명확히 확인하기 위해서는 현재 박리되어있는 부분에서 위아래로 더 박리가 필요하다. calot triangle 내부의 구조물들을 피해 박리하여 cystic duct 와 artery를 isolation 해야한다. 현재 구조물이 명확히 보이는 상태로 BDI risk는 낮은편이다,2,1,3,3,4,4,,,
2025. 11. 17 오후 2:28:38,4,16208075,Task3,,"담낭 경부와 cystic duct, cystic artery의 구조물을 명확히 하기 위해 바릴 더 진행하고, 담낭 경부를 더 견인하여 CBD와의 거리 확보 및 BDI risk를 최소화 해야 한다. 출혈을 피하고 구조물만 명확히 확보한다면 합병증 없는 복강경 담낭 절제술이 될 것",3,3,4,4,4,4,2,4,3
2025. 12. 1 오전 12:59:46,1,196027525,Task3,,GB 하부는 이미 liver bed로 부터 완전 박리 되어 posterior window를 확보하였으므로 cystic artery와 cystic duct의 사이를 완전히 분리하여 각각을 skeletonization 시켜서 CVS를 완성한다. 이후 각각의 구조물에 대해 안전하게  clipping 및 division을 시행하고 bailout procedure를 고려할 필요 없이 안전하고 성공적인 복강경적 수술이 완료될 것으로 예상된다. ,3,4,3,3,3,3,3,3,4
2025. 12. 1 오전 1:16:25,1,200017875,Task1,,GB는 mild to moderate inflammation으로 인해 wall이 두꺼워져 있고 edematous한 상태이며 hepatocystic triangle이 부분적으로 정리되어 있으며 소량의 oozing bleeding 이 관찰되고 있다. 명확한 관상 구조물은 아직 보이지 않고 있으며 GB neck 근처로 작은 백색 결석 양상의 물체가 보이고 있다. bile leakage는 관찰되지 않는다. stomach의 pylorus가 liver hilum 근처까지 올라와 가리고 있어 CBD의 주행을 판단하기 어려운 상태이다. ,4,3,3,4,3,3,,,
2025. 12. 1 오전 1:12:19,1,200017875,Task2,4,GB의 medial side의 peritoneum이 일부 박리되어 있으나 불완전한 Calot's triangle dissection 이후 clipping을 진행하려고 하는 상태이다. 현재 cystic artery 및 cystic duct가 명확히 구분이 되지 않는 상태이며 GB의 하부 1/3도 liver bed에서 박리되지 않은 채 CVS가 확보되지 않은 상태로 clipping을 하는 것은 매우 위험하다. 특히 담낭 경부에 작은 결석이 확인되고 있어 더욱 주의를 요해야 하며 추가적인 박리가 필요하다. ,4,3,4,4,2,3,,,
2025. 12. 1 오전 1:21:32,1,200017875,Task3,,GB 하부를 liver bed로 부터 추가로 박리하고 hepatocystic triangle의 전면과 후면을 모두 박리하여 posterior window를 확보하며 쵼cystic artery와 cystic duct를 명확히 확인한 뒤 skeletonization 하여 CVS를 확보할 수 있도록 한다. 상기 과정을 진행 시에 현재 GB가 edematous하고 지속적인 oozing bleeding이 있어 명확한 구조물 확인이 어려울 수 있어 GB 쪽으로 붙여서 저에너지로 조심스럽게 박리해야 하며 그럼에도 불구하고 완전한 anatomy를 확인하지 못하게 될 경우 IOC나 ICG 등을 이용하여 duct의 anatomy를 확인하거나 bailout prodcedure 및 partial cholecystectomy를 시행하여 bile duct injury를 최소화할 수 있도록 해야 한다. cystic duct를 결찰하기 전에 GB neck 근처의 결석과 주변 조직은 잘 박리하여 duct가 intact한지 확인해보아야 한다. ,4,3,3,3,4,4,4,4,3
2025. 12. 1 오전 1:32:14,1,201034800,Task1,,GB는 moderate 이상의 inflammation으로 인해 wall이 두꺼워져 있고 Calot's triangle을 박리 중에 있는 것으로 관찰된다. 박리가 진행되는 부위 아래로 cystic duct로 보여지는 관상 구조물이 한 개 보이고 있으나 완전히 박리되지는 않은 상태고 주변 조직들은 inflammation으로 인해 fibrofatty change를 보이고 있다. cystic artery로 생각되는 GB 의 medial side를 타고 올라가는 관상 구조물이 하나 추가로 보이고 있으나 확실하지 않은 상황이다. GB 는 liver bed로 부터 박리 되지 않았다. Sulcus of Rouviere가 보이며 GB는 mild한 삼출물이 보이지만 bile leakage는 관찰되지 않는다. ,1,3,2,3,1,3,,,
2025. 12. 1 오전 1:39:46,1,201034800,Task2,4,초기 Calot's triangle 박리 과정을 보여주고 있다. grasper를 사용하여 GB neck을 잡고 lateral side로 traction하고 cystic duct로 생각되는 관상 구조물의 윗부분을 박리 중에 있다. cystic artery로 보여지는 명확한 구조물은 관찰되지 않고 있으나 hooked bovie의 우측으로 GB의 medial side를 따라서 올라가는 관상 구조물이 있어 추가적인 박리를 통해서 cystic artery 유무를 확인해야 할 것 같다. GB 하부 1/3은 박리되지 않은 채 liver bed에 부착되어 있다. 현재로써는 CVS를 확보하지 못하였기에 bile duct injury 위험성이 높다.,2,3,2,3,2,3,,,
2025. 12. 1 오전 1:45:07,1,201034800,Task3,,담낭 하부 1/3을 liver bed로부터 박리하고 hepatocystic triangle의 전면과 후면을 모두 조심스럽게 박리하여 posterior window를 확보한다. Calot's triangle도 추가로 박리하여 cystic artery와 cystic duct를 skeletonization하고 CVS를 확보하여 안전하게 cystic artery와 cystic duct를 clipping 및 division할 수 있게 한다. 하지만 심한 inflammation으로 인해 oozing bleeding이 지속되고 주변 조직들이 fibrofatty change를 동반하근 경우 명확한 cystic structures의 anatomy 확인이 어려울 수 있어 그런 경우에는 IOC/ICG를 사용하여 bile duct anatomy를 확인하거나 bailout procedure나 partial cholecystectomy를 시행하여 bile duct injury를 최소화할 수 있도록 한다.,4,4,4,3,4,3,3,4,3
2025. 12. 1 오후 1:03:28,3,17807825,Task1,,담낭은 염증 소견이 보이지 않으며 정상 간이 확인된다. Calot's' triangle 이 박리되어 있고 담낭담관이 골격화되어 있으며 클립이 적용되고 있다. 담낭동맥으로 추정되는 구조물이 보이고 출혈이나 담즙 누출은 확인되지 않는다.,2,4,4,4,4,4,,,
2025. 11. 28 오후 5:49:35,2,16206575,Task1,,mild inflammation mild edema calot 절반가량 박리 cystic duct로 의심되는 구조물 보임 artery 는 확실치 않음 담즙누출 없음,3,3,3,3,3,3,,,
2025. 12. 1 오후 1:05:18,3,17807825,Task3,,담낭담관의 클립핑을 진행 후 절단을 진행할 수 있다. 담낭하부의 견인을 통해 담낭동맥의 골격화와 CVS를 확인 후 클립/절단을 진행하고 적절한 지혈술 시행 후 안전하게 복강경 담낭절제술을 완료할 수 있다.,4,3,4,4,4,4,4,4,4
2025. 12. 1 오후 1:15:20,3,170057800,Task1,,담낭은 염증소견으로 보이고 있으며 섬유지방성 조직의 유착이 관찰된다. Calot's triangle의 장막 박리가 진행되고 있으며 담낭담관과 담낭동맥은 아직 구분되지 않는 단계이다. 담즙 누출은 확인되지 않고 삼출성 출혈이 소량 동반되고 있다.,4,4,4,4,3,4,,,